<bpy>
  <Theme>
    <user_interface>
      <ThemeUserInterface menu_shadow_fac="0.5"
                          menu_shadow_width="12"
                          icon_file=""
                          icon_alpha="1"
                          widget_emboss="#ffffff05"
                          axis_x="#dc0000"
                          axis_y="#00dc00"
                          axis_z="#0000dc">
        <wcol_regular>
          <ThemeWidgetColors outline="#171717"
                             inner="#2e2e2eff"
                             inner_sel="#181818ff"
                             item="#191919ff"
                             text="#c7c7c7"
                             text_sel="#c7c7c7"
                             show_shaded="TRUE"
                             shadetop="2"
                             shadedown="-1">
          </ThemeWidgetColors>
        </wcol_regular>
        <wcol_tool>
          <ThemeWidgetColors outline="#1a1a1a"
                             inner="#333333ff"
                             inner_sel="#a0a0a0ff"
                             item="#191919ff"
                             text="#c7c7c7"
                             text_sel="#000000"
                             show_shaded="TRUE"
                             shadetop="3"
                             shadedown="-3">
          </ThemeWidgetColors>
        </wcol_tool>
        <wcol_radio>
          <ThemeWidgetColors outline="#262626"
                             inner="#2e2e2eff"
                             inner_sel="#181818ff"
                             item="#191919ff"
                             text="#c7c7c7"
                             text_sel="#c7c7c7"
                             show_shaded="TRUE"
                             shadetop="2"
                             shadedown="-2">
          </ThemeWidgetColors>
        </wcol_radio>
        <wcol_text>
          <ThemeWidgetColors outline="#252525"
                             inner="#1c1c1cff"
                             inner_sel="#a0a0a0ff"
                             item="#ffb743ff"
                             text="#c7c7c7"
                             text_sel="#000000"
                             show_shaded="TRUE"
                             shadetop="0"
                             shadedown="-5">
          </ThemeWidgetColors>
        </wcol_text>
        <wcol_option>
          <ThemeWidgetColors outline="#2b2b2b"
                             inner="#1c1c1cff"
                             inner_sel="#1e1e1eff"
                             item="#ffffffff"
                             text="#c7c7c7"
                             text_sel="#c7c7c7"
                             show_shaded="TRUE"
                             shadetop="3"
                             shadedown="-3">
          </ThemeWidgetColors>
        </wcol_option>
        <wcol_toggle>
          <ThemeWidgetColors outline="#171717"
                             inner="#2e2e2eff"
                             inner_sel="#141414ff"
                             item="#191919ff"
                             text="#c7c7c7"
                             text_sel="#000000"
                             show_shaded="TRUE"
                             shadetop="1"
                             shadedown="-2">
          </ThemeWidgetColors>
        </wcol_toggle>
        <wcol_num>
          <ThemeWidgetColors outline="#252525"
                             inner="#1c1c1cff"
                             inner_sel="#a0a0a0ff"
                             item="#ffb743ff"
                             text="#ffb743"
                             text_sel="#000000"
                             show_shaded="TRUE"
                             shadetop="0"
                             shadedown="-3">
          </ThemeWidgetColors>
        </wcol_num>
        <wcol_numslider>
          <ThemeWidgetColors outline="#252525"
                             inner="#363636ff"
                             inner_sel="#ffb743b3"
                             item="#1c1c1cff"
                             text="#ffb743"
                             text_sel="#ffffff"
                             show_shaded="TRUE"
                             shadetop="0"
                             shadedown="-5">
          </ThemeWidgetColors>
        </wcol_numslider>
        <wcol_box>
          <ThemeWidgetColors outline="#252525"
                             inner="#191919ff"
                             inner_sel="#646464ff"
                             item="#191919ff"
                             text="#c7c7c7"
                             text_sel="#ffffff"
                             show_shaded="FALSE"
                             shadetop="0"
                             shadedown="-7">
          </ThemeWidgetColors>
        </wcol_box>
        <wcol_menu>
          <ThemeWidgetColors outline="#1a1a1a"
                             inner="#333333ff"
                             inner_sel="#222222ff"
                             item="#ffffffff"
                             text="#e4e4e4"
                             text_sel="#ffffff"
                             show_shaded="TRUE"
                             shadetop="3"
                             shadedown="-3">
          </ThemeWidgetColors>
        </wcol_menu>
        <wcol_pulldown>
          <ThemeWidgetColors outline="#252525"
                             inner="#424242ff"
                             inner_sel="#e0a03fff"
                             item="#ffffffff"
                             text="#c7c7c7"
                             text_sel="#000000"
                             show_shaded="TRUE"
                             shadetop="25"
                             shadedown="0">
          </ThemeWidgetColors>
        </wcol_pulldown>
        <wcol_menu_back>
          <ThemeWidgetColors outline="#000000"
                             inner="#262626ff"
                             inner_sel="#222222e6"
                             item="#303030ff"
                             text="#c7c7c7"
                             text_sel="#000000"
                             show_shaded="FALSE"
                             shadetop="25"
                             shadedown="-20">
          </ThemeWidgetColors>
        </wcol_menu_back>
        <wcol_pie_menu>
          <ThemeWidgetColors outline="#808080"
                             inner="#1c1c1cff"
                             inner_sel="#e0a03fff"
                             item="#eda63be6"
                             text="#e6e6e6"
                             text_sel="#000000"
                             show_shaded="TRUE"
                             shadetop="3"
                             shadedown="-3">
          </ThemeWidgetColors>
        </wcol_pie_menu>
        <wcol_tooltip>
          <ThemeWidgetColors outline="#333333"
                             inner="#d1d1d9ff"
                             inner_sel="#2d2d2de6"
                             item="#d1d1d9ff"
                             text="#000000"
                             text_sel="#000000"
                             show_shaded="TRUE"
                             shadetop="10"
                             shadedown="-10">
          </ThemeWidgetColors>
        </wcol_tooltip>
        <wcol_menu_item>
          <ThemeWidgetColors outline="#000000"
                             inner="#00000000"
                             inner_sel="#e0a03fff"
                             item="#ffffffff"
                             text="#c7c7c7"
                             text_sel="#000000"
                             show_shaded="TRUE"
                             shadetop="0"
                             shadedown="20">
          </ThemeWidgetColors>
        </wcol_menu_item>
        <wcol_scroll>
          <ThemeWidgetColors outline="#1b1b1b"
                             inner="#2c2c2cff"
                             inner_sel="#505050b4"
                             item="#303030ff"
                             text="#000000"
                             text_sel="#ffffff"
                             show_shaded="TRUE"
                             shadetop="2"
                             shadedown="-2">
          </ThemeWidgetColors>
        </wcol_scroll>
        <wcol_progress>
          <ThemeWidgetColors outline="#252525"
                             inner="#505050ff"
                             inner_sel="#eda63bb3"
                             item="#303030ff"
                             text="#000000"
                             text_sel="#ffffff"
                             show_shaded="TRUE"
                             shadetop="15"
                             shadedown="-25">
          </ThemeWidgetColors>
        </wcol_progress>
        <wcol_list_item>
          <ThemeWidgetColors outline="#000000"
                             inner="#00000000"
                             inner_sel="#e0a03fff"
                             item="#000000ff"
                             text="#c7c7c7"
                             text_sel="#000000"
                             show_shaded="TRUE"
                             shadetop="0"
                             shadedown="-10">
          </ThemeWidgetColors>
        </wcol_list_item>
        <wcol_state>
          <ThemeWidgetStateColors inner_anim="#339900"
                                  inner_anim_sel="#2b8000"
                                  inner_key="#999300"
                                  inner_key_sel="#666200"
                                  inner_driven="#b400ff"
                                  inner_driven_sel="#9900e6"
                                  blend="0.5">
          </ThemeWidgetStateColors>
        </wcol_state>
      </ThemeUserInterface>
    </user_interface>
    <view_3d>
      <ThemeView3D grid="#404040"
                   wire="#000000"
                   wire_edit="#000000"
                   gp_vertex="#000000"
                   gp_vertex_select="#ff8500"
                   gp_vertex_size="3"
                   lamp="#00000028"
                   speaker="#000000"
                   camera="#000000"
                   view_overlay="#000000"
                   empty="#000000"
                   object_selected="#ff8500"
                   object_active="#ffc280"
                   object_grouped="#083008"
                   object_grouped_active="#55bb55"
                   transform="#ffffff"
                   vertex="#657780"
                   vertex_select="#ff7c00"
                   vertex_size="3"
                   vertex_unreferenced="#000000"
                   edge_select="#cb7027"
                   edge_seam="#db2512"
                   edge_sharp="#00ffff"
                   edge_crease="#cc0099"
                   edge_facesel="#4b4b4b"
                   freestyle_edge_mark="#7fff7f"
                   face="#00000036"
                   face_select="#a47c5b73"
                   face_dot="#be6925"
                   facedot_size="3"
                   freestyle_face_mark="#7fff7f33"
                   nurb_uline="#909000"
                   nurb_vline="#803060"
                   nurb_sel_uline="#f0ff40"
                   nurb_sel_vline="#f090a0"
                   act_spline="#db2512"
                   handle_free="#000000"
                   handle_auto="#909000"
                   handle_vect="#409030"
                   handle_sel_vect="#40c030"
                   handle_align="#803060"
                   handle_sel_free="#000000"
                   handle_sel_auto="#f0ff40"
                   handle_sel_align="#f090a0"
                   lastsel_point="#ffffff"
                   extra_edge_len="#200000"
                   extra_edge_angle="#202000"
                   extra_face_angle="#000080"
                   extra_face_area="#002000"
                   editmesh_active="#ffffff80"
                   normal="#22dddd"
                   vertex_normal="#2361dd"
                   split_normal="#dd23dd"
                   bone_solid="#c8c8c8"
                   bone_pose="#50c8ff"
                   bone_pose_active="#8cffff"
                   frame_current="#60c040"
                   outline_width="1"
                   bundle_solid="#c8c8c8"
                   camera_path="#000000"
                   skin_root="#000000"
                   clipping_border_3d="#313131ff"
                   paint_curve_handle="#7fff7f7f"
                   paint_curve_pivot="#ff7f7f7f">
        <space>
          <ThemeSpaceGradient title="#000000"
                              text="#c7c7c7"
                              text_hi="#ffffff"
                              header="#2e2e2e"
                              header_text="#c7c7c7"
                              header_text_hi="#ffffff"
                              button="#262626ff"
                              button_title="#ffffff"
                              button_text="#c7c7c7"
                              button_text_hi="#ffffff"
                              tab_active="#262626"
                              tab_inactive="#1c1c1c"
                              tab_back="#1c1c1cff"
                              tab_outline="#242424">
            <gradients>
              <ThemeGradientColors show_grad="TRUE"
                                   gradient="#141414"
                                   high_gradient="#2e2e2e">
              </ThemeGradientColors>
            </gradients>
            <panelcolors>
              <ThemePanelColors header="#2e2e2e00"
                                back="#72727280"
                                show_header="TRUE"
                                show_back="FALSE">
              </ThemePanelColors>
            </panelcolors>
          </ThemeSpaceGradient>
        </space>
      </ThemeView3D>
    </view_3d>
    <graph_editor>
      <ThemeGraphEditor grid="#262626"
                        frame_current="#b30000"
                        window_sliders="#969696"
                        channels_region="#707070"
                        dopesheet_channel="#52606e"
                        dopesheet_subchannel="#545d66"
                        channel_group="#4f6549"
                        active_channels_group="#87b17d"
                        vertex="#000000"
                        vertex_select="#ff8500"
                        vertex_size="3"
                        vertex_unreferenced="#000000"
                        handle_free="#000000"
                        handle_auto="#909000"
                        handle_vect="#409030"
                        handle_sel_vect="#40c030"
                        handle_align="#803060"
                        handle_sel_free="#000000"
                        handle_sel_auto="#f0ff40"
                        handle_sel_align="#f090a0"
                        handle_auto_clamped="#994030"
                        handle_sel_auto_clamped="#f0af90"
                        lastsel_point="#ffffff"
                        handle_vertex="#000000"
                        handle_vertex_select="#ff8500"
                        handle_vertex_size="4">
        <space>
          <ThemeSpaceGeneric back="#1c1c1c"
                             title="#8b8b8b"
                             text="#ffffff"
                             text_hi="#ffffff"
                             header="#2e2e2e"
                             header_text="#000000"
                             header_text_hi="#ffffff"
                             button="#262626ff"
                             button_title="#ffffff"
                             button_text="#c7c7c7"
                             button_text_hi="#ffffff"
                             tab_active="#262626"
                             tab_inactive="#1c1c1c"
                             tab_back="#1c1c1cff"
                             tab_outline="#242424">
            <panelcolors>
              <ThemePanelColors header="#2e2e2e00"
                                back="#72727280"
                                show_header="TRUE"
                                show_back="FALSE">
              </ThemePanelColors>
            </panelcolors>
          </ThemeSpaceGeneric>
        </space>
        <space_list>
          <ThemeSpaceListGeneric list="#262626"
                                 list_title="#8b8b8b"
                                 list_text="#8b8b8b"
                                 list_text_hi="#ffffff">
          </ThemeSpaceListGeneric>
        </space_list>
      </ThemeGraphEditor>
    </graph_editor>
    <file_browser>
      <ThemeFileBrowser selected_file="#835d25"
                        scrollbar="#a0a0a0"
                        scroll_handle="#7f7070"
                        active_file="#828282"
                        active_file_text="#fafafa">
        <space>
          <ThemeSpaceGeneric back="#1f1f1f"
                             title="#8b8b8b"
                             text="#cacaca"
                             text_hi="#0f0f0f"
                             header="#2e2e2e"
                             header_text="#8b8b8b"
                             header_text_hi="#ffffff"
                             button="#262626ff"
                             button_title="#ffffff"
                             button_text="#c7c7c7"
                             button_text_hi="#ffffff"
                             tab_active="#262626"
                             tab_inactive="#1c1c1c"
                             tab_back="#1c1c1cff"
                             tab_outline="#242424">
            <panelcolors>
              <ThemePanelColors header="#2e2e2e00"
                                back="#72727280"
                                show_header="TRUE"
                                show_back="FALSE">
              </ThemePanelColors>
            </panelcolors>
          </ThemeSpaceGeneric>
        </space>
        <space_list>
          <ThemeSpaceListGeneric list="#262626"
                                 list_title="#8b8b8b"
                                 list_text="#8b8b8b"
                                 list_text_hi="#ffffff">
          </ThemeSpaceListGeneric>
        </space_list>
      </ThemeFileBrowser>
    </file_browser>
    <nla_editor>
      <ThemeNLAEditor grid="#262626"
                      view_sliders="#969696"
                      active_action="#cc701a66"
                      active_action_unset="#9987614d"
                      strips="#0c0a0a"
                      strips_selected="#ff8c00"
                      transition_strips="#1c2630"
                      transition_strips_selected="#2e75db"
                      meta_strips="#332642"
                      meta_strips_selected="#692196"
                      sound_strips="#2b3d3d"
                      sound_strips_selected="#1f7a7a"
                      tweak="#4df31a"
                      tweak_duplicate="#f28080"
                      keyframe_border="#000000ff"
                      keyframe_border_selected="#000000ff"
                      frame_current="#b30000">
        <space>
          <ThemeSpaceGeneric back="#1c1c1c"
                             title="#909090"
                             text="#ffffff"
                             text_hi="#ffffff"
                             header="#2e2e2e"
                             header_text="#000000"
                             header_text_hi="#ffffff"
                             button="#262626ff"
                             button_title="#ffffff"
                             button_text="#c7c7c7"
                             button_text_hi="#ffffff"
                             tab_active="#262626"
                             tab_inactive="#1c1c1c"
                             tab_back="#1c1c1cff"
                             tab_outline="#242424">
            <panelcolors>
              <ThemePanelColors header="#2e2e2e00"
                                back="#7e7e7eff"
                                show_header="TRUE"
                                show_back="FALSE">
              </ThemePanelColors>
            </panelcolors>
          </ThemeSpaceGeneric>
        </space>
        <space_list>
          <ThemeSpaceListGeneric list="#262626"
                                 list_title="#000000"
                                 list_text="#000000"
                                 list_text_hi="#ffffff">
          </ThemeSpaceListGeneric>
        </space_list>
      </ThemeNLAEditor>
    </nla_editor>
    <dopesheet_editor>
      <ThemeDopeSheet grid="#272727"
                      frame_current="#b30000"
                      value_sliders="#000000"
                      view_sliders="#969696"
                      dopesheet_channel="#52606e"
                      dopesheet_subchannel="#7c8996"
                      channels="#707070"
                      channels_selected="#60c040"
                      channel_group="#4f6549"
                      active_channels_group="#87b17d"
                      long_key="#0c0a0a"
                      long_key_selected="#ff8c00"
                      keyframe="#e8e8e8"
                      keyframe_selected="#ffbe32"
                      keyframe_extreme="#e8b3cc"
                      keyframe_extreme_selected="#f28080"
                      keyframe_breakdown="#b3dbe8"
                      keyframe_breakdown_selected="#54bfed"
                      keyframe_jitter="#94e575"
                      keyframe_jitter_selected="#61c042"
                      keyframe_border="#000000ff"
                      keyframe_border_selected="#000000ff"
                      summary="#cc701a40">
        <space>
          <ThemeSpaceGeneric back="#1c1c1c"
                             title="#000000"
                             text="#ffffff"
                             text_hi="#ffffff"
                             header="#2e2e2e"
                             header_text="#000000"
                             header_text_hi="#ffffff"
                             button="#262626ff"
                             button_title="#ffffff"
                             button_text="#c7c7c7"
                             button_text_hi="#ffffff"
                             tab_active="#262626"
                             tab_inactive="#1c1c1c"
                             tab_back="#1c1c1cff"
                             tab_outline="#242424">
            <panelcolors>
              <ThemePanelColors header="#2e2e2e00"
                                back="#72727280"
                                show_header="TRUE"
                                show_back="FALSE">
              </ThemePanelColors>
            </panelcolors>
          </ThemeSpaceGeneric>
        </space>
        <space_list>
          <ThemeSpaceListGeneric list="#262626"
                                 list_title="#000000"
                                 list_text="#000000"
                                 list_text_hi="#ffffff">
          </ThemeSpaceListGeneric>
        </space_list>
      </ThemeDopeSheet>
    </dopesheet_editor>
    <image_editor>
      <ThemeImageEditor gp_vertex="#000000"
                        gp_vertex_select="#ff8500"
                        gp_vertex_size="3"
                        vertex="#32adec"
                        vertex_select="#be6925"
                        vertex_size="3"
                        vertex_unreferenced="#000000"
                        face="#a47c5b0a"
                        face_select="#a47c5b3c"
                        face_dot="#ffffff"
                        facedot_size="3"
                        freestyle_face_mark="#7fff7f33"
                        editmesh_active="#ffffff80"
                        wire_edit="#c0c0c0"
                        edge_select="#ff8500"
                        scope_back="#303030ff"
                        preview_stitch_face="#1242b026"
                        preview_stitch_edge="#ff8500b2"
                        preview_stitch_vert="#ff85007f"
                        preview_stitch_stitchable="#00ff00ff"
                        preview_stitch_unstitchable="#ff0000ff"
                        preview_stitch_active="#e1d2c323"
                        uv_shadow="#707070ff"
                        uv_others="#606060ff"
                        frame_current="#60c040"
                        metadatabg="#000000"
                        metadatatext="#ffffff"
                        handle_free="#000000"
                        handle_auto="#909000"
                        handle_align="#803060"
                        handle_sel_free="#000000"
                        handle_sel_auto="#f0ff40"
                        handle_sel_align="#f090a0"
                        handle_auto_clamped="#000000"
                        handle_sel_auto_clamped="#000000"
                        handle_vertex="#000000"
                        handle_vertex_select="#ffff00"
                        handle_vertex_size="5"
                        paint_curve_handle="#7fff7f7f"
                        paint_curve_pivot="#ff7f7f7f">
        <space>
          <ThemeSpaceGeneric back="#1c1c1c"
                             title="#8b8b8b"
                             text="#8b8b8b"
                             text_hi="#ffffff"
                             header="#2e2e2e"
                             header_text="#000000"
                             header_text_hi="#ffffff"
                             button="#262626ff"
                             button_title="#ffffff"
                             button_text="#c7c7c7"
                             button_text_hi="#ffffff"
                             tab_active="#262626"
                             tab_inactive="#1c1c1c"
                             tab_back="#1c1c1cff"
                             tab_outline="#242424">
            <panelcolors>
              <ThemePanelColors header="#2e2e2e00"
                                back="#72727280"
                                show_header="TRUE"
                                show_back="FALSE">
              </ThemePanelColors>
            </panelcolors>
          </ThemeSpaceGeneric>
        </space>
      </ThemeImageEditor>
    </image_editor>
    <sequence_editor>
      <ThemeSequenceEditor gp_vertex="#000000"
                           gp_vertex_select="#ff8500"
                           gp_vertex_size="3"
                           grid="#343434"
                           window_sliders="#a0a0a0"
                           movie_strip="#516987"
                           movieclip_strip="#20208f"
                           image_strip="#6d5881"
                           scene_strip="#4e983e"
                           audio_strip="#2e8f8f"
                           effect_strip="#a9547c"
                           transition_strip="#a25f6f"
                           meta_strip="#6d9183"
                           frame_current="#b30000"
                           keyframe="#ff8500"
                           draw_action="#50c8ff"
                           preview_back="#000000"
                           metadatabg="#000000"
                           metadatatext="#ffffff">
        <space>
          <ThemeSpaceGeneric back="#292929"
                             title="#8b8b8b"
                             text="#ffffff"
                             text_hi="#ffffff"
                             header="#2e2e2e"
                             header_text="#000000"
                             header_text_hi="#ffffff"
                             button="#262626ff"
                             button_title="#ffffff"
                             button_text="#c7c7c7"
                             button_text_hi="#ffffff"
                             tab_active="#262626"
                             tab_inactive="#1c1c1c"
                             tab_back="#1c1c1cff"
                             tab_outline="#242424">
            <panelcolors>
              <ThemePanelColors header="#27272700"
                                back="#72727280"
                                show_header="TRUE"
                                show_back="FALSE">
              </ThemePanelColors>
            </panelcolors>
          </ThemeSpaceGeneric>
        </space>
      </ThemeSequenceEditor>
    </sequence_editor>
    <properties>
      <ThemeProperties>
        <space>
          <ThemeSpaceGeneric back="#262626"
                             title="#ffffff"
                             text="#b8b8b8"
                             text_hi="#ffffff"
                             header="#2e2e2e"
                             header_text="#000000"
                             header_text_hi="#ffffff"
                             button="#343434ff"
                             button_title="#ffffff"
                             button_text="#c7c7c7"
                             button_text_hi="#ffffff"
                             tab_active="#262626"
                             tab_inactive="#1c1c1c"
                             tab_back="#1c1c1cff"
                             tab_outline="#242424">
            <panelcolors>
              <ThemePanelColors header="#2e2e2e00"
                                back="#2e2e2eff"
                                show_header="TRUE"
                                show_back="FALSE">
              </ThemePanelColors>
            </panelcolors>
          </ThemeSpaceGeneric>
        </space>
      </ThemeProperties>
    </properties>
    <text_editor>
      <ThemeTextEditor line_numbers_background="#2e2e2e"
                       selected_text="#4e4e8f"
                       cursor="#8b8bff"
                       syntax_builtin="#808bed"
                       syntax_symbols="#4c4c4c"
                       syntax_special="#c080d0"
                       syntax_preprocessor="#409090"
                       syntax_reserved="#8c3c00"
                       syntax_comment="#eda63b"
                       syntax_string="#ffcd8b"
                       syntax_numbers="#f0ad6d">
        <space>
          <ThemeSpaceGeneric back="#1c1c1c"
                             title="#8b8b8b"
                             text="#c7c7c7"
                             text_hi="#ffffff"
                             header="#2e2e2e"
                             header_text="#000000"
                             header_text_hi="#ffffff"
                             button="#262626ff"
                             button_title="#ffffff"
                             button_text="#c7c7c7"
                             button_text_hi="#ffffff"
                             tab_active="#262626"
                             tab_inactive="#1c1c1c"
                             tab_back="#1c1c1cff"
                             tab_outline="#242424">
            <panelcolors>
              <ThemePanelColors header="#2e2e2e00"
                                back="#72727280"
                                show_header="TRUE"
                                show_back="FALSE">
              </ThemePanelColors>
            </panelcolors>
          </ThemeSpaceGeneric>
        </space>
      </ThemeTextEditor>
    </text_editor>
    <timeline>
      <ThemeTimeline grid="#262626"
                     frame_current="#b30000"
                     time_keyframe="#ddd700"
                     time_grease_pencil="#b5e61d">
        <space>
          <ThemeSpaceGeneric back="#1c1c1c"
                             title="#000000"
                             text="#c7c7c7"
                             text_hi="#ffffff"
                             header="#2e2e2e"
                             header_text="#c7c7c7"
                             header_text_hi="#ffffff"
                             button="#262626ff"
                             button_title="#ffffff"
                             button_text="#c7c7c7"
                             button_text_hi="#ffffff"
                             tab_active="#262626"
                             tab_inactive="#1c1c1c"
                             tab_back="#1c1c1cff"
                             tab_outline="#242424">
            <panelcolors>
              <ThemePanelColors header="#2e2e2eff"
                                back="#72727280"
                                show_header="TRUE"
                                show_back="FALSE">
              </ThemePanelColors>
            </panelcolors>
          </ThemeSpaceGeneric>
        </space>
      </ThemeTimeline>
    </timeline>
    <node_editor>
      <ThemeNodeEditor gp_vertex="#000000"
                       gp_vertex_select="#ff8500"
                       gp_vertex_size="3"
                       node_selected="#ffffff"
                       node_active="#ffffff"
                       wire="#000000"
                       wire_inner="#737373"
                       wire_select="#ffffff"
                       selected_text="#7f7070"
                       node_backdrop="#9b9b9ba0"
                       converter_node="#575675"
                       color_node="#2c6f6f"
                       group_node="#1e7524"
                       group_socket_node="#dfca35"
                       frame_node="#9a9b9ba0"
                       matte_node="#977474"
                       distor_node="#749797"
                       noodle_curving="5"
                       input_node="#e08706"
                       output_node="#e08706"
                       filter_node="#2c6f6f"
                       vector_node="#2c6f6f"
                       texture_node="#2c6f6f"
                       shader_node="#2c6f6f"
                       script_node="#2c6f6f"
                       pattern_node="#2c6f6f"
                       layout_node="#2c6f6f">
        <space>
          <ThemeSpaceGeneric back="#1c1c1c"
                             title="#8b8b8b"
                             text="#dbdbdb"
                             text_hi="#ffffff"
                             header="#2e2e2e"
                             header_text="#000000"
                             header_text_hi="#ffffff"
                             button="#262626ff"
                             button_title="#ffffff"
                             button_text="#c7c7c7"
                             button_text_hi="#ffffff"
                             tab_active="#262626"
                             tab_inactive="#1c1c1c"
                             tab_back="#1c1c1cff"
                             tab_outline="#242424">
            <panelcolors>
              <ThemePanelColors header="#2e2e2e00"
                                back="#72727280"
                                show_header="TRUE"
                                show_back="FALSE">
              </ThemePanelColors>
            </panelcolors>
          </ThemeSpaceGeneric>
        </space>
        <space_list>
          <ThemeSpaceListGeneric list="#a5a5a5"
                                 list_title="#000000"
                                 list_text="#000000"
                                 list_text_hi="#ffffff">
          </ThemeSpaceListGeneric>
        </space_list>
      </ThemeNodeEditor>
    </node_editor>
    <logic_editor>
      <ThemeLogicEditor>
        <space>
          <ThemeSpaceGeneric back="#1c1c1c"
                             title="#000000"
                             text="#000000"
                             text_hi="#ffffff"
                             header="#2e2e2e"
                             header_text="#000000"
                             header_text_hi="#ffffff"
                             button="#262626ff"
                             button_title="#ffffff"
                             button_text="#c7c7c7"
                             button_text_hi="#ffffff"
                             tab_active="#262626"
                             tab_inactive="#1c1c1c"
                             tab_back="#1c1c1cff"
                             tab_outline="#242424">
            <panelcolors>
              <ThemePanelColors header="#2e2e2e00"
                                back="#72727280"
                                show_header="TRUE"
                                show_back="FALSE">
              </ThemePanelColors>
            </panelcolors>
          </ThemeSpaceGeneric>
        </space>
      </ThemeLogicEditor>
    </logic_editor>
    <outliner>
      <ThemeOutliner match="#337f33"
                     selected_highlight="#564018">
        <space>
          <ThemeSpaceGeneric back="#1f1f1f"
                             title="#000000"
                             text="#c7c7c7"
                             text_hi="#ffb743"
                             header="#2e2e2e"
                             header_text="#000000"
                             header_text_hi="#ffffff"
                             button="#343434ff"
                             button_title="#ffffff"
                             button_text="#000000"
                             button_text_hi="#ffffff"
                             tab_active="#262626"
                             tab_inactive="#1c1c1c"
                             tab_back="#1c1c1cff"
                             tab_outline="#242424">
            <panelcolors>
              <ThemePanelColors header="#2e2e2eff"
                                back="#72727280"
                                show_header="TRUE"
                                show_back="FALSE">
              </ThemePanelColors>
            </panelcolors>
          </ThemeSpaceGeneric>
        </space>
      </ThemeOutliner>
    </outliner>
    <info>
      <ThemeInfo info_selected="#6080ff"
                 info_selected_text="#ffffff"
                 info_error="#dc0000"
                 info_error_text="#ffffff"
                 info_warning="#dc8060"
                 info_warning_text="#ffffff"
                 info_info="#00aa00"
                 info_info_text="#ffffff"
                 info_debug="#c4c4c4"
                 info_debug_text="#ffffff">
        <space>
          <ThemeSpaceGeneric back="#1c1c1c"
                             title="#000000"
                             text="#c7c7c7"
                             text_hi="#000000"
                             header="#2e2e2e"
                             header_text="#666666"
                             header_text_hi="#ffffff"
                             button="#262626ff"
                             button_title="#ffffff"
                             button_text="#c7c7c7"
                             button_text_hi="#ffffff"
                             tab_active="#262626"
                             tab_inactive="#1c1c1c"
                             tab_back="#1c1c1cff"
                             tab_outline="#242424">
            <panelcolors>
              <ThemePanelColors header="#26262600"
                                back="#72727280"
                                show_header="TRUE"
                                show_back="FALSE">
              </ThemePanelColors>
            </panelcolors>
          </ThemeSpaceGeneric>
        </space>
      </ThemeInfo>
    </info>
    <user_preferences>
      <ThemeUserPreferences>
        <space>
          <ThemeSpaceGeneric back="#262626"
                             title="#ffffff"
                             text="#b8b8b8"
                             text_hi="#ffffff"
                             header="#2e2e2e"
                             header_text="#ffffff"
                             header_text_hi="#ffffff"
                             button="#262626ff"
                             button_title="#ffffff"
                             button_text="#c7c7c7"
                             button_text_hi="#ffffff"
                             tab_active="#262626"
                             tab_inactive="#1c1c1c"
                             tab_back="#1c1c1cff"
                             tab_outline="#242424">
            <panelcolors>
              <ThemePanelColors header="#2e2e2e00"
                                back="#72727280"
                                show_header="TRUE"
                                show_back="FALSE">
              </ThemePanelColors>
            </panelcolors>
          </ThemeSpaceGeneric>
        </space>
      </ThemeUserPreferences>
    </user_preferences>
    <console>
      <ThemeConsole line_output="#b8b8b8"
                    line_input="#ffffff"
                    line_info="#00aa00"
                    line_error="#dc6060"
                    cursor="#dc6060"
                    select="#4e4e8f80">
        <space>
          <ThemeSpaceGeneric back="#1c1c1c"
                             title="#000000"
                             text="#000000"
                             text_hi="#ffffff"
                             header="#2e2e2e"
                             header_text="#000000"
                             header_text_hi="#ffffff"
                             button="#262626ff"
                             button_title="#ffffff"
                             button_text="#c7c7c7"
                             button_text_hi="#ffffff"
                             tab_active="#262626"
                             tab_inactive="#1c1c1c"
                             tab_back="#1c1c1cff"
                             tab_outline="#242424">
            <panelcolors>
              <ThemePanelColors header="#27272700"
                                back="#72727280"
                                show_header="TRUE"
                                show_back="FALSE">
              </ThemePanelColors>
            </panelcolors>
          </ThemeSpaceGeneric>
        </space>
      </ThemeConsole>
    </console>
    <clip_editor>
      <ThemeClipEditor gp_vertex="#000000"
                       gp_vertex_select="#000000"
                       gp_vertex_size="1"
                       marker_outline="#000000"
                       marker="#7f7f00"
                       active_marker="#ffffff"
                       selected_marker="#ffff00"
                       disabled_marker="#7f0000"
                       locked_marker="#7f7f7f"
                       path_before="#ff0000"
                       path_after="#0000ff"
                       frame_current="#60c040"
                       strips="#0c0a0a"
                       strips_selected="#ff8c00"
                       handle_free="#000000"
                       handle_auto="#909000"
                       handle_align="#803060"
                       handle_sel_free="#000000"
                       handle_sel_auto="#f0ff40"
                       handle_sel_align="#f090a0"
                       handle_auto_clamped="#000000"
                       handle_sel_auto_clamped="#000000"
                       handle_vertex="#000000"
                       handle_vertex_select="#ffff00"
                       handle_vertex_size="4">
        <space>
          <ThemeSpaceGeneric back="#1c1c1c"
                             title="#000000"
                             text="#000000"
                             text_hi="#ffffff"
                             header="#2e2e2e"
                             header_text="#000000"
                             header_text_hi="#ffffff"
                             button="#262626ff"
                             button_title="#ffffff"
                             button_text="#c7c7c7"
                             button_text_hi="#ffffff"
                             tab_active="#262626"
                             tab_inactive="#1c1c1c"
                             tab_back="#1c1c1cff"
                             tab_outline="#242424">
            <panelcolors>
              <ThemePanelColors header="#2e2e2eff"
                                back="#72727280"
                                show_header="FALSE"
                                show_back="FALSE">
              </ThemePanelColors>
            </panelcolors>
          </ThemeSpaceGeneric>
        </space>
        <space_list>
          <ThemeSpaceListGeneric list="#666666"
                                 list_title="#000000"
                                 list_text="#000000"
                                 list_text_hi="#ffffff">
          </ThemeSpaceListGeneric>
        </space_list>
      </ThemeClipEditor>
    </clip_editor>
    <bone_color_sets>
      <ThemeBoneColorSet normal="#9a0000"
                         select="#bd1111"
                         active="#f70a0a"
                         show_colored_constraints="FALSE">
      </ThemeBoneColorSet>
      <ThemeBoneColorSet normal="#f74018"
                         select="#f66913"
                         active="#fa9900"
                         show_colored_constraints="FALSE">
      </ThemeBoneColorSet>
      <ThemeBoneColorSet normal="#1e9109"
                         select="#59b70b"
                         active="#83ef1d"
                         show_colored_constraints="FALSE">
      </ThemeBoneColorSet>
      <ThemeBoneColorSet normal="#0a3694"
                         select="#3667df"
                         active="#5ec1ef"
                         show_colored_constraints="FALSE">
      </ThemeBoneColorSet>
      <ThemeBoneColorSet normal="#a9294e"
                         select="#c1416a"
                         active="#f05d91"
                         show_colored_constraints="FALSE">
      </ThemeBoneColorSet>
      <ThemeBoneColorSet normal="#430c78"
                         select="#543aa3"
                         active="#8764d5"
                         show_colored_constraints="FALSE">
      </ThemeBoneColorSet>
      <ThemeBoneColorSet normal="#24785a"
                         select="#3c9579"
                         active="#6fb6ab"
                         show_colored_constraints="FALSE">
      </ThemeBoneColorSet>
      <ThemeBoneColorSet normal="#4b707c"
                         select="#6a8691"
                         active="#9bc2cd"
                         show_colored_constraints="FALSE">
      </ThemeBoneColorSet>
      <ThemeBoneColorSet normal="#f4c90c"
                         select="#eec236"
                         active="#f3ff00"
                         show_colored_constraints="FALSE">
      </ThemeBoneColorSet>
      <ThemeBoneColorSet normal="#1e2024"
                         select="#484c56"
                         active="#ffffff"
                         show_colored_constraints="FALSE">
      </ThemeBoneColorSet>
      <ThemeBoneColorSet normal="#6f2f6a"
                         select="#9845be"
                         active="#d330d6"
                         show_colored_constraints="FALSE">
      </ThemeBoneColorSet>
      <ThemeBoneColorSet normal="#6c8e22"
                         select="#7fb022"
                         active="#bbef5b"
                         show_colored_constraints="FALSE">
      </ThemeBoneColorSet>
      <ThemeBoneColorSet normal="#8d8d8d"
                         select="#b0b0b0"
                         active="#dedede"
                         show_colored_constraints="FALSE">
      </ThemeBoneColorSet>
      <ThemeBoneColorSet normal="#834326"
                         select="#8b5811"
                         active="#bd6a11"
                         show_colored_constraints="FALSE">
      </ThemeBoneColorSet>
      <ThemeBoneColorSet normal="#08310e"
                         select="#1c430b"
                         active="#34622b"
                         show_colored_constraints="FALSE">
      </ThemeBoneColorSet>
      <ThemeBoneColorSet normal="#000000"
                         select="#000000"
                         active="#000000"
                         show_colored_constraints="FALSE">
      </ThemeBoneColorSet>
      <ThemeBoneColorSet normal="#000000"
                         select="#000000"
                         active="#000000"
                         show_colored_constraints="FALSE">
      </ThemeBoneColorSet>
      <ThemeBoneColorSet normal="#000000"
                         select="#000000"
                         active="#000000"
                         show_colored_constraints="FALSE">
      </ThemeBoneColorSet>
      <ThemeBoneColorSet normal="#000000"
                         select="#000000"
                         active="#000000"
                         show_colored_constraints="FALSE">
      </ThemeBoneColorSet>
      <ThemeBoneColorSet normal="#000000"
                         select="#000000"
                         active="#000000"
                         show_colored_constraints="FALSE">
      </ThemeBoneColorSet>
    </bone_color_sets>
  </Theme>
  <ThemeStyle>
    <panel_title>
      <ThemeFontStyle points="11"
                      font_kerning_style="FITTED"
                      shadow="2"
                      shadow_offset_x="2"
                      shadow_offset_y="-2"
                      shadow_alpha="1"
                      shadow_value="0">
      </ThemeFontStyle>
    </panel_title>
    <widget_label>
      <ThemeFontStyle points="11"
                      font_kerning_style="FITTED"
                      shadow="0"
                      shadow_offset_x="0"
                      shadow_offset_y="0"
                      shadow_alpha="0"
                      shadow_value="0">
      </ThemeFontStyle>
    </widget_label>
    <widget>
      <ThemeFontStyle points="11"
                      font_kerning_style="FITTED"
                      shadow="0"
                      shadow_offset_x="0"
                      shadow_offset_y="0"
                      shadow_alpha="0"
                      shadow_value="0">
      </ThemeFontStyle>
    </widget>
  </ThemeStyle>
</bpy>
