<bpy>
  <Theme>
    <user_interface>
      <ThemeUserInterface menu_shadow_fac="0.3"
                          menu_shadow_width="6"
                          icon_file=""
                          icon_alpha="1"
                          icon_saturation="0.3"
                          widget_emboss="#00000009"
                          editor_outline="#1c1f20"
                          axis_x="#e10000"
                          axis_y="#00de00"
                          axis_z="#0000e8"
                          gizmo_hi="#ffffff"
                          gizmo_primary="#f5f14d"
                          gizmo_secondary="#63ffff"
                          gizmo_a="#4da84d"
                          gizmo_b="#a33535"
                          icon_collection="#e6e6e6ff"
                          icon_object="#e49759ff"
                          icon_object_data="#89e689ff"
                          icon_modifier="#84b8ffff"
                          icon_shading="#ff6060ff">
        <wcol_regular>
          <ThemeWidgetColors outline="#1b1f20"
                             inner="#3e4547ff"
                             inner_sel="#215d9cff"
                             item="#25292bff"
                             text="#d1d1d1"
                             text_sel="#ffffff"
                             show_shaded="FALSE"
                             shadetop="5"
                             shadedown="0"
                             roundness="0.3">
          </ThemeWidgetColors>
        </wcol_regular>
        <wcol_tool>
          <ThemeWidgetColors outline="#1b1f20"
                             inner="#25292bff"
                             inner_sel="#232729ff"
                             item="#191919ff"
                             text="#d1d1d1"
                             text_sel="#ffffff"
                             show_shaded="TRUE"
                             shadetop="8"
                             shadedown="0"
                             roundness="0.3">
          </ThemeWidgetColors>
        </wcol_tool>
        <wcol_toolbar_item>
          <ThemeWidgetColors outline="#1b1f20"
                             inner="#353c3dff"
                             inner_sel="#29598aff"
                             item="#000000ff"
                             text="#ffffff"
                             text_sel="#ffffff"
                             show_shaded="TRUE"
                             shadetop="10"
                             shadedown="0"
                             roundness="0.3">
          </ThemeWidgetColors>
        </wcol_toolbar_item>
        <wcol_radio>
          <ThemeWidgetColors outline="#1b1f20"
                             inner="#25292bff"
                             inner_sel="#29598aff"
                             item="#ffffffff"
                             text="#d1d1d1"
                             text_sel="#ffffff"
                             show_shaded="TRUE"
                             shadetop="8"
                             shadedown="0"
                             roundness="0.3">
          </ThemeWidgetColors>
        </wcol_radio>
        <wcol_text>
          <ThemeWidgetColors outline="#1b1f20"
                             inner="#232729ff"
                             inner_sel="#33393bff"
                             item="#215d9cff"
                             text="#e3e3e3"
                             text_sel="#ffffff"
                             show_shaded="FALSE"
                             shadetop="-8"
                             shadedown="0"
                             roundness="0.3">
          </ThemeWidgetColors>
        </wcol_text>
        <wcol_option>
          <ThemeWidgetColors outline="#121314"
                             inner="#262a2cff"
                             inner_sel="#1f2325ff"
                             item="#f5f5f5ff"
                             text="#b8b8b8"
                             text_sel="#ffffff"
                             show_shaded="TRUE"
                             shadetop="10"
                             shadedown="-2"
                             roundness="0.3">
          </ThemeWidgetColors>
        </wcol_option>
        <wcol_toggle>
          <ThemeWidgetColors outline="#1b1f20"
                             inner="#262a2cff"
                             inner_sel="#1d2123ff"
                             item="#191919ff"
                             text="#b8b8b8"
                             text_sel="#ffffff"
                             show_shaded="TRUE"
                             shadetop="10"
                             shadedown="0"
                             roundness="0.3">
          </ThemeWidgetColors>
        </wcol_toggle>
        <wcol_num>
          <ThemeWidgetColors outline="#1b1f20"
                             inner="#232729ff"
                             inner_sel="#1d2123ff"
                             item="#232729ff"
                             text="#c3c3c3"
                             text_sel="#ffffff"
                             show_shaded="TRUE"
                             shadetop="0"
                             shadedown="0"
                             roundness="0.3">
          </ThemeWidgetColors>
        </wcol_num>
        <wcol_numslider>
          <ThemeWidgetColors outline="#1b1f20"
                             inner="#272c2dff"
                             inner_sel="#272c2dff"
                             item="#2c5c8dff"
                             text="#c3c3c3"
                             text_sel="#ffffff"
                             show_shaded="TRUE"
                             shadetop="-5"
                             shadedown="0"
                             roundness="0.3">
          </ThemeWidgetColors>
        </wcol_numslider>
        <wcol_box>
          <ThemeWidgetColors outline="#1b1f20"
                             inner="#41484aff"
                             inner_sel="#33393bff"
                             item="#25292bff"
                             text="#bfbfbf"
                             text_sel="#ffffff"
                             show_shaded="TRUE"
                             shadetop="-2"
                             shadedown="0"
                             roundness="0.3">
          </ThemeWidgetColors>
        </wcol_box>
        <wcol_menu>
          <ThemeWidgetColors outline="#1b1f20"
                             inner="#25292bff"
                             inner_sel="#25292bff"
                             item="#7a7a7aff"
                             text="#b8b8b8"
                             text_sel="#535353"
                             show_shaded="TRUE"
                             shadetop="5"
                             shadedown="0"
                             roundness="0.3">
          </ThemeWidgetColors>
        </wcol_menu>
        <wcol_pulldown>
          <ThemeWidgetColors outline="#0a0a0a"
                             inner="#31373887"
                             inner_sel="#215d9cff"
                             item="#ffffffff"
                             text="#dddddd"
                             text_sel="#ffffff"
                             show_shaded="FALSE"
                             shadetop="25"
                             shadedown="0"
                             roundness="0.3">
          </ThemeWidgetColors>
        </wcol_pulldown>
        <wcol_menu_back>
          <ThemeWidgetColors outline="#494949"
                             inner="#222628ed"
                             inner_sel="#232729ff"
                             item="#215d9cff"
                             text="#808080"
                             text_sel="#ffffff"
                             show_shaded="FALSE"
                             shadetop="2"
                             shadedown="-5"
                             roundness="0.3">
          </ThemeWidgetColors>
        </wcol_menu_back>
        <wcol_pie_menu>
          <ThemeWidgetColors outline="#0a0a0a"
                             inner="#191919e6"
                             inner_sel="#2a5a8bff"
                             item="#2d2d2de6"
                             text="#a0a0a0"
                             text_sel="#ffffff"
                             show_shaded="TRUE"
                             shadetop="10"
                             shadedown="-10"
                             roundness="0.3">
          </ThemeWidgetColors>
        </wcol_pie_menu>
        <wcol_tooltip>
          <ThemeWidgetColors outline="#1a1a1a"
                             inner="#000000e6"
                             inner_sel="#191919e0"
                             item="#646464ff"
                             text="#ffffff"
                             text_sel="#ffffff"
                             show_shaded="FALSE"
                             shadetop="100"
                             shadedown="0"
                             roundness="0.3">
          </ThemeWidgetColors>
        </wcol_tooltip>
        <wcol_menu_item>
          <ThemeWidgetColors outline="#000000"
                             inner="#00000000"
                             inner_sel="#3e69b6ff"
                             item="#ffffffff"
                             text="#e6e6e6"
                             text_sel="#ffffff"
                             show_shaded="FALSE"
                             shadetop="19"
                             shadedown="0"
                             roundness="0.3">
          </ThemeWidgetColors>
        </wcol_menu_item>
        <wcol_scroll>
          <ThemeWidgetColors outline="#33393b"
                             inner="#25292b00"
                             inner_sel="#6464644d"
                             item="#505759ff"
                             text="#000000"
                             text_sel="#ffffff"
                             show_shaded="FALSE"
                             shadetop="0"
                             shadedown="0"
                             roundness="1">
          </ThemeWidgetColors>
        </wcol_scroll>
        <wcol_progress>
          <ThemeWidgetColors outline="#1b1f20"
                             inner="#25292bff"
                             inner_sel="#646464b4"
                             item="#215d9cff"
                             text="#d1d1d1"
                             text_sel="#ffffff"
                             show_shaded="TRUE"
                             shadetop="2"
                             shadedown="0"
                             roundness="0.3">
          </ThemeWidgetColors>
        </wcol_progress>
        <wcol_list_item>
          <ThemeWidgetColors outline="#000000"
                             inner="#00000000"
                             inner_sel="#4d83e3c9"
                             item="#3e69b6ff"
                             text="#e0e0e0"
                             text_sel="#ffffff"
                             show_shaded="FALSE"
                             shadetop="0"
                             shadedown="30"
                             roundness="0.3">
          </ThemeWidgetColors>
        </wcol_list_item>
        <wcol_state>
          <ThemeWidgetStateColors inner_anim="#418d39"
                                  inner_anim_sel="#2b8000"
                                  inner_key="#bc9831"
                                  inner_key_sel="#666200"
                                  inner_driven="#b400ff"
                                  inner_driven_sel="#9900e6"
                                  inner_overridden="#4a8989"
                                  inner_overridden_sel="#317070"
                                  blend="0.5">
          </ThemeWidgetStateColors>
        </wcol_state>
        <wcol_tab>
          <ThemeWidgetColors outline="#1b1f20"
                             inner="#1f2424ff"
                             inner_sel="#3d4444ff"
                             item="#191919ff"
                             text="#8b8b8b"
                             text_sel="#ebebeb"
                             show_shaded="TRUE"
                             shadetop="0"
                             shadedown="15"
                             roundness="0.3">
          </ThemeWidgetColors>
        </wcol_tab>
      </ThemeUserInterface>
    </user_interface>
    <view_3d>
      <ThemeView3D grid="#3c4346ff"
                   clipping_border_3d="#313131ff"
                   wire="#000000"
                   wire_edit="#1b1f20"
                   gp_vertex="#000000"
                   gp_vertex_select="#ff8500"
                   gp_vertex_size="3"
                   text_grease_pencil="#b5e61d"
                   object_selected="#2874bf"
                   object_active="#ffffff"
                   text_keyframe="#ddd700"
                   camera="#121415"
                   empty="#828b99"
                   light="#00000028"
                   speaker="#828b99"
                   vertex="#000000"
                   vertex_select="#0c99fd"
                   vertex_size="4"
                   vertex_bevel="#00a5ff"
                   vertex_unreferenced="#404040"
                   edge_select="#0c99fd"
                   edge_seam="#db2512"
                   edge_sharp="#00ffff"
                   edge_crease="#cc0099"
                   edge_bevel="#00a5ff"
                   edge_facesel="#4b4b4b"
                   freestyle_edge_mark="#7fff7f"
                   face="#00000036"
                   face_select="#215d9c73"
                   face_dot="#215d9c"
                   facedot_size="3"
                   freestyle_face_mark="#7fff7f33"
                   nurb_uline="#909000"
                   nurb_vline="#803060"
                   nurb_sel_uline="#f0ff40"
                   nurb_sel_vline="#f090a0"
                   act_spline="#db2512"
                   handle_free="#000000"
                   handle_auto="#909000"
                   handle_vect="#409030"
                   handle_sel_vect="#40c030"
                   handle_align="#803060"
                   handle_sel_free="#000000"
                   handle_sel_auto="#f0ff40"
                   handle_sel_align="#f090a0"
                   lastsel_point="#ffffff"
                   extra_edge_len="#200000"
                   extra_edge_angle="#000000"
                   extra_face_angle="#000080"
                   extra_face_area="#002000"
                   editmesh_active="#59aaff80"
                   normal="#22dddd"
                   vertex_normal="#2361dd"
                   split_normal="#dd23dd"
                   bone_pose="#50c8ff"
                   bone_pose_active="#8cffff"
                   bone_solid="#c8c8c8"
                   bundle_solid="#c8c8c8"
                   camera_path="#000000"
                   skin_root="#000000"
                   view_overlay="#000000"
                   transform="#ffffff"
                   frame_current="#60c040"
                   paint_curve_handle="#7fff7f7f"
                   paint_curve_pivot="#ff7f7f7f"
                   outline_width="2">
        <space>
          <ThemeSpaceGradient title="#ffffff"
                              text="#b8b8b8"
                              text_hi="#e9e9e9"
                              header="#3d444400"
                              header_text="#bfbfbf"
                              header_text_hi="#ffffff"
                              button="#33393b00"
                              button_title="#cccccc"
                              button_text="#bfbfbf"
                              button_text_hi="#ffffff"
                              navigation_bar="#00000000"
                              tab_active="#215d9c"
                              tab_inactive="#2a2f31"
                              tab_back="#1d2021ff"
                              tab_outline="#191919">
            <gradients>
              <ThemeGradientColors show_grad="TRUE"
                                   gradient="#1f2224"
                                   high_gradient="#40474a">
              </ThemeGradientColors>
            </gradients>
            <panelcolors>
              <ThemePanelColors header="#404747ff"
                                back="#1d2021b3"
                                sub_back="#00000019">
              </ThemePanelColors>
            </panelcolors>
          </ThemeSpaceGradient>
        </space>
      </ThemeView3D>
    </view_3d>
    <graph_editor>
      <ThemeGraphEditor grid="#3c4346"
                        frame_current="#3087e2"
                        window_sliders="#969696"
                        channels_region="#707070"
                        dopesheet_channel="#52606e"
                        dopesheet_subchannel="#545d66"
                        channel_group="#24471c"
                        active_channels_group="#407e31"
                        preview_range="#a14d0066"
                        vertex="#000000"
                        vertex_select="#ff8500"
                        vertex_size="3"
                        vertex_bevel="#00a5ff"
                        vertex_unreferenced="#000000"
                        handle_free="#000000"
                        handle_auto="#909000"
                        handle_vect="#409030"
                        handle_sel_vect="#40c030"
                        handle_align="#803060"
                        handle_sel_free="#000000"
                        handle_sel_auto="#f0ff40"
                        handle_sel_align="#f090a0"
                        handle_auto_clamped="#994030"
                        handle_sel_auto_clamped="#f0af90"
                        lastsel_point="#ffffff"
                        handle_vertex="#000000"
                        handle_vertex_select="#ff8500"
                        handle_vertex_size="4">
        <space>
          <ThemeSpaceGeneric back="#33393b"
                             title="#ffffff"
                             text="#b8b8b8"
                             text_hi="#e9e9e9"
                             header="#3d4444ff"
                             header_text="#b9b9b9"
                             header_text_hi="#ffffff"
                             button="#1d2021cc"
                             button_title="#979797"
                             button_text="#979797"
                             button_text_hi="#ffffff"
                             navigation_bar="#00000000"
                             tab_active="#215d9c"
                             tab_inactive="#2a2f31"
                             tab_back="#1b1d1dff"
                             tab_outline="#191919">
            <panelcolors>
              <ThemePanelColors header="#33393bff"
                                back="#1a1a1a4d"
                                sub_back="#00000019">
              </ThemePanelColors>
            </panelcolors>
          </ThemeSpaceGeneric>
        </space>
        <space_list>
          <ThemeSpaceListGeneric list="#33393b"
                                 list_title="#cccccc"
                                 list_text="#f3f3f3"
                                 list_text_hi="#0e0e0e">
          </ThemeSpaceListGeneric>
        </space_list>
      </ThemeGraphEditor>
    </graph_editor>
    <file_browser>
      <ThemeFileBrowser selected_file="#215d9c">
        <space>
          <ThemeSpaceGeneric back="#25292a"
                             title="#ffffff"
                             text="#b8b8b8"
                             text_hi="#e9e9e9"
                             header="#3d4444ff"
                             header_text="#b9b9b9"
                             header_text_hi="#ffffff"
                             button="#33393bcc"
                             button_title="#cccccc"
                             button_text="#b3b3b3"
                             button_text_hi="#ffffff"
                             navigation_bar="#00000000"
                             tab_active="#215d9c"
                             tab_inactive="#2a2f31"
                             tab_back="#1b1d1dff"
                             tab_outline="#191919">
            <panelcolors>
              <ThemePanelColors header="#404747ff"
                                back="#1a1a1a4d"
                                sub_back="#00000019">
              </ThemePanelColors>
            </panelcolors>
          </ThemeSpaceGeneric>
        </space>
      </ThemeFileBrowser>
    </file_browser>
    <nla_editor>
      <ThemeNLAEditor grid="#3c4346"
                      view_sliders="#969696"
                      active_action="#cc701a66"
                      active_action_unset="#9987614d"
                      preview_range="#a14d0066"
                      strips="#0c0a0a"
                      strips_selected="#ff8c00"
                      transition_strips="#1c2630"
                      transition_strips_selected="#2e75db"
                      meta_strips="#332642"
                      meta_strips_selected="#692196"
                      sound_strips="#2b3d3d"
                      sound_strips_selected="#1f7a7a"
                      tweak="#4df31a"
                      tweak_duplicate="#d90000"
                      keyframe_border="#000000ff"
                      keyframe_border_selected="#000000ff"
                      frame_current="#60c040">
        <space>
          <ThemeSpaceGeneric back="#232729"
                             title="#ffffff"
                             text="#b8b8b8"
                             text_hi="#e9e9e9"
                             header="#3d4444ff"
                             header_text="#b9b9b9"
                             header_text_hi="#ffffff"
                             button="#33393bcc"
                             button_title="#bfbfbf"
                             button_text="#979797"
                             button_text_hi="#ffffff"
                             navigation_bar="#00000000"
                             tab_active="#215d9c"
                             tab_inactive="#2a2f31"
                             tab_back="#1b1d1dff"
                             tab_outline="#191919">
            <panelcolors>
              <ThemePanelColors header="#33393bff"
                                back="#1a1a1a4d"
                                sub_back="#00000019">
              </ThemePanelColors>
            </panelcolors>
          </ThemeSpaceGeneric>
        </space>
        <space_list>
          <ThemeSpaceListGeneric list="#33393b"
                                 list_title="#cccccc"
                                 list_text="#b3b3b3"
                                 list_text_hi="#ffffff">
          </ThemeSpaceListGeneric>
        </space_list>
      </ThemeNLAEditor>
    </nla_editor>
    <dopesheet_editor>
      <ThemeDopeSheet grid="#3c4346"
                      frame_current="#3087e2"
                      value_sliders="#000000"
                      view_sliders="#969696"
                      dopesheet_channel="#52606e24"
                      dopesheet_subchannel="#7c899624"
                      channels="#707070ff"
                      channels_selected="#60c04044"
                      channel_group="#24471c37"
                      active_channels_group="#407e3155"
                      long_key="#0c0a0a80"
                      long_key_selected="#f3ca2270"
                      keyframe="#bddae8"
                      keyframe_selected="#ffbe32"
                      keyframe_extreme="#e8b3cc"
                      keyframe_extreme_selected="#f28080"
                      keyframe_breakdown="#b3dbe8"
                      keyframe_breakdown_selected="#54bfed"
                      keyframe_jitter="#ace493"
                      keyframe_jitter_selected="#61c042"
                      keyframe_movehold="#5c5656"
                      keyframe_movehold_selected="#ffaf23"
                      keyframe_border="#000000ff"
                      keyframe_border_selected="#000000ff"
                      keyframe_scale_factor="1"
                      summary="#00000000"
                      preview_range="#a14d0066"
                      interpolation_line="#94e575cc">
        <space>
          <ThemeSpaceGeneric back="#25292a"
                             title="#ffffff"
                             text="#b8b8b8"
                             text_hi="#e9e9e9"
                             header="#3d4444ff"
                             header_text="#b9b9b9"
                             header_text_hi="#ffffff"
                             button="#33393bcc"
                             button_title="#979797"
                             button_text="#979797"
                             button_text_hi="#ffffff"
                             navigation_bar="#00000000"
                             tab_active="#215d9c"
                             tab_inactive="#2a2f31"
                             tab_back="#1b1d1dff"
                             tab_outline="#191919">
            <panelcolors>
              <ThemePanelColors header="#40474799"
                                back="#1a1a1a4d"
                                sub_back="#00000019">
              </ThemePanelColors>
            </panelcolors>
          </ThemeSpaceGeneric>
        </space>
        <space_list>
          <ThemeSpaceListGeneric list="#33393b"
                                 list_title="#cccccc"
                                 list_text="#050505"
                                 list_text_hi="#050505">
          </ThemeSpaceListGeneric>
        </space_list>
      </ThemeDopeSheet>
    </dopesheet_editor>
    <image_editor>
      <ThemeImageEditor gp_vertex="#000000"
                        gp_vertex_select="#ff8500"
                        gp_vertex_size="3"
                        vertex="#d3d3d3"
                        vertex_select="#0c99fd"
                        vertex_size="3"
                        vertex_bevel="#00a5ff"
                        vertex_unreferenced="#404040"
                        face="#5b86a40a"
                        face_select="#5b86a43c"
                        face_dot="#ffffff"
                        facedot_size="3"
                        freestyle_face_mark="#00000000"
                        editmesh_active="#ffffff80"
                        wire_edit="#c0c0c0"
                        edge_select="#0095ff"
                        scope_back="#303030ff"
                        preview_stitch_face="#1242b026"
                        preview_stitch_edge="#ff8500b2"
                        preview_stitch_vert="#ff85007f"
                        preview_stitch_stitchable="#00ff00ff"
                        preview_stitch_unstitchable="#ff0000ff"
                        preview_stitch_active="#e1d2c323"
                        uv_shadow="#707070ff"
                        uv_others="#606060ff"
                        frame_current="#60c040"
                        metadatabg="#000000"
                        metadatatext="#ffffff"
                        handle_free="#000000"
                        handle_auto="#909000"
                        handle_align="#803060"
                        handle_sel_free="#000000"
                        handle_sel_auto="#f0ff40"
                        handle_sel_align="#f090a0"
                        handle_auto_clamped="#000000"
                        handle_sel_auto_clamped="#000000"
                        handle_vertex="#000000"
                        handle_vertex_select="#ffff00"
                        handle_vertex_size="5"
                        paint_curve_handle="#7fff7f7f"
                        paint_curve_pivot="#ff7f7f7f">
        <space>
          <ThemeSpaceGeneric back="#232729"
                             title="#ffffff"
                             text="#b8b8b8"
                             text_hi="#e9e9e9"
                             header="#3d4444ff"
                             header_text="#cccccc"
                             header_text_hi="#ffffff"
                             button="#33393bcc"
                             button_title="#cccccc"
                             button_text="#b3b3b3"
                             button_text_hi="#ffffff"
                             navigation_bar="#00000000"
                             tab_active="#215d9c"
                             tab_inactive="#2a2f31"
                             tab_back="#1b1d1dff"
                             tab_outline="#191919">
            <panelcolors>
              <ThemePanelColors header="#404747ff"
                                back="#1a1a1a4d"
                                sub_back="#00000019">
              </ThemePanelColors>
            </panelcolors>
          </ThemeSpaceGeneric>
        </space>
      </ThemeImageEditor>
    </image_editor>
    <sequence_editor>
      <ThemeSequenceEditor gp_vertex="#000000"
                           gp_vertex_select="#ff8500"
                           gp_vertex_size="3"
                           grid="#3c4346"
                           window_sliders="#999999"
                           movie_strip="#516987"
                           movieclip_strip="#20208f"
                           image_strip="#6d5881"
                           scene_strip="#68983e"
                           audio_strip="#2e8f8f"
                           effect_strip="#a9547c"
                           transition_strip="#a25f6f"
                           meta_strip="#6d9183"
                           text_strip="#a29700"
                           frame_current="#67991f"
                           keyframe="#ff8500"
                           draw_action="#50c8ff"
                           preview_back="#1f2222"
                           metadatabg="#000000"
                           metadatatext="#ffffff">
        <space>
          <ThemeSpaceGeneric back="#313738"
                             title="#ffffff"
                             text="#b8b8b8"
                             text_hi="#e9e9e9"
                             header="#3d4444ff"
                             header_text="#b9b9b9"
                             header_text_hi="#ffffff"
                             button="#33393bcc"
                             button_title="#cccccc"
                             button_text="#b3b3b3"
                             button_text_hi="#ffffff"
                             navigation_bar="#00000000"
                             tab_active="#215d9c"
                             tab_inactive="#2a2f31"
                             tab_back="#1b1d1dff"
                             tab_outline="#191919">
            <panelcolors>
              <ThemePanelColors header="#404747ff"
                                back="#1a1a1a4d"
                                sub_back="#00000019">
              </ThemePanelColors>
            </panelcolors>
          </ThemeSpaceGeneric>
        </space>
      </ThemeSequenceEditor>
    </sequence_editor>
    <properties>
      <ThemeProperties>
        <space>
          <ThemeSpaceGeneric back="#33393b"
                             title="#cccccc"
                             text="#b3b3b3"
                             text_hi="#e9e9e9"
                             header="#3d4444ff"
                             header_text="#b9b9b9"
                             header_text_hi="#ffffff"
                             button="#000000cc"
                             button_title="#cccccc"
                             button_text="#979797"
                             button_text_hi="#ffffff"
                             navigation_bar="#242727ff"
                             tab_active="#215d9c"
                             tab_inactive="#2a2f31"
                             tab_back="#2c2c2c4d"
                             tab_outline="#191919">
            <panelcolors>
              <ThemePanelColors header="#404747ff"
                                back="#2b30334d"
                                sub_back="#00000019">
              </ThemePanelColors>
            </panelcolors>
          </ThemeSpaceGeneric>
        </space>
      </ThemeProperties>
    </properties>
    <text_editor>
      <ThemeTextEditor line_numbers_background="#202425"
                       selected_text="#404040"
                       cursor="#c9ff34"
                       syntax_builtin="#4badff"
                       syntax_symbols="#999999"
                       syntax_special="#b97aff"
                       syntax_preprocessor="#8b7aff"
                       syntax_reserved="#832b3d"
                       syntax_comment="#5f8b50"
                       syntax_string="#ffaa67"
                       syntax_numbers="#72ec8e">
        <space>
          <ThemeSpaceGeneric back="#232729"
                             title="#ffffff"
                             text="#c2c2c2"
                             text_hi="#e9e9e9"
                             header="#3d4444ff"
                             header_text="#b9b9b9"
                             header_text_hi="#ffffff"
                             button="#33393bcc"
                             button_title="#bfbfbf"
                             button_text="#979797"
                             button_text_hi="#ffffff"
                             navigation_bar="#00000000"
                             tab_active="#215d9c"
                             tab_inactive="#2a2f31"
                             tab_back="#1b1d1dff"
                             tab_outline="#191919">
            <panelcolors>
              <ThemePanelColors header="#404747ff"
                                back="#1a1a1a4d"
                                sub_back="#00000019">
              </ThemePanelColors>
            </panelcolors>
          </ThemeSpaceGeneric>
        </space>
      </ThemeTextEditor>
    </text_editor>
    <node_editor>
      <ThemeNodeEditor gp_vertex="#000000"
                       gp_vertex_select="#ff8500"
                       gp_vertex_size="3"
                       node_selected="#ffffff"
                       node_active="#215d9c"
                       wire="#000000"
                       wire_inner="#737373"
                       wire_select="#ffffff"
                       selected_text="#7f7070"
                       node_backdrop="#4b5557ff"
                       converter_node="#3c5eaa"
                       color_node="#a07e26"
                       group_node="#36493a"
                       group_socket_node="#e66c00"
                       frame_node="#9a9b9ba0"
                       matte_node="#977474"
                       distor_node="#749797"
                       noodle_curving="5"
                       input_node="#a02e35"
                       output_node="#9723a8"
                       filter_node="#42999b"
                       vector_node="#8348da"
                       texture_node="#cd6931"
                       shader_node="#40ac74"
                       script_node="#1e1e1e"
                       pattern_node="#a67c49"
                       layout_node="#000000">
        <space>
          <ThemeSpaceGeneric back="#25292a"
                             title="#dfdfdf"
                             text="#cccccc"
                             text_hi="#e9e9e9"
                             header="#3d4444ff"
                             header_text="#b9b9b9"
                             header_text_hi="#ffffff"
                             button="#33393bcc"
                             button_title="#cccccc"
                             button_text="#bfbfbf"
                             button_text_hi="#ffffff"
                             navigation_bar="#00000000"
                             tab_active="#215d9c"
                             tab_inactive="#2a2f31"
                             tab_back="#1b1d1dff"
                             tab_outline="#191919">
            <panelcolors>
              <ThemePanelColors header="#404747ff"
                                back="#1a1a1a4d"
                                sub_back="#00000019">
              </ThemePanelColors>
            </panelcolors>
          </ThemeSpaceGeneric>
        </space>
        <space_list>
          <ThemeSpaceListGeneric list="#a5a5a5"
                                 list_title="#000000"
                                 list_text="#000000"
                                 list_text_hi="#ffffff">
          </ThemeSpaceListGeneric>
        </space_list>
      </ThemeNodeEditor>
    </node_editor>
    <outliner>
      <ThemeOutliner match="#4d3639"
                     selected_highlight="#345899">
        <space>
          <ThemeSpaceGeneric back="#25292a"
                             title="#ffffff"
                             text="#b8b8b8"
                             text_hi="#e9e9e9"
                             header="#3d4444ff"
                             header_text="#b9b9b9"
                             header_text_hi="#ffffff"
                             button="#33393bcc"
                             button_title="#979797"
                             button_text="#979797"
                             button_text_hi="#ffffff"
                             navigation_bar="#00000000"
                             tab_active="#3e69b6"
                             tab_inactive="#4e4e4e"
                             tab_back="#333333ff"
                             tab_outline="#191919">
            <panelcolors>
              <ThemePanelColors header="#40474799"
                                back="#1a1a1a4d"
                                sub_back="#00000019">
              </ThemePanelColors>
            </panelcolors>
          </ThemeSpaceGeneric>
        </space>
      </ThemeOutliner>
    </outliner>
    <info>
      <ThemeInfo info_selected="#6080ff"
                 info_selected_text="#ffffff"
                 info_error="#dc0000"
                 info_error_text="#000000"
                 info_warning="#dc8060"
                 info_warning_text="#000000"
                 info_info="#00aa00"
                 info_info_text="#000000"
                 info_debug="#c4c4c4"
                 info_debug_text="#000000">
        <space>
          <ThemeSpaceGeneric back="#232729"
                             title="#ffffff"
                             text="#cccccc"
                             text_hi="#e9e9e9"
                             header="#3d4444ff"
                             header_text="#c4c4c4"
                             header_text_hi="#ffffff"
                             button="#1a1a1acc"
                             button_title="#979797"
                             button_text="#979797"
                             button_text_hi="#ffffff"
                             navigation_bar="#00000000"
                             tab_active="#215d9c"
                             tab_inactive="#2a2f31"
                             tab_back="#1b1d1dff"
                             tab_outline="#191919">
            <panelcolors>
              <ThemePanelColors header="#1a1a1a99"
                                back="#1a1a1a4d"
                                sub_back="#00000019">
              </ThemePanelColors>
            </panelcolors>
          </ThemeSpaceGeneric>
        </space>
      </ThemeInfo>
    </info>
    <user_preferences>
      <ThemeUserPreferences>
        <space>
          <ThemeSpaceGeneric back="#33393b"
                             title="#ffffff"
                             text="#c2c2c2"
                             text_hi="#e9e9e9"
                             header="#3d4444ff"
                             header_text="#b9b9b9"
                             header_text_hi="#ffffff"
                             button="#1a1a1acc"
                             button_title="#979797"
                             button_text="#979797"
                             button_text_hi="#ffffff"
                             navigation_bar="#00000000"
                             tab_active="#215d9c"
                             tab_inactive="#2a2f31"
                             tab_back="#1b1d1dff"
                             tab_outline="#191919">
            <panelcolors>
              <ThemePanelColors header="#1a1a1a99"
                                back="#1a1a1a4d"
                                sub_back="#00000019">
              </ThemePanelColors>
            </panelcolors>
          </ThemeSpaceGeneric>
        </space>
      </ThemeUserPreferences>
    </user_preferences>
    <console>
      <ThemeConsole line_output="#c799ff"
                    line_input="#ffffff"
                    line_info="#e6006a"
                    line_error="#af2020"
                    cursor="#80ce00"
                    select="#ffffff30">
        <space>
          <ThemeSpaceGeneric back="#25292a"
                             title="#ffffff"
                             text="#b8b8b8"
                             text_hi="#e9e9e9"
                             header="#3d4444ff"
                             header_text="#b9b9b9"
                             header_text_hi="#ffffff"
                             button="#1a1a1acc"
                             button_title="#979797"
                             button_text="#979797"
                             button_text_hi="#ffffff"
                             navigation_bar="#00000000"
                             tab_active="#215d9c"
                             tab_inactive="#2a2f31"
                             tab_back="#1b1d1dff"
                             tab_outline="#191919">
            <panelcolors>
              <ThemePanelColors header="#1a1a1a99"
                                back="#1a1a1a4d"
                                sub_back="#00000019">
              </ThemePanelColors>
            </panelcolors>
          </ThemeSpaceGeneric>
        </space>
      </ThemeConsole>
    </console>
    <clip_editor>
      <ThemeClipEditor gp_vertex="#000000"
                       gp_vertex_select="#000000"
                       gp_vertex_size="1"
                       marker_outline="#000000"
                       marker="#7f7f00"
                       active_marker="#ffffff"
                       selected_marker="#ffff00"
                       disabled_marker="#7f0000"
                       locked_marker="#7f7f7f"
                       path_before="#ff0000"
                       path_after="#0000ff"
                       frame_current="#60c040"
                       strips="#0c0a0a"
                       strips_selected="#ff374a"
                       handle_free="#000000"
                       handle_auto="#909000"
                       handle_align="#803060"
                       handle_sel_free="#000000"
                       handle_sel_auto="#f0ff40"
                       handle_sel_align="#f090a0"
                       handle_auto_clamped="#000000"
                       handle_sel_auto_clamped="#000000"
                       handle_vertex="#000000"
                       handle_vertex_select="#ffff00"
                       handle_vertex_size="4">
        <space>
          <ThemeSpaceGeneric back="#25292a"
                             title="#ffffff"
                             text="#b8b8b8"
                             text_hi="#e9e9e9"
                             header="#3d4444ff"
                             header_text="#b9b9b9"
                             header_text_hi="#ffffff"
                             button="#33393bcc"
                             button_title="#cccccc"
                             button_text="#979797"
                             button_text_hi="#ffffff"
                             navigation_bar="#00000000"
                             tab_active="#215d9c"
                             tab_inactive="#2a2f31"
                             tab_back="#1b1d1dff"
                             tab_outline="#191919">
            <panelcolors>
              <ThemePanelColors header="#404747ff"
                                back="#1a1a1a4d"
                                sub_back="#00000019">
              </ThemePanelColors>
            </panelcolors>
          </ThemeSpaceGeneric>
        </space>
        <space_list>
          <ThemeSpaceListGeneric list="#33393b"
                                 list_title="#b9b9b9"
                                 list_text="#979797"
                                 list_text_hi="#ffffff">
          </ThemeSpaceListGeneric>
        </space_list>
      </ThemeClipEditor>
    </clip_editor>
    <topbar>
      <ThemeTopBar>
        <space>
          <ThemeSpaceGeneric back="#3d4444"
                             title="#000000"
                             text="#e6e6e6"
                             text_hi="#ffffff"
                             header="#33393bff"
                             header_text="#000000"
                             header_text_hi="#ffffff"
                             button="#7272727f"
                             button_title="#000000"
                             button_text="#000000"
                             button_text_hi="#ffffff"
                             navigation_bar="#00000000"
                             tab_active="#3d4444"
                             tab_inactive="#3d4444"
                             tab_back="#33393bff"
                             tab_outline="#171a1b">
            <panelcolors>
              <ThemePanelColors header="#00000019"
                                back="#72727280"
                                sub_back="#00000000">
              </ThemePanelColors>
            </panelcolors>
          </ThemeSpaceGeneric>
        </space>
      </ThemeTopBar>
    </topbar>
    <statusbar>
      <ThemeStatusBar>
        <space>
          <ThemeSpaceGeneric back="#393939"
                             title="#ffffff"
                             text="#b8b8b8"
                             text_hi="#e9e9e9"
                             header="#3d444400"
                             header_text="#bfbfbf"
                             header_text_hi="#ffffff"
                             button="#33393b00"
                             button_title="#cccccc"
                             button_text="#bfbfbf"
                             button_text_hi="#ffffff"
                             navigation_bar="#00000000"
                             tab_active="#215d9c"
                             tab_inactive="#2a2f31"
                             tab_back="#1d2021ff"
                             tab_outline="#191919">
            <panelcolors>
              <ThemePanelColors header="#404747ff"
                                back="#1d2021b3"
                                sub_back="#00000000">
              </ThemePanelColors>
            </panelcolors>
          </ThemeSpaceGeneric>
        </space>
      </ThemeStatusBar>
    </statusbar>
    <bone_color_sets>
      <ThemeBoneColorSet normal="#9a0000"
                         select="#bd1111"
                         active="#f70a0a"
                         show_colored_constraints="FALSE">
      </ThemeBoneColorSet>
      <ThemeBoneColorSet normal="#f74018"
                         select="#f66913"
                         active="#fa9900"
                         show_colored_constraints="FALSE">
      </ThemeBoneColorSet>
      <ThemeBoneColorSet normal="#1e9109"
                         select="#59b70b"
                         active="#83ef1d"
                         show_colored_constraints="FALSE">
      </ThemeBoneColorSet>
      <ThemeBoneColorSet normal="#0a3694"
                         select="#3667df"
                         active="#5ec1ef"
                         show_colored_constraints="FALSE">
      </ThemeBoneColorSet>
      <ThemeBoneColorSet normal="#a9294e"
                         select="#c1416a"
                         active="#f05d91"
                         show_colored_constraints="FALSE">
      </ThemeBoneColorSet>
      <ThemeBoneColorSet normal="#430c78"
                         select="#543aa3"
                         active="#8764d5"
                         show_colored_constraints="FALSE">
      </ThemeBoneColorSet>
      <ThemeBoneColorSet normal="#24785a"
                         select="#3c9579"
                         active="#6fb6ab"
                         show_colored_constraints="FALSE">
      </ThemeBoneColorSet>
      <ThemeBoneColorSet normal="#4b707c"
                         select="#6a8691"
                         active="#9bc2cd"
                         show_colored_constraints="FALSE">
      </ThemeBoneColorSet>
      <ThemeBoneColorSet normal="#f4c90c"
                         select="#eec236"
                         active="#f3ff00"
                         show_colored_constraints="FALSE">
      </ThemeBoneColorSet>
      <ThemeBoneColorSet normal="#1e2024"
                         select="#484c56"
                         active="#ffffff"
                         show_colored_constraints="FALSE">
      </ThemeBoneColorSet>
      <ThemeBoneColorSet normal="#6f2f6a"
                         select="#9845be"
                         active="#d330d6"
                         show_colored_constraints="FALSE">
      </ThemeBoneColorSet>
      <ThemeBoneColorSet normal="#6c8e22"
                         select="#7fb022"
                         active="#bbef5b"
                         show_colored_constraints="FALSE">
      </ThemeBoneColorSet>
      <ThemeBoneColorSet normal="#8d8d8d"
                         select="#b0b0b0"
                         active="#dedede"
                         show_colored_constraints="FALSE">
      </ThemeBoneColorSet>
      <ThemeBoneColorSet normal="#834326"
                         select="#8b5811"
                         active="#bd6a11"
                         show_colored_constraints="FALSE">
      </ThemeBoneColorSet>
      <ThemeBoneColorSet normal="#08310e"
                         select="#1c430b"
                         active="#34622b"
                         show_colored_constraints="FALSE">
      </ThemeBoneColorSet>
      <ThemeBoneColorSet normal="#000000"
                         select="#000000"
                         active="#000000"
                         show_colored_constraints="FALSE">
      </ThemeBoneColorSet>
      <ThemeBoneColorSet normal="#000000"
                         select="#000000"
                         active="#000000"
                         show_colored_constraints="FALSE">
      </ThemeBoneColorSet>
      <ThemeBoneColorSet normal="#000000"
                         select="#000000"
                         active="#000000"
                         show_colored_constraints="FALSE">
      </ThemeBoneColorSet>
      <ThemeBoneColorSet normal="#000000"
                         select="#000000"
                         active="#000000"
                         show_colored_constraints="FALSE">
      </ThemeBoneColorSet>
      <ThemeBoneColorSet normal="#000000"
                         select="#000000"
                         active="#000000"
                         show_colored_constraints="FALSE">
      </ThemeBoneColorSet>
    </bone_color_sets>
  </Theme>
  <ThemeStyle>
    <panel_title>
      <ThemeFontStyle points="12"
                      font_kerning_style="FITTED"
                      shadow="1"
                      shadow_offset_x="0"
                      shadow_offset_y="-1"
                      shadow_alpha="0.15"
                      shadow_value="1">
      </ThemeFontStyle>
    </panel_title>
    <widget_label>
      <ThemeFontStyle points="11"
                      font_kerning_style="FITTED"
                      shadow="3"
                      shadow_offset_x="0"
                      shadow_offset_y="-1"
                      shadow_alpha="0.15"
                      shadow_value="1">
      </ThemeFontStyle>
    </widget_label>
    <widget>
      <ThemeFontStyle points="11"
                      font_kerning_style="FITTED"
                      shadow="0"
                      shadow_offset_x="0"
                      shadow_offset_y="0"
                      shadow_alpha="0.25"
                      shadow_value="0">
      </ThemeFontStyle>
    </widget>
  </ThemeStyle>
</bpy>
