<bpy>
  <Theme>
    <user_interface>
      <ThemeUserInterface
        menu_shadow_fac="0.1"
        menu_shadow_width="10"
        icon_alpha="1"
        icon_saturation="1"
        widget_emboss="#ffffff01"
        editor_outline="#303030"
        axis_x="#e52d2d"
        axis_y="#2de52d"
        axis_z="#2d2de5"
        gizmo_hi="#ffffff"
        gizmo_primary="#f5f14d"
        gizmo_secondary="#63ffff"
        gizmo_a="#4da84d"
        gizmo_b="#a33535"
        icon_scene="#e6e6e6ff"
        icon_collection="#ccccccff"
        icon_object="#ffa864ff"
        icon_object_data="#98cc98ff"
        icon_modifier="#8cc0ffff"
        icon_shading="#ff8b8bff"
        icon_border_intensity="0"
        >
        <wcol_regular>
          <ThemeWidgetColors
            outline="#202020"
            inner="#525252ff"
            inner_sel="#c85130ff"
            item="#333333ff"
            text="#cccccc"
            text_sel="#d9d9d9"
            show_shaded="TRUE"
            shadetop="5"
            shadedown="0"
            roundness="0.5"
            >
          </ThemeWidgetColors>
        </wcol_regular>
        <wcol_tool>
          <ThemeWidgetColors
            outline="#202020"
            inner="#525252ff"
            inner_sel="#c85130ff"
            item="#b8b8b8ff"
            text="#cccccc"
            text_sel="#d9d9d9"
            show_shaded="TRUE"
            shadetop="5"
            shadedown="0"
            roundness="0.4"
            >
          </ThemeWidgetColors>
        </wcol_tool>
        <wcol_toolbar_item>
          <ThemeWidgetColors
            outline="#191919"
            inner="#525252ff"
            inner_sel="#c85130ff"
            item="#ccccccff"
            text="#cccccc"
            text_sel="#d9d9d9"
            show_shaded="TRUE"
            shadetop="5"
            shadedown="0"
            roundness="0.6"
            >
          </ThemeWidgetColors>
        </wcol_toolbar_item>
        <wcol_radio>
          <ThemeWidgetColors
            outline="#202020"
            inner="#525252ff"
            inner_sel="#c85130ff"
            item="#ffffffff"
            text="#cccccc"
            text_sel="#d9d9d9"
            show_shaded="TRUE"
            shadetop="5"
            shadedown="0"
            roundness="0.4"
            >
          </ThemeWidgetColors>
        </wcol_radio>
        <wcol_text>
          <ThemeWidgetColors
            outline="#202020"
            inner="#333333ff"
            inner_sel="#c85130ff"
            item="#333333ff"
            text="#b8b8b8"
            text_sel="#ffffff"
            show_shaded="FALSE"
            shadetop="5"
            shadedown="0"
            roundness="0.4"
            >
          </ThemeWidgetColors>
        </wcol_text>
        <wcol_option>
          <ThemeWidgetColors
            outline="#202020"
            inner="#808080ff"
            inner_sel="#c85130ff"
            item="#ffffffff"
            text="#b8b8b8"
            text_sel="#cccccc"
            show_shaded="TRUE"
            shadetop="10"
            shadedown="0"
            roundness="0.666667"
            >
          </ThemeWidgetColors>
        </wcol_option>
        <wcol_toggle>
          <ThemeWidgetColors
            outline="#202020"
            inner="#525252ff"
            inner_sel="#c85130ff"
            item="#ffffffff"
            text="#cccccc"
            text_sel="#d9d9d9"
            show_shaded="TRUE"
            shadetop="5"
            shadedown="0"
            roundness="0.5"
            >
          </ThemeWidgetColors>
        </wcol_toggle>
        <wcol_num>
          <ThemeWidgetColors
            outline="#202020"
            inner="#333333ff"
            inner_sel="#c85130ff"
            item="#333333ff"
            text="#b8b8b8"
            text_sel="#ffffff"
            show_shaded="FALSE"
            shadetop="5"
            shadedown="0"
            roundness="1"
            >
          </ThemeWidgetColors>
        </wcol_num>
        <wcol_numslider>
          <ThemeWidgetColors
            outline="#202020"
            inner="#333333ff"
            inner_sel="#505050ff"
            item="#c85130ff"
            text="#cccccc"
            text_sel="#d9d9d9"
            show_shaded="FALSE"
            shadetop="-10"
            shadedown="0"
            roundness="1"
            >
          </ThemeWidgetColors>
        </wcol_numslider>
        <wcol_box>
          <ThemeWidgetColors
            outline="#202020"
            inner="#00000019"
            inner_sel="#c85130ff"
            item="#ffffffff"
            text="#b8b8b8"
            text_sel="#d9d9d9"
            show_shaded="FALSE"
            shadetop="0"
            shadedown="-7"
            roundness="0.4"
            >
          </ThemeWidgetColors>
        </wcol_box>
        <wcol_menu>
          <ThemeWidgetColors
            outline="#202020"
            inner="#525252ff"
            inner_sel="#c85130ff"
            item="#ccccccff"
            text="#cccccc"
            text_sel="#d9d9d9"
            show_shaded="TRUE"
            shadetop="5"
            shadedown="0"
            roundness="0.4"
            >
          </ThemeWidgetColors>
        </wcol_menu>
        <wcol_pulldown>
          <ThemeWidgetColors
            outline="#202020"
            inner="#474747ff"
            inner_sel="#c85130ff"
            item="#ffffffff"
            text="#b8b8b8"
            text_sel="#d9d9d9"
            show_shaded="FALSE"
            shadetop="25"
            shadedown="0"
            roundness="0.4"
            >
          </ThemeWidgetColors>
        </wcol_pulldown>
        <wcol_menu_back>
          <ThemeWidgetColors
            outline="#202020"
            inner="#474747ff"
            inner_sel="#c85130e6"
            item="#646464ff"
            text="#b8b8b8"
            text_sel="#d9d9d9"
            show_shaded="FALSE"
            shadetop="25"
            shadedown="-20"
            roundness="0.5"
            >
          </ThemeWidgetColors>
        </wcol_menu_back>
        <wcol_pie_menu>
          <ThemeWidgetColors
            outline="#202020"
            inner="#474747ff"
            inner_sel="#c85130ff"
            item="#6b6b6bff"
            text="#b8b8b8"
            text_sel="#d9d9d9"
            show_shaded="FALSE"
            shadetop="10"
            shadedown="-10"
            roundness="1"
            >
          </ThemeWidgetColors>
        </wcol_pie_menu>
        <wcol_tooltip>
          <ThemeWidgetColors
            outline="#202020"
            inner="#ffffe1ff"
            inner_sel="#c85130ff"
            item="#646464ff"
            text="#000000"
            text_sel="#ffffff"
            show_shaded="FALSE"
            shadetop="25"
            shadedown="-20"
            roundness="0.5"
            >
          </ThemeWidgetColors>
        </wcol_tooltip>
        <wcol_menu_item>
          <ThemeWidgetColors
            outline="#202020"
            inner="#3f3f3f00"
            inner_sel="#c85130ff"
            item="#b8b8b8ff"
            text="#b8b8b8"
            text_sel="#d9d9d9"
            show_shaded="FALSE"
            shadetop="0"
            shadedown="20"
            roundness="0.4"
            >
          </ThemeWidgetColors>
        </wcol_menu_item>
        <wcol_scroll>
          <ThemeWidgetColors
            outline="#202020"
            inner="#333333ff"
            inner_sel="#c85130ff"
            item="#6b6b6bff"
            text="#b8b8b8"
            text_sel="#ffffff"
            show_shaded="FALSE"
            shadetop="0"
            shadedown="0"
            roundness="1"
            >
          </ThemeWidgetColors>
        </wcol_scroll>
        <wcol_progress>
          <ThemeWidgetColors
            outline="#202020"
            inner="#262626ff"
            inner_sel="#646464b4"
            item="#c85130ff"
            text="#b8b8b8"
            text_sel="#ffffff"
            show_shaded="FALSE"
            shadetop="0"
            shadedown="0"
            roundness="0.5"
            >
          </ThemeWidgetColors>
        </wcol_progress>
        <wcol_list_item>
          <ThemeWidgetColors
            outline="#202020"
            inner="#3f3f3f00"
            inner_sel="#c85130ff"
            item="#ffffffff"
            text="#b8b8b8"
            text_sel="#d9d9d9"
            show_shaded="FALSE"
            shadetop="0"
            shadedown="-10"
            roundness="0.4"
            >
          </ThemeWidgetColors>
        </wcol_list_item>
        <wcol_state>
          <ThemeWidgetStateColors
            inner_anim="#4d8033"
            inner_anim_sel="#37661f"
            inner_key="#2e6599"
            inner_key_sel="#265480"
            inner_driven="#a000cc"
            inner_driven_sel="#8600b3"
            inner_overridden="#3e7373"
            inner_overridden_sel="#275959"
            inner_changed="#cc7529"
            inner_changed_sel="#e6852d"
            blend="0.6"
            >
          </ThemeWidgetStateColors>
        </wcol_state>
        <wcol_tab>
          <ThemeWidgetColors
            outline="#3c3c3c"
            inner="#333333ff"
            inner_sel="#6b6b6bff"
            item="#5a5a5aff"
            text="#b8b8b8"
            text_sel="#d9d9d9"
            show_shaded="FALSE"
            shadetop="0"
            shadedown="0"
            roundness="0.5"
            >
          </ThemeWidgetColors>
        </wcol_tab>
      </ThemeUserInterface>
    </user_interface>
    <view_3d>
      <ThemeView3D
        grid="#414141ff"
        clipping_border_3d="#313131ff"
        wire="#000000"
        wire_edit="#010203"
        gp_vertex="#000000"
        gp_vertex_select="#ff8500"
        gp_vertex_size="3"
        text_grease_pencil="#b5e61d"
        object_selected="#00a3e6"
        object_active="#ffaa18"
        text_keyframe="#ddd700"
        camera="#b3ccbe"
        empty="#000000"
        light="#b3ccbe28"
        speaker="#000000"
        vertex="#000000"
        vertex_select="#ffaa18"
        vertex_size="3"
        vertex_bevel="#00a5ff"
        vertex_unreferenced="#000000"
        edge_select="#ff7200"
        edge_seam="#db2512"
        edge_sharp="#9c00ff"
        edge_crease="#cc0099"
        edge_bevel="#00a5ff"
        edge_facesel="#4b4b4b"
        freestyle_edge_mark="#7fff7f"
        face="#4d4d4d14"
        face_select="#ff99004d"
        face_dot="#00beb0"
        facedot_size="3"
        freestyle_face_mark="#7fff7f33"
        nurb_uline="#89908a"
        nurb_vline="#fff8f4"
        nurb_sel_uline="#2400ff"
        nurb_sel_vline="#f0deeb"
        act_spline="#00c6db"
        handle_free="#000000"
        handle_auto="#1c00ff"
        handle_vect="#409030"
        handle_sel_vect="#40c030"
        handle_align="#7b807e"
        handle_sel_free="#000000"
        handle_sel_auto="#9aa3a1"
        handle_sel_align="#f0e6e9"
        lastsel_point="#ffffff"
        extra_edge_len="#fff3fa"
        extra_edge_angle="#202000"
        extra_face_angle="#ffff00"
        extra_face_area="#002000"
        editmesh_active="#ffffff80"
        normal="#22dddd"
        vertex_normal="#2361dd"
        split_normal="#dd23dd"
        bone_pose="#00a3e6"
        bone_pose_active="#ffaa18"
        bone_solid="#b2b2b2"
        bundle_solid="#c8c8c8"
        camera_path="#000000"
        skin_root="#000000"
        view_overlay="#000000"
        transform="#ffffff"
        frame_current="#60c040"
        paint_curve_handle="#7fff7f7f"
        paint_curve_pivot="#ff7f7f7f"
        outline_width="1"
        object_origin_size="6"
        >
        <space>
          <ThemeSpaceGradient
            title="#000000"
            text="#cccccc"
            text_hi="#cccccc"
            header="#47474700"
            header_text="#d9d9d9"
            header_text_hi="#ffffff"
            button="#47474700"
            button_title="#cccccc"
            button_text="#b8b8b8"
            button_text_hi="#9e9e9e"
            navigation_bar="#00000000"
            execution_buts="#47474700"
            tab_active="#6b6b6b"
            tab_inactive="#333333"
            tab_back="#474747ff"
            tab_outline="#333333"
            >
            <gradients>
              <ThemeGradientColors
                show_grad="FALSE"
                high_gradient="#333333"
                gradient="#404040"
                >
              </ThemeGradientColors>
            </gradients>
            <panelcolors>
              <ThemePanelColors
                header="#6b6b6bff"
                back="#474747ff"
                sub_back="#00000019"
                >
              </ThemePanelColors>
            </panelcolors>
          </ThemeSpaceGradient>
        </space>
      </ThemeView3D>
    </view_3d>
    <graph_editor>
      <ThemeGraphEditor
        grid="#303030"
        frame_current="#4c9933"
        time_scrub_background="#333333e6"
        window_sliders="#969696"
        channels_region="#505050"
        dopesheet_channel="#c85130"
        dopesheet_subchannel="#805543"
        channel_group="#42566d"
        active_channels_group="#326799"
        preview_range="#a14d0066"
        vertex="#000000"
        vertex_select="#ffc832"
        vertex_size="6"
        vertex_bevel="#00a5ff"
        vertex_unreferenced="#000000"
        handle_free="#000000"
        handle_auto="#8d8e90"
        handle_vect="#409030"
        handle_sel_vect="#40c030"
        handle_align="#b6b5b6"
        handle_sel_free="#000000"
        handle_sel_auto="#fdfffc"
        handle_sel_align="#148bce"
        handle_auto_clamped="#7e7e7e"
        handle_sel_auto_clamped="#148bce"
        lastsel_point="#ffffff"
        handle_vertex="#242324"
        handle_vertex_select="#ffeeee"
        handle_vertex_size="5"
        >
        <space>
          <ThemeSpaceGeneric
            back="#474747"
            title="#ffffff"
            text="#b8b8b8"
            text_hi="#fcfcfc"
            header="#474747ff"
            header_text="#d9d9d9"
            header_text_hi="#b7b7b7"
            button="#474747ff"
            button_title="#cccccc"
            button_text="#b8b8b8"
            button_text_hi="#ffffff"
            navigation_bar="#00000000"
            execution_buts="#47474700"
            tab_active="#6b6b6b"
            tab_inactive="#333333"
            tab_back="#474747ff"
            tab_outline="#333333"
            >
            <panelcolors>
              <ThemePanelColors
                header="#6b6b6bff"
                back="#474747ff"
                sub_back="#00000019"
                >
              </ThemePanelColors>
            </panelcolors>
          </ThemeSpaceGeneric>
        </space>
        <space_list>
          <ThemeSpaceListGeneric
            list="#474747"
            list_title="#8b8b8b"
            list_text="#b8b8b8"
            list_text_hi="#ffc832"
            >
          </ThemeSpaceListGeneric>
        </space_list>
      </ThemeGraphEditor>
    </graph_editor>
    <file_browser>
      <ThemeFileBrowser
        selected_file="#c85130"
        >
        <space>
          <ThemeSpaceGeneric
            back="#474747"
            title="#e4e4e4"
            text="#cacaca"
            text_hi="#0f0f0f"
            header="#474747ff"
            header_text="#d9d9d9"
            header_text_hi="#ffffff"
            button="#474747ff"
            button_title="#cccccc"
            button_text="#b8b8b8"
            button_text_hi="#ffffff"
            navigation_bar="#00000000"
            execution_buts="#47474700"
            tab_active="#6b6b6b"
            tab_inactive="#333333"
            tab_back="#474747ff"
            tab_outline="#333333"
            >
            <panelcolors>
              <ThemePanelColors
                header="#6b6b6bff"
                back="#474747ff"
                sub_back="#00000019"
                >
              </ThemePanelColors>
            </panelcolors>
          </ThemeSpaceGeneric>
        </space>
      </ThemeFileBrowser>
    </file_browser>
    <nla_editor>
      <ThemeNLAEditor
        grid="#303030"
        view_sliders="#969696"
        active_action="#cc701a66"
        active_action_unset="#9987614d"
        preview_range="#a14d0066"
        strips="#0c0a0a"
        strips_selected="#ff8c00"
        transition_strips="#1c2630"
        transition_strips_selected="#2e75db"
        meta_strips="#332642"
        meta_strips_selected="#692196"
        sound_strips="#2b3d3d"
        sound_strips_selected="#1f7a7a"
        tweak="#4df31a"
        tweak_duplicate="#d90000"
        keyframe_border="#000000ff"
        keyframe_border_selected="#000000ff"
        frame_current="#4c9933"
        time_scrub_background="#333333e6"
        >
        <space>
          <ThemeSpaceGeneric
            back="#474747"
            title="#ffffff"
            text="#b8b8b8"
            text_hi="#ffffff"
            header="#474747ff"
            header_text="#d9d9d9"
            header_text_hi="#b7b7b7"
            button="#474747ff"
            button_title="#cccccc"
            button_text="#b8b8b8"
            button_text_hi="#ffffff"
            navigation_bar="#00000000"
            execution_buts="#47474700"
            tab_active="#6b6b6b"
            tab_inactive="#333333"
            tab_back="#474747ff"
            tab_outline="#333333"
            >
            <panelcolors>
              <ThemePanelColors
                header="#6b6b6bff"
                back="#474747ff"
                sub_back="#00000019"
                >
              </ThemePanelColors>
            </panelcolors>
          </ThemeSpaceGeneric>
        </space>
        <space_list>
          <ThemeSpaceListGeneric
            list="#474747"
            list_title="#000000"
            list_text="#d9d9d9"
            list_text_hi="#ffc832"
            >
          </ThemeSpaceListGeneric>
        </space_list>
      </ThemeNLAEditor>
    </nla_editor>
    <dopesheet_editor>
      <ThemeDopeSheet
        grid="#303030"
        frame_current="#4c9933"
        time_scrub_background="#333333e6"
        value_sliders="#000000"
        view_sliders="#929292"
        dopesheet_channel="#c8513024"
        dopesheet_subchannel="#80554324"
        channels="#50505010"
        channels_selected="#ffaa8644"
        channel_group="#42566d37"
        active_channels_group="#32679955"
        long_key="#9b9b9b80"
        long_key_selected="#c85130cc"
        keyframe="#e8e8e8"
        keyframe_selected="#ffbe33"
        keyframe_extreme="#e8b3cc"
        keyframe_extreme_selected="#f28080"
        keyframe_breakdown="#b3dbe8"
        keyframe_breakdown_selected="#54bfed"
        keyframe_jitter="#94e575"
        keyframe_jitter_selected="#beb8c0"
        keyframe_movehold="#5c5656"
        keyframe_movehold_selected="#ffaf23"
        keyframe_border="#2c2c2cff"
        keyframe_border_selected="#2c2c2cff"
        keyframe_scale_factor="1"
        summary="#3b3b3b6d"
        preview_range="#a14d0066"
        interpolation_line="#94e575cc"
        >
        <space>
          <ThemeSpaceGeneric
            back="#474747"
            title="#ffffff"
            text="#b8b8b8"
            text_hi="#fcfcfc"
            header="#474747ff"
            header_text="#d9d9d9"
            header_text_hi="#b7b7b7"
            button="#474747ff"
            button_title="#cccccc"
            button_text="#b8b8b8"
            button_text_hi="#ffffff"
            navigation_bar="#00000000"
            execution_buts="#47474700"
            tab_active="#6b6b6b"
            tab_inactive="#333333"
            tab_back="#474747ff"
            tab_outline="#333333"
            >
            <panelcolors>
              <ThemePanelColors
                header="#6b6b6bff"
                back="#474747ff"
                sub_back="#00000019"
                >
              </ThemePanelColors>
            </panelcolors>
          </ThemeSpaceGeneric>
        </space>
        <space_list>
          <ThemeSpaceListGeneric
            list="#474747"
            list_title="#000000"
            list_text="#b8b8b8"
            list_text_hi="#ffc832"
            >
          </ThemeSpaceListGeneric>
        </space_list>
      </ThemeDopeSheet>
    </dopesheet_editor>
    <image_editor>
      <ThemeImageEditor
        vertex="#000000"
        vertex_select="#ff8500"
        vertex_size="3"
        vertex_bevel="#00a5ff"
        vertex_unreferenced="#000000"
        face="#ff85000a"
        face_select="#ff85003c"
        face_dot="#ff8500"
        facedot_size="2"
        freestyle_face_mark="#7fff7f33"
        editmesh_active="#ffffff80"
        wire_edit="#5c5c5c"
        edge_select="#ff8500"
        scope_back="#303030ff"
        preview_stitch_face="#1242b026"
        preview_stitch_edge="#ff8500b2"
        preview_stitch_vert="#ff85007f"
        preview_stitch_stitchable="#00ff00ff"
        preview_stitch_unstitchable="#ff0000ff"
        preview_stitch_active="#e1d2c323"
        uv_shadow="#707070ff"
        uv_others="#606060ff"
        frame_current="#60c040"
        metadatabg="#333333"
        metadatatext="#b8b8b8"
        handle_free="#000000"
        handle_auto="#909000"
        handle_align="#803060"
        handle_sel_free="#000000"
        handle_sel_auto="#f0ff40"
        handle_sel_align="#f090a0"
        handle_auto_clamped="#000000"
        handle_sel_auto_clamped="#000000"
        handle_vertex="#000000"
        handle_vertex_select="#ffff00"
        handle_vertex_size="5"
        paint_curve_handle="#7fff7f7f"
        paint_curve_pivot="#ff7f7f7f"
        >
        <space>
          <ThemeSpaceGeneric
            back="#474747"
            title="#ffffff"
            text="#cccccc"
            text_hi="#cccccc"
            header="#474747ff"
            header_text="#d9d9d9"
            header_text_hi="#b8b8b8"
            button="#47474700"
            button_title="#cccccc"
            button_text="#b8b8b8"
            button_text_hi="#ffffff"
            navigation_bar="#00000000"
            execution_buts="#47474700"
            tab_active="#6b6b6b"
            tab_inactive="#333333"
            tab_back="#474747ff"
            tab_outline="#333333"
            >
            <panelcolors>
              <ThemePanelColors
                header="#6b6b6bff"
                back="#474747ff"
                sub_back="#00000019"
                >
              </ThemePanelColors>
            </panelcolors>
          </ThemeSpaceGeneric>
        </space>
      </ThemeImageEditor>
    </image_editor>
    <sequence_editor>
      <ThemeSequenceEditor
        grid="#303030"
        window_sliders="#a0a0a0"
        movie_strip="#516987"
        movieclip_strip="#20208f"
        image_strip="#6d5881"
        scene_strip="#4e983e"
        audio_strip="#2e8f8f"
        effect_strip="#a9547c"
        transition_strip="#a25f6f"
        meta_strip="#6d9183"
        text_strip="#a29700"
        frame_current="#4c9933"
        time_scrub_background="#333333e6"
        keyframe="#ff8500"
        draw_action="#607f9e"
        preview_back="#474747"
        metadatabg="#333333"
        metadatatext="#b8b8b8"
        >
        <space>
          <ThemeSpaceGeneric
            back="#474747"
            title="#e4e4e4"
            text="#b8b8b8"
            text_hi="#ffffff"
            header="#474747ff"
            header_text="#d9d9d9"
            header_text_hi="#b7b7b7"
            button="#474747ff"
            button_title="#cccccc"
            button_text="#b8b8b8"
            button_text_hi="#ffffff"
            navigation_bar="#00000000"
            execution_buts="#47474700"
            tab_active="#6b6b6b"
            tab_inactive="#333333"
            tab_back="#474747ff"
            tab_outline="#333333"
            >
            <panelcolors>
              <ThemePanelColors
                header="#6b6b6bff"
                back="#474747ff"
                sub_back="#00000019"
                >
              </ThemePanelColors>
            </panelcolors>
          </ThemeSpaceGeneric>
        </space>
      </ThemeSequenceEditor>
    </sequence_editor>
    <properties>
      <ThemeProperties>
        <space>
          <ThemeSpaceGeneric
            back="#474747"
            title="#cccccc"
            text="#b8b8b8"
            text_hi="#ffffff"
            header="#474747ff"
            header_text="#b8b8b8"
            header_text_hi="#ffffff"
            button="#474747ff"
            button_title="#c7c7c7"
            button_text="#b8b8b8"
            button_text_hi="#ffffff"
            navigation_bar="#474747ff"
            execution_buts="#47474700"
            tab_active="#6b6b6b"
            tab_inactive="#333333"
            tab_back="#474747ff"
            tab_outline="#333333"
            >
            <panelcolors>
              <ThemePanelColors
                header="#6b6b6bff"
                back="#474747ff"
                sub_back="#00000019"
                >
              </ThemePanelColors>
            </panelcolors>
          </ThemeSpaceGeneric>
        </space>
      </ThemeProperties>
    </properties>
    <text_editor>
      <ThemeTextEditor
        line_numbers_background="#2e2e2e"
        selected_text="#606060"
        cursor="#b8b8b8"
        syntax_builtin="#009eed"
        syntax_symbols="#607f9e"
        syntax_special="#009eed"
        syntax_preprocessor="#409090"
        syntax_reserved="#8c3c00"
        syntax_comment="#1f9950"
        syntax_string="#f0ad6d"
        syntax_numbers="#f0ad6d"
        >
        <space>
          <ThemeSpaceGeneric
            back="#333333"
            title="#fefefe"
            text="#b8b8b8"
            text_hi="#ffffff"
            header="#474747ff"
            header_text="#b8b8b8"
            header_text_hi="#cccccc"
            button="#474747ff"
            button_title="#cccccc"
            button_text="#b8b8b8"
            button_text_hi="#ffffff"
            navigation_bar="#00000000"
            execution_buts="#47474700"
            tab_active="#6b6b6b"
            tab_inactive="#333333"
            tab_back="#474747ff"
            tab_outline="#333333"
            >
            <panelcolors>
              <ThemePanelColors
                header="#6b6b6bff"
                back="#474747ff"
                sub_back="#00000019"
                >
              </ThemePanelColors>
            </panelcolors>
          </ThemeSpaceGeneric>
        </space>
      </ThemeTextEditor>
    </text_editor>
    <node_editor>
      <ThemeNodeEditor
        node_selected="#00a3e6"
        node_active="#ffaa18"
        wire="#292929"
        wire_inner="#737373"
        wire_select="#ffffff"
        selected_text="#909090"
        node_backdrop="#444444ff"
        converter_node="#7f8080"
        color_node="#4c5975"
        group_node="#3a582cb9"
        group_socket_node="#1f00c7"
        frame_node="#505050aa"
        matte_node="#0076b6"
        distor_node="#292929"
        noodle_curving="4"
        input_node="#3471ae"
        output_node="#cc6666"
        filter_node="#0076b6"
        vector_node="#7191e2"
        texture_node="#e66d25"
        shader_node="#32995e"
        script_node="#141414"
        pattern_node="#008db6"
        layout_node="#3c3c3c"
        >
        <space>
          <ThemeSpaceGeneric
            back="#474747"
            title="#ffffff"
            text="#d9d9d9"
            text_hi="#d9d9d9"
            header="#474747ff"
            header_text="#d9d9d9"
            header_text_hi="#b7b7b7"
            button="#47474700"
            button_title="#cccccc"
            button_text="#b8b8b8"
            button_text_hi="#ffffff"
            navigation_bar="#00000000"
            execution_buts="#47474700"
            tab_active="#6b6b6b"
            tab_inactive="#333333"
            tab_back="#474747ff"
            tab_outline="#333333"
            >
            <panelcolors>
              <ThemePanelColors
                header="#6b6b6bff"
                back="#474747ff"
                sub_back="#00000019"
                >
              </ThemePanelColors>
            </panelcolors>
          </ThemeSpaceGeneric>
        </space>
        <space_list>
          <ThemeSpaceListGeneric
            list="#a5a5a5"
            list_title="#000000"
            list_text="#000000"
            list_text_hi="#ffc832"
            >
          </ThemeSpaceListGeneric>
        </space_list>
      </ThemeNodeEditor>
    </node_editor>
    <outliner>
      <ThemeOutliner
        match="#337f33"
        selected_highlight="#5c5c5c"
        selected_object="#00a3e6"
        active_object="#ffc832"
        edited_object="#00806266"
        row_alternate="#ffffff07"
        >
        <space>
          <ThemeSpaceGeneric
            back="#474747"
            title="#e4e4e4"
            text="#b8b8b8"
            text_hi="#ffc832"
            header="#474747ff"
            header_text="#d9d9d9"
            header_text_hi="#ffffff"
            button="#474747ff"
            button_title="#cccccc"
            button_text="#b8b8b8"
            button_text_hi="#e4e4e4"
            navigation_bar="#00000000"
            execution_buts="#47474700"
            tab_active="#6b6b6b"
            tab_inactive="#333333"
            tab_back="#474747ff"
            tab_outline="#333333"
            >
            <panelcolors>
              <ThemePanelColors
                header="#6b6b6bff"
                back="#474747ff"
                sub_back="#00000019"
                >
              </ThemePanelColors>
            </panelcolors>
          </ThemeSpaceGeneric>
        </space>
      </ThemeOutliner>
    </outliner>
    <info>
      <ThemeInfo
        info_selected="#c85130"
        info_selected_text="#ffffff"
        info_error="#801a1a"
        info_error_text="#b8b8b8"
        info_warning="#3b3b3b"
        info_warning_text="#ffe100"
        info_info="#1c4180"
        info_info_text="#b8b8b8"
        info_debug="#c4c4c4"
        info_debug_text="#000000"
        >
        <space>
          <ThemeSpaceGeneric
            back="#474747"
            title="#e4e4e4"
            text="#b8b8b8"
            text_hi="#ffffff"
            header="#474747ff"
            header_text="#d9d9d9"
            header_text_hi="#000000"
            button="#474747ff"
            button_title="#cccccc"
            button_text="#b8b8b8"
            button_text_hi="#000000"
            navigation_bar="#00000000"
            execution_buts="#47474700"
            tab_active="#6b6b6b"
            tab_inactive="#333333"
            tab_back="#474747ff"
            tab_outline="#333333"
            >
            <panelcolors>
              <ThemePanelColors
                header="#6b6b6bff"
                back="#474747ff"
                sub_back="#00000019"
                >
              </ThemePanelColors>
            </panelcolors>
          </ThemeSpaceGeneric>
        </space>
      </ThemeInfo>
    </info>
    <preferences>
      <ThemePreferences>
        <space>
          <ThemeSpaceGeneric
            back="#474747"
            title="#cccccc"
            text="#b8b8b8"
            text_hi="#d9d9d9"
            header="#474747ff"
            header_text="#eeeeee"
            header_text_hi="#ffffff"
            button="#424242ff"
            button_title="#ffffff"
            button_text="#e5e5e5"
            button_text_hi="#ffffff"
            navigation_bar="#474747ff"
            execution_buts="#474747ff"
            tab_active="#4b4b4b"
            tab_inactive="#2b2b2b"
            tab_back="#232323ff"
            tab_outline="#232323"
            >
            <panelcolors>
              <ThemePanelColors
                header="#6b6b6bff"
                back="#474747ff"
                sub_back="#00000019"
                >
              </ThemePanelColors>
            </panelcolors>
          </ThemeSpaceGeneric>
        </space>
      </ThemePreferences>
    </preferences>
    <console>
      <ThemeConsole
        line_output="#838383"
        line_input="#ffffff"
        line_info="#607f9e"
        line_error="#ff404e"
        cursor="#b8b8b8"
        select="#4e4e8f80"
        >
        <space>
          <ThemeSpaceGeneric
            back="#333333"
            title="#e4e4e4"
            text="#000000"
            text_hi="#ffffff"
            header="#474747ff"
            header_text="#d9d9d9"
            header_text_hi="#ffffff"
            button="#474747ff"
            button_title="#cccccc"
            button_text="#b8b8b8"
            button_text_hi="#ffffff"
            navigation_bar="#00000000"
            execution_buts="#47474700"
            tab_active="#6b6b6b"
            tab_inactive="#333333"
            tab_back="#474747ff"
            tab_outline="#333333"
            >
            <panelcolors>
              <ThemePanelColors
                header="#6b6b6bff"
                back="#474747ff"
                sub_back="#00000019"
                >
              </ThemePanelColors>
            </panelcolors>
          </ThemeSpaceGeneric>
        </space>
      </ThemeConsole>
    </console>
    <clip_editor>
      <ThemeClipEditor
        marker_outline="#000000"
        marker="#7f7f00"
        active_marker="#ffffff"
        selected_marker="#ffff00"
        disabled_marker="#7f0000"
        locked_marker="#7f7f7f"
        path_before="#ff0000"
        path_after="#0000ff"
        frame_current="#4c9933"
        time_scrub_background="#333333e6"
        strips="#0c0a0a"
        strips_selected="#ff8c00"
        metadatabg="#333333"
        metadatatext="#b8b8b8"
        handle_free="#000000"
        handle_auto="#909000"
        handle_align="#803060"
        handle_sel_free="#000000"
        handle_sel_auto="#f0ff40"
        handle_sel_align="#f090a0"
        handle_auto_clamped="#000000"
        handle_sel_auto_clamped="#000000"
        handle_vertex="#000000"
        handle_vertex_select="#ffff00"
        handle_vertex_size="5"
        >
        <space>
          <ThemeSpaceGeneric
            back="#474747"
            title="#ffffff"
            text="#b8b8b8"
            text_hi="#ffffff"
            header="#474747ff"
            header_text="#d9d9d9"
            header_text_hi="#b8b8b8"
            button="#474747ff"
            button_title="#cccccc"
            button_text="#b8b8b8"
            button_text_hi="#ffffff"
            navigation_bar="#00000000"
            execution_buts="#47474700"
            tab_active="#6b6b6b"
            tab_inactive="#333333"
            tab_back="#474747ff"
            tab_outline="#333333"
            >
            <panelcolors>
              <ThemePanelColors
                header="#6b6b6bff"
                back="#474747ff"
                sub_back="#00000019"
                >
              </ThemePanelColors>
            </panelcolors>
          </ThemeSpaceGeneric>
        </space>
        <space_list>
          <ThemeSpaceListGeneric
            list="#474747"
            list_title="#000000"
            list_text="#b8b8b8"
            list_text_hi="#ffc832"
            >
          </ThemeSpaceListGeneric>
        </space_list>
      </ThemeClipEditor>
    </clip_editor>
    <topbar>
      <ThemeTopBar>
        <space>
          <ThemeSpaceGeneric
            back="#6b6b6b"
            title="#cccccc"
            text="#cccccc"
            text_hi="#ffffff"
            header="#474747ff"
            header_text="#d9d9d9"
            header_text_hi="#ffffff"
            button="#7272727f"
            button_title="#cccccc"
            button_text="#b8b8b8"
            button_text_hi="#ffffff"
            navigation_bar="#00000000"
            execution_buts="#47474700"
            tab_active="#727272"
            tab_inactive="#535353"
            tab_back="#404040ff"
            tab_outline="#3c3c3c"
            >
            <panelcolors>
              <ThemePanelColors
                header="#00000019"
                back="#72727280"
                sub_back="#00000019"
                >
              </ThemePanelColors>
            </panelcolors>
          </ThemeSpaceGeneric>
        </space>
      </ThemeTopBar>
    </topbar>
    <statusbar>
      <ThemeStatusBar>
        <space>
          <ThemeSpaceGeneric
            back="#393939"
            title="#000000"
            text="#000000"
            text_hi="#ffffff"
            header="#474747ff"
            header_text="#b8b8b8"
            header_text_hi="#ffffff"
            button="#7272727f"
            button_title="#cccccc"
            button_text="#b8b8b8"
            button_text_hi="#ffffff"
            navigation_bar="#00000000"
            execution_buts="#47474700"
            tab_active="#727272"
            tab_inactive="#535353"
            tab_back="#404040ff"
            tab_outline="#3c3c3c"
            >
            <panelcolors>
              <ThemePanelColors
                header="#00000019"
                back="#72727280"
                sub_back="#00000019"
                >
              </ThemePanelColors>
            </panelcolors>
          </ThemeSpaceGeneric>
        </space>
      </ThemeStatusBar>
    </statusbar>
    <bone_color_sets>
      <ThemeBoneColorSet
        normal="#9a0000"
        select="#bd1111"
        active="#f70a0a"
        show_colored_constraints="FALSE"
        >
      </ThemeBoneColorSet>
      <ThemeBoneColorSet
        normal="#f74018"
        select="#f66913"
        active="#fa9900"
        show_colored_constraints="FALSE"
        >
      </ThemeBoneColorSet>
      <ThemeBoneColorSet
        normal="#1e9109"
        select="#59b70b"
        active="#83ef1d"
        show_colored_constraints="FALSE"
        >
      </ThemeBoneColorSet>
      <ThemeBoneColorSet
        normal="#0a3694"
        select="#3667df"
        active="#5ec1ef"
        show_colored_constraints="FALSE"
        >
      </ThemeBoneColorSet>
      <ThemeBoneColorSet
        normal="#a9294e"
        select="#c1416a"
        active="#f05d91"
        show_colored_constraints="FALSE"
        >
      </ThemeBoneColorSet>
      <ThemeBoneColorSet
        normal="#430c78"
        select="#543aa3"
        active="#8764d5"
        show_colored_constraints="FALSE"
        >
      </ThemeBoneColorSet>
      <ThemeBoneColorSet
        normal="#24785a"
        select="#3c9579"
        active="#6fb6ab"
        show_colored_constraints="FALSE"
        >
      </ThemeBoneColorSet>
      <ThemeBoneColorSet
        normal="#4b707c"
        select="#6a8691"
        active="#9bc2cd"
        show_colored_constraints="FALSE"
        >
      </ThemeBoneColorSet>
      <ThemeBoneColorSet
        normal="#f4c90c"
        select="#eec236"
        active="#f3ff00"
        show_colored_constraints="FALSE"
        >
      </ThemeBoneColorSet>
      <ThemeBoneColorSet
        normal="#1e2024"
        select="#484c56"
        active="#ffffff"
        show_colored_constraints="FALSE"
        >
      </ThemeBoneColorSet>
      <ThemeBoneColorSet
        normal="#6f2f6a"
        select="#9845be"
        active="#d330d6"
        show_colored_constraints="FALSE"
        >
      </ThemeBoneColorSet>
      <ThemeBoneColorSet
        normal="#6c8e22"
        select="#7fb022"
        active="#bbef5b"
        show_colored_constraints="FALSE"
        >
      </ThemeBoneColorSet>
      <ThemeBoneColorSet
        normal="#8d8d8d"
        select="#b0b0b0"
        active="#dedede"
        show_colored_constraints="FALSE"
        >
      </ThemeBoneColorSet>
      <ThemeBoneColorSet
        normal="#834326"
        select="#8b5811"
        active="#bd6a11"
        show_colored_constraints="FALSE"
        >
      </ThemeBoneColorSet>
      <ThemeBoneColorSet
        normal="#08310e"
        select="#1c430b"
        active="#34622b"
        show_colored_constraints="FALSE"
        >
      </ThemeBoneColorSet>
      <ThemeBoneColorSet
        normal="#000000"
        select="#000000"
        active="#000000"
        show_colored_constraints="FALSE"
        >
      </ThemeBoneColorSet>
      <ThemeBoneColorSet
        normal="#000000"
        select="#000000"
        active="#000000"
        show_colored_constraints="FALSE"
        >
      </ThemeBoneColorSet>
      <ThemeBoneColorSet
        normal="#000000"
        select="#000000"
        active="#000000"
        show_colored_constraints="FALSE"
        >
      </ThemeBoneColorSet>
      <ThemeBoneColorSet
        normal="#000000"
        select="#000000"
        active="#000000"
        show_colored_constraints="FALSE"
        >
      </ThemeBoneColorSet>
      <ThemeBoneColorSet
        normal="#000000"
        select="#000000"
        active="#000000"
        show_colored_constraints="FALSE"
        >
      </ThemeBoneColorSet>
    </bone_color_sets>
  </Theme>
  <ThemeStyle>
    <panel_title>
      <ThemeFontStyle
        points="11"
        font_kerning_style="FITTED"
        shadow="0"
        shadow_offset_x="0"
        shadow_offset_y="-1"
        shadow_alpha="0.15"
        shadow_value="1"
        >
      </ThemeFontStyle>
    </panel_title>
    <widget_label>
      <ThemeFontStyle
        points="11"
        font_kerning_style="FITTED"
        shadow="0"
        shadow_offset_x="0"
        shadow_offset_y="-1"
        shadow_alpha="0.15"
        shadow_value="1"
        >
      </ThemeFontStyle>
    </widget_label>
    <widget>
      <ThemeFontStyle
        points="11"
        font_kerning_style="FITTED"
        shadow="0"
        shadow_offset_x="0"
        shadow_offset_y="0"
        shadow_alpha="0.25"
        shadow_value="0"
        >
      </ThemeFontStyle>
    </widget>
  </ThemeStyle>
</bpy>
