<bpy>
  <Theme>
    <user_interface>
      <ThemeUserInterface
        menu_shadow_fac="0.01"
        menu_shadow_width="0"
        icon_file=""
        icon_alpha="0.7"
        icon_saturation="0.5"
        widget_emboss="#1a1a1a0d"
        editor_outline="#2d2d2d"
        axis_x="#bb4538"
        axis_y="#91bf5f"
        axis_z="#6a8bbf"
        gizmo_hi="#ffffff"
        gizmo_primary="#cd9552"
        gizmo_secondary="#6aaebf"
        gizmo_a="#91bf5f"
        gizmo_b="#bb4538"
        icon_collection="#ccccccff"
        icon_object="#cd9552ff"
        icon_object_data="#afb792ff"
        icon_modifier="#6a8bbfff"
        icon_shading="#bb4d38ff"
        >
        <wcol_regular>
          <ThemeWidgetColors
            outline="#333333"
            inner="#464646ff"
            inner_sel="#6c8dc2cc"
            item="#667080ff"
            text="#cccccc"
            text_sel="#1a1a1a"
            show_shaded="FALSE"
            shadetop="0"
            shadedown="0"
            roundness="0.4"
            >
          </ThemeWidgetColors>
        </wcol_regular>
        <wcol_tool>
          <ThemeWidgetColors
            outline="#333333"
            inner="#464646ff"
            inner_sel="#6c8dc2cc"
            item="#667080ff"
            text="#cccccc"
            text_sel="#1a1a1a"
            show_shaded="FALSE"
            shadetop="15"
            shadedown="-15"
            roundness="0.4"
            >
          </ThemeWidgetColors>
        </wcol_tool>
        <wcol_toolbar_item>
          <ThemeWidgetColors
            outline="#373737"
            inner="#585858ff"
            inner_sel="#6c8dc2cc"
            item="#cccccc80"
            text="#cccccc"
            text_sel="#cccccc"
            show_shaded="FALSE"
            shadetop="0"
            shadedown="0"
            roundness="0.4"
            >
          </ThemeWidgetColors>
        </wcol_toolbar_item>
        <wcol_radio>
          <ThemeWidgetColors
            outline="#333333"
            inner="#464646ff"
            inner_sel="#6c8dc2cc"
            item="#667080ff"
            text="#cccccc"
            text_sel="#1a1a1a"
            show_shaded="FALSE"
            shadetop="15"
            shadedown="-15"
            roundness="0.4"
            >
          </ThemeWidgetColors>
        </wcol_radio>
        <wcol_text>
          <ThemeWidgetColors
            outline="#333333"
            inner="#999999ff"
            inner_sel="#999999ff"
            item="#5a5a5aff"
            text="#1a1a1a"
            text_sel="#cccccc"
            show_shaded="FALSE"
            shadetop="0"
            shadedown="25"
            roundness="0.4"
            >
          </ThemeWidgetColors>
        </wcol_text>
        <wcol_option>
          <ThemeWidgetColors
            outline="#333333"
            inner="#606060ff"
            inner_sel="#6c8dc2cc"
            item="#ccccccff"
            text="#999999"
            text_sel="#cccccc"
            show_shaded="FALSE"
            shadetop="15"
            shadedown="-15"
            roundness="0.4"
            >
          </ThemeWidgetColors>
        </wcol_option>
        <wcol_toggle>
          <ThemeWidgetColors
            outline="#333333"
            inner="#606060ff"
            inner_sel="#6c8dc2cc"
            item="#667080ff"
            text="#cccccc"
            text_sel="#1a1a1a"
            show_shaded="FALSE"
            shadetop="0"
            shadedown="0"
            roundness="0.4"
            >
          </ThemeWidgetColors>
        </wcol_toggle>
        <wcol_num>
          <ThemeWidgetColors
            outline="#333333"
            inner="#999999ff"
            inner_sel="#999999ff"
            item="#5a5a5aff"
            text="#1a1a1a"
            text_sel="#cccccc"
            show_shaded="FALSE"
            shadetop="-20"
            shadedown="0"
            roundness="0.4"
            >
          </ThemeWidgetColors>
        </wcol_num>
        <wcol_numslider>
          <ThemeWidgetColors
            outline="#333333"
            inner="#999999ff"
            inner_sel="#999999ff"
            item="#606060ff"
            text="#1a1a1a"
            text_sel="#cccccc"
            show_shaded="FALSE"
            shadetop="-20"
            shadedown="0"
            roundness="0.4"
            >
          </ThemeWidgetColors>
        </wcol_numslider>
        <wcol_box>
          <ThemeWidgetColors
            outline="#333333"
            inner="#3a3a3acc"
            inner_sel="#6c8dc2cc"
            item="#667080ff"
            text="#999999"
            text_sel="#cccccc"
            show_shaded="FALSE"
            shadetop="0"
            shadedown="0"
            roundness="0.4"
            >
          </ThemeWidgetColors>
        </wcol_box>
        <wcol_menu>
          <ThemeWidgetColors
            outline="#333333"
            inner="#393939ff"
            inner_sel="#6c8dc2cc"
            item="#ccccccff"
            text="#cccccc"
            text_sel="#1a1a1a"
            show_shaded="FALSE"
            shadetop="15"
            shadedown="-15"
            roundness="0.4"
            >
          </ThemeWidgetColors>
        </wcol_menu>
        <wcol_pulldown>
          <ThemeWidgetColors
            outline="#333333"
            inner="#3f3f3fff"
            inner_sel="#6c8dc2cc"
            item="#ccccccff"
            text="#cccccc"
            text_sel="#1a1a1a"
            show_shaded="FALSE"
            shadetop="25"
            shadedown="-20"
            roundness="0.4"
            >
          </ThemeWidgetColors>
        </wcol_pulldown>
        <wcol_menu_back>
          <ThemeWidgetColors
            outline="#333333"
            inner="#2d2d2df5"
            inner_sel="#2d2d2df5"
            item="#ccccccff"
            text="#999999"
            text_sel="#cccccc"
            show_shaded="FALSE"
            shadetop="25"
            shadedown="-20"
            roundness="0.4"
            >
          </ThemeWidgetColors>
        </wcol_menu_back>
        <wcol_pie_menu>
          <ThemeWidgetColors
            outline="#333333"
            inner="#2d2d2df5"
            inner_sel="#6c8dc2cc"
            item="#6c8dc2cc"
            text="#cccccc"
            text_sel="#1a1a1a"
            show_shaded="FALSE"
            shadetop="10"
            shadedown="-10"
            roundness="0.4"
            >
          </ThemeWidgetColors>
        </wcol_pie_menu>
        <wcol_tooltip>
          <ThemeWidgetColors
            outline="#333333"
            inner="#2c2c2ce6"
            inner_sel="#2d2d2de6"
            item="#ccccccff"
            text="#cccccc"
            text_sel="#1a1a1a"
            show_shaded="FALSE"
            shadetop="25"
            shadedown="-20"
            roundness="0.4"
            >
          </ThemeWidgetColors>
        </wcol_tooltip>
        <wcol_menu_item>
          <ThemeWidgetColors
            outline="#333333"
            inner="#00000000"
            inner_sel="#6c8dc2cc"
            item="#00000000"
            text="#cccccc"
            text_sel="#1a1a1a"
            show_shaded="FALSE"
            shadetop="38"
            shadedown="0"
            roundness="0.4"
            >
          </ThemeWidgetColors>
        </wcol_menu_item>
        <wcol_scroll>
          <ThemeWidgetColors
            outline="#333333"
            inner="#505050b4"
            inner_sel="#646464b4"
            item="#333333ff"
            text="#1a1a1a"
            text_sel="#cccccc"
            show_shaded="FALSE"
            shadetop="5"
            shadedown="-5"
            roundness="0.4"
            >
          </ThemeWidgetColors>
        </wcol_scroll>
        <wcol_progress>
          <ThemeWidgetColors
            outline="#b1b1b1"
            inner="#bebebeff"
            inner_sel="#646464b4"
            item="#808080ff"
            text="#1a1a1a"
            text_sel="#cccccc"
            show_shaded="FALSE"
            shadetop="0"
            shadedown="0"
            roundness="0.1"
            >
          </ThemeWidgetColors>
        </wcol_progress>
        <wcol_list_item>
          <ThemeWidgetColors
            outline="#333333"
            inner="#1a1a1a00"
            inner_sel="#6c8dc2cc"
            item="#5a5a5aff"
            text="#999999"
            text_sel="#cccccc"
            show_shaded="FALSE"
            shadetop="0"
            shadedown="0"
            roundness="0.4"
            >
          </ThemeWidgetColors>
        </wcol_list_item>
        <wcol_state>
          <ThemeWidgetStateColors
            inner_anim="#cd9552"
            inner_anim_sel="#6c8dc2"
            inner_key="#cd9552"
            inner_key_sel="#6c8dc2"
            inner_driven="#57688a"
            inner_driven_sel="#6c8dc2"
            inner_overridden="#ae4034"
            inner_overridden_sel="#bb4538"
            inner_changed="#cc7529"
            inner_changed_sel="#e6852d"
            blend="0.5"
            >
          </ThemeWidgetStateColors>
        </wcol_state>
        <wcol_tab>
          <ThemeWidgetColors
            outline="#2d2d2d"
            inner="#323232ff"
            inner_sel="#4b4b4bff"
            item="#2d2d2dff"
            text="#999999"
            text_sel="#cccccc"
            show_shaded="FALSE"
            shadetop="0"
            shadedown="0"
            roundness="0.4"
            >
          </ThemeWidgetColors>
        </wcol_tab>
      </ThemeUserInterface>
    </user_interface>
    <view_3d>
      <ThemeView3D
        grid="#404040ff"
        clipping_border_3d="#313131ff"
        wire="#272727"
        wire_edit="#1a1a1a"
        gp_vertex="#1a1a1a"
        gp_vertex_select="#8eb9ff"
        gp_vertex_size="4"
        text_grease_pencil="#db734d"
        object_selected="#8eb9ff"
        object_active="#cccccc"
        text_keyframe="#e5a95c"
        camera="#272727"
        empty="#272727"
        light="#1a1a1a28"
        speaker="#272727"
        vertex="#1a1a1a"
        vertex_select="#8eb9ff"
        vertex_size="4"
        vertex_bevel="#00a5ff"
        vertex_unreferenced="#272727"
        edge_select="#8eb9ff"
        edge_seam="#db493a"
        edge_sharp="#afb162"
        edge_crease="#db793a"
        edge_bevel="#00a5ff"
        edge_facesel="#465f7d"
        freestyle_edge_mark="#99ff99"
        face="#1a1a1a12"
        face_select="#8eb9ff3c"
        face_dot="#8eb9ff"
        facedot_size="4"
        freestyle_face_mark="#99ff9933"
        nurb_uline="#7295cb"
        nurb_vline="#1e2024"
        nurb_sel_uline="#8eb9ff"
        nurb_sel_vline="#484c56"
        act_spline="#db493a"
        handle_free="#8b6229"
        handle_auto="#4b707c"
        handle_vect="#357860"
        handle_sel_vect="#3c9579"
        handle_align="#6d468d"
        handle_sel_free="#bd7b33"
        handle_sel_auto="#6a8691"
        handle_sel_align="#b0a3f0"
        lastsel_point="#cccccc"
        extra_edge_len="#db9a3a"
        extra_edge_angle="#db493a"
        extra_face_angle="#db493a"
        extra_face_area="#db9a3a"
        editmesh_active="#cccccc80"
        normal="#53a4a4"
        vertex_normal="#487add"
        split_normal="#be68dd"
        bone_pose="#e57355"
        bone_pose_active="#e5a95c"
        bone_solid="#727272"
        bundle_solid="#c8c8c8"
        camera_path="#1a1a1a"
        skin_root="#b46262"
        view_overlay="#1a1a1a"
        transform="#cccccc"
        frame_current="#ffbb66"
        paint_curve_handle="#99ff997f"
        paint_curve_pivot="#ff99997f"
        outline_width="2"
        >
        <space>
          <ThemeSpaceGradient
            title="#1a1a1a"
            text="#cccccc"
            text_hi="#cccccc"
            header="#65656500"
            header_text="#1a1a1a"
            header_text_hi="#cccccc"
            button="#2d2d2d00"
            button_title="#cccccc"
            button_text="#999999"
            button_text_hi="#cccccc"
            navigation_bar="#00000000"
            tab_active="#2d2d2d"
            tab_inactive="#282828"
            tab_back="#1f1f1ff5"
            tab_outline="#1a1a1a"
            >
            <gradients>
              <ThemeGradientColors
                show_grad="TRUE"
                gradient="#1d1f21"
                high_gradient="#494f55"
                >
              </ThemeGradientColors>
            </gradients>
            <panelcolors>
              <ThemePanelColors
                header="#282828f5"
                back="#2d2d2df5"
                sub_back="#1f1f1ff5"
                >
              </ThemePanelColors>
            </panelcolors>
          </ThemeSpaceGradient>
        </space>
      </ThemeView3D>
    </view_3d>
    <graph_editor>
      <ThemeGraphEditor
        grid="#4d4d4d"
        frame_current="#ffbb66"
        window_sliders="#969696"
        channels_region="#707070"
        dopesheet_channel="#58636e"
        dopesheet_subchannel="#818c96"
        channel_group="#677f63"
        active_channels_group="#8fb187"
        preview_range="#00000080"
        vertex="#272727"
        vertex_select="#8eb9ff"
        vertex_size="4"
        vertex_bevel="#1a1a1a"
        vertex_unreferenced="#343434"
        handle_free="#8b6229"
        handle_auto="#4b707c"
        handle_vect="#357860"
        handle_sel_vect="#3c9579"
        handle_align="#6d468d"
        handle_sel_free="#bd7b33"
        handle_sel_auto="#6a8691"
        handle_sel_align="#b0a3f0"
        handle_auto_clamped="#ad9e82"
        handle_sel_auto_clamped="#ccc093"
        lastsel_point="#cccccc"
        handle_vertex="#272727"
        handle_vertex_select="#8eb9ff"
        handle_vertex_size="4"
        >
        <space>
          <ThemeSpaceGeneric
            back="#656565"
            title="#1a1a1a"
            text="#999999"
            text_hi="#1a1a1a"
            header="#65656500"
            header_text="#cccccc"
            header_text_hi="#cccccc"
            button="#2d2d2d00"
            button_title="#cccccc"
            button_text="#999999"
            button_text_hi="#cccccc"
            navigation_bar="#00000000"
            tab_active="#2d2d2d"
            tab_inactive="#282828"
            tab_back="#1f1f1ff5"
            tab_outline="#1a1a1a"
            >
            <panelcolors>
              <ThemePanelColors
                header="#282828f5"
                back="#2d2d2df5"
                sub_back="#1f1f1ff5"
                >
              </ThemePanelColors>
            </panelcolors>
          </ThemeSpaceGeneric>
        </space>
        <space_list>
          <ThemeSpaceListGeneric
            list="#656565"
            list_title="#1a1a1a"
            list_text="#1a1a1a"
            list_text_hi="#cccccc"
            >
          </ThemeSpaceListGeneric>
        </space_list>
      </ThemeGraphEditor>
    </graph_editor>
    <file_browser>
      <ThemeFileBrowser
        selected_file="#6c8dc2"
        >
        <space>
          <ThemeSpaceGeneric
            back="#1d1f21"
            title="#1a1a1a"
            text="#cccccc"
            text_hi="#1a1a1a"
            header="#65656500"
            header_text="#1a1a1a"
            header_text_hi="#cccccc"
            button="#2d2d2d00"
            button_title="#cccccc"
            button_text="#999999"
            button_text_hi="#cccccc"
            navigation_bar="#00000000"
            tab_active="#2d2d2d"
            tab_inactive="#282828"
            tab_back="#1f1f1ff5"
            tab_outline="#1a1a1a"
            >
            <panelcolors>
              <ThemePanelColors
                header="#282828f5"
                back="#2d2d2df5"
                sub_back="#1f1f1ff5"
                >
              </ThemePanelColors>
            </panelcolors>
          </ThemeSpaceGeneric>
        </space>
      </ThemeFileBrowser>
    </file_browser>
    <nla_editor>
      <ThemeNLAEditor
        grid="#4d4d4d"
        view_sliders="#969696"
        active_action="#cc823e66"
        active_action_unset="#998b6c4d"
        preview_range="#00000080"
        strips="#1a1a1a"
        strips_selected="#8eb9ff"
        transition_strips="#202830"
        transition_strips_selected="#5189db"
        meta_strips="#362c42"
        meta_strips_selected="#7a598e"
        sound_strips="#2f3d3d"
        sound_strips_selected="#54867d"
        tweak="#cccccc"
        tweak_duplicate="#963939"
        keyframe_border="#1a1a1aff"
        keyframe_border_selected="#1a1a1aff"
        frame_current="#ffbb66"
        >
        <space>
          <ThemeSpaceGeneric
            back="#656565"
            title="#1a1a1a"
            text="#999999"
            text_hi="#1a1a1a"
            header="#65656500"
            header_text="#cccccc"
            header_text_hi="#cccccc"
            button="#2d2d2d00"
            button_title="#cccccc"
            button_text="#999999"
            button_text_hi="#cccccc"
            navigation_bar="#00000000"
            tab_active="#2d2d2d"
            tab_inactive="#282828"
            tab_back="#1f1f1ff5"
            tab_outline="#222222"
            >
            <panelcolors>
              <ThemePanelColors
                header="#282828f5"
                back="#2d2d2df5"
                sub_back="#1f1f1ff5"
                >
              </ThemePanelColors>
            </panelcolors>
          </ThemeSpaceGeneric>
        </space>
        <space_list>
          <ThemeSpaceListGeneric
            list="#656565"
            list_title="#1a1a1a"
            list_text="#1a1a1a"
            list_text_hi="#cccccc"
            >
          </ThemeSpaceListGeneric>
        </space_list>
      </ThemeNLAEditor>
    </nla_editor>
    <dopesheet_editor>
      <ThemeDopeSheet
        grid="#4d4d4d"
        frame_current="#ffbb66"
        value_sliders="#1a1a1a"
        view_sliders="#969696"
        dopesheet_channel="#547ca624"
        dopesheet_subchannel="#748da624"
        channels="#7e7e7e10"
        channels_selected="#93939380"
        channel_group="#677f6344"
        active_channels_group="#85a47d44"
        long_key="#1a1a1a80"
        long_key_selected="#8eb9ff80"
        keyframe="#272727"
        keyframe_selected="#8eb9ff"
        keyframe_extreme="#e8bed2"
        keyframe_extreme_selected="#f29797"
        keyframe_breakdown="#bedee8"
        keyframe_breakdown_selected="#73c8ed"
        keyframe_jitter="#677f63"
        keyframe_jitter_selected="#8fb187"
        keyframe_movehold="#5c5656"
        keyframe_movehold_selected="#ffaf23"
        keyframe_border="#414141ff"
        keyframe_border_selected="#1a1a1aff"
        keyframe_scale_factor="1"
        summary="#cc823e66"
        preview_range="#00000080"
        interpolation_line="#aa7a5bcf"
        >
        <space>
          <ThemeSpaceGeneric
            back="#656565"
            title="#1a1a1a"
            text="#999999"
            text_hi="#1a1a1a"
            header="#65656500"
            header_text="#cccccc"
            header_text_hi="#cccccc"
            button="#2d2d2d00"
            button_title="#cccccc"
            button_text="#999999"
            button_text_hi="#cccccc"
            navigation_bar="#00000000"
            tab_active="#2d2d2d"
            tab_inactive="#282828"
            tab_back="#1f1f1ff5"
            tab_outline="#1a1a1a"
            >
            <panelcolors>
              <ThemePanelColors
                header="#282828f5"
                back="#2d2d2df5"
                sub_back="#1f1f1ff5"
                >
              </ThemePanelColors>
            </panelcolors>
          </ThemeSpaceGeneric>
        </space>
        <space_list>
          <ThemeSpaceListGeneric
            list="#656565"
            list_title="#1a1a1a"
            list_text="#1a1a1a"
            list_text_hi="#cccccc"
            >
          </ThemeSpaceListGeneric>
        </space_list>
      </ThemeDopeSheet>
    </dopesheet_editor>
    <image_editor>
      <ThemeImageEditor
        gp_vertex="#1a1a1a"
        gp_vertex_select="#8eb9ff"
        gp_vertex_size="4"
        vertex="#1a1a1a"
        vertex_select="#8eb9ff"
        vertex_size="4"
        vertex_bevel="#1a1a1a"
        vertex_unreferenced="#272727"
        face="#1a1a1a12"
        face_select="#8eb9ff3c"
        face_dot="#8eb9ff"
        facedot_size="4"
        freestyle_face_mark="#899b7533"
        editmesh_active="#cccccc80"
        wire_edit="#c0c0c0"
        edge_select="#8eb9ff"
        scope_back="#1a1a1a4c"
        preview_stitch_face="#a3714e33"
        preview_stitch_edge="#bd564133"
        preview_stitch_vert="#37589833"
        preview_stitch_stitchable="#82a35cff"
        preview_stitch_unstitchable="#ba5247ff"
        preview_stitch_active="#1a1a1a00"
        uv_shadow="#707070ff"
        uv_others="#606060ff"
        frame_current="#ffbb66"
        metadatabg="#1a1a1a"
        metadatatext="#cccccc"
        handle_free="#8b6229"
        handle_auto="#568c7d"
        handle_align="#645d9f"
        handle_sel_free="#a87b33"
        handle_sel_auto="#52969a"
        handle_sel_align="#b0a3f0"
        handle_auto_clamped="#baaa8c"
        handle_sel_auto_clamped="#b2a881"
        handle_vertex="#1a1a1a"
        handle_vertex_select="#8eb9ff"
        handle_vertex_size="4"
        paint_curve_handle="#899b897f"
        paint_curve_pivot="#bb99997f"
        >
        <space>
          <ThemeSpaceGeneric
            back="#1d1f21"
            title="#1a1a1a"
            text="#999999"
            text_hi="#1a1a1a"
            header="#65656500"
            header_text="#cccccc"
            header_text_hi="#cccccc"
            button="#2d2d2d00"
            button_title="#cccccc"
            button_text="#999999"
            button_text_hi="#cccccc"
            navigation_bar="#00000000"
            tab_active="#2d2d2d"
            tab_inactive="#282828"
            tab_back="#1f1f1ff5"
            tab_outline="#1a1a1a"
            >
            <panelcolors>
              <ThemePanelColors
                header="#282828f5"
                back="#2d2d2df5"
                sub_back="#1f1f1ff5"
                >
              </ThemePanelColors>
            </panelcolors>
          </ThemeSpaceGeneric>
        </space>
      </ThemeImageEditor>
    </image_editor>
    <sequence_editor>
      <ThemeSequenceEditor
        gp_vertex="#1a1a1a"
        gp_vertex_select="#8eb9ff"
        gp_vertex_size="4"
        grid="#404040"
        window_sliders="#a0a0a0"
        movie_strip="#5b6f87"
        movieclip_strip="#6483b1"
        image_strip="#716081"
        scene_strip="#5d9850"
        audio_strip="#418f8f"
        effect_strip="#a96585"
        transition_strip="#a26c79"
        meta_strip="#749186"
        text_strip="#b39844"
        frame_current="#ffbb66"
        keyframe="#e5a95c"
        draw_action="#73d3ff"
        preview_back="#1d1f21"
        metadatabg="#1a1a1a"
        metadatatext="#cccccc"
        >
        <space>
          <ThemeSpaceGeneric
            back="#656565"
            title="#1a1a1a"
            text="#999999"
            text_hi="#1a1a1a"
            header="#65656500"
            header_text="#cccccc"
            header_text_hi="#cccccc"
            button="#2d2d2d00"
            button_title="#cccccc"
            button_text="#999999"
            button_text_hi="#cccccc"
            navigation_bar="#00000000"
            tab_active="#2d2d2d"
            tab_inactive="#282828"
            tab_back="#1f1f1ff5"
            tab_outline="#1a1a1a"
            >
            <panelcolors>
              <ThemePanelColors
                header="#282828f5"
                back="#2d2d2df5"
                sub_back="#1f1f1ff5"
                >
              </ThemePanelColors>
            </panelcolors>
          </ThemeSpaceGeneric>
        </space>
      </ThemeSequenceEditor>
    </sequence_editor>
    <properties>
      <ThemeProperties>
        <space>
          <ThemeSpaceGeneric
            back="#656565"
            title="#1a1a1a"
            text="#cccccc"
            text_hi="#cccccc"
            header="#65656500"
            header_text="#1a1a1a"
            header_text_hi="#cccccc"
            button="#2d2d2d00"
            button_title="#cccccc"
            button_text="#999999"
            button_text_hi="#cccccc"
            navigation_bar="#1f1f1ff5"
            tab_active="#2d2d2d"
            tab_inactive="#282828"
            tab_back="#1f1f1ff5"
            tab_outline="#1a1a1a"
            >
            <panelcolors>
              <ThemePanelColors
                header="#1a1a1a1a"
                back="#65656580"
                sub_back="#1a1a1a24"
                >
              </ThemePanelColors>
            </panelcolors>
          </ThemeSpaceGeneric>
        </space>
      </ThemeProperties>
    </properties>
    <text_editor>
      <ThemeTextEditor
        line_numbers_background="#2d2d2d"
        selected_text="#3a3a3a"
        cursor="#c5c8c6"
        syntax_builtin="#b294bb"
        syntax_symbols="#717371"
        syntax_special="#cc6666"
        syntax_preprocessor="#8abeb7"
        syntax_reserved="#f0c674"
        syntax_comment="#969896"
        syntax_string="#b5bd68"
        syntax_numbers="#de935f"
        >
        <space>
          <ThemeSpaceGeneric
            back="#1d1f21"
            title="#1a1a1a"
            text="#c5c8c6"
            text_hi="#cccccc"
            header="#65656500"
            header_text="#1a1a1a"
            header_text_hi="#cccccc"
            button="#2d2d2d00"
            button_title="#cccccc"
            button_text="#999999"
            button_text_hi="#cccccc"
            navigation_bar="#00000000"
            tab_active="#2d2d2d"
            tab_inactive="#282828"
            tab_back="#1f1f1ff5"
            tab_outline="#1a1a1a"
            >
            <panelcolors>
              <ThemePanelColors
                header="#282828f5"
                back="#2d2d2df5"
                sub_back="#1f1f1ff5"
                >
              </ThemePanelColors>
            </panelcolors>
          </ThemeSpaceGeneric>
        </space>
      </ThemeTextEditor>
    </text_editor>
    <node_editor>
      <ThemeNodeEditor
        gp_vertex="#1a1a1a"
        gp_vertex_select="#8eb9ff"
        gp_vertex_size="4"
        node_selected="#8eb9ff"
        node_active="#cccccc"
        wire="#636363"
        wire_inner="#2c3549"
        wire_select="#8eb9ff"
        selected_text="#7f7373"
        node_backdrop="#80808080"
        converter_node="#6183a4"
        color_node="#978556"
        group_node="#53654f"
        group_socket_node="#718c6d"
        frame_node="#a5a5a5ff"
        matte_node="#977b7b"
        distor_node="#974b4b"
        noodle_curving="2"
        input_node="#7b504a"
        output_node="#8f776f"
        filter_node="#2c637a"
        vector_node="#7b6089"
        texture_node="#835b49"
        shader_node="#44516b"
        script_node="#8f8f8f"
        pattern_node="#5e6470"
        layout_node="#41766d"
        >
        <space>
          <ThemeSpaceGeneric
            back="#1d1f21"
            title="#1a1a1a"
            text="#999999"
            text_hi="#cccccc"
            header="#65656500"
            header_text="#1a1a1a"
            header_text_hi="#cccccc"
            button="#2d2d2d00"
            button_title="#cccccc"
            button_text="#999999"
            button_text_hi="#cccccc"
            navigation_bar="#00000000"
            tab_active="#2d2d2d"
            tab_inactive="#282828"
            tab_back="#1f1f1ff5"
            tab_outline="#1a1a1a"
            >
            <panelcolors>
              <ThemePanelColors
                header="#282828f5"
                back="#2d2d2df5"
                sub_back="#1f1f1ff5"
                >
              </ThemePanelColors>
            </panelcolors>
          </ThemeSpaceGeneric>
        </space>
        <space_list>
          <ThemeSpaceListGeneric
            list="#656565"
            list_title="#1a1a1a"
            list_text="#1a1a1a"
            list_text_hi="#cccccc"
            >
          </ThemeSpaceListGeneric>
        </space_list>
      </ThemeNodeEditor>
    </node_editor>
    <outliner>
      <ThemeOutliner
        match="#6c8dc2"
        selected_highlight="#939393"
        >
        <space>
          <ThemeSpaceGeneric
            back="#656565"
            title="#1a1a1a"
            text="#1a1a1a"
            text_hi="#cccccc"
            header="#65656500"
            header_text="#1a1a1a"
            header_text_hi="#cccccc"
            button="#2d2d2d00"
            button_title="#cccccc"
            button_text="#999999"
            button_text_hi="#cccccc"
            navigation_bar="#00000000"
            tab_active="#2d2d2d"
            tab_inactive="#282828"
            tab_back="#1f1f1ff5"
            tab_outline="#1a1a1a"
            >
            <panelcolors>
              <ThemePanelColors
                header="#282828f5"
                back="#2d2d2df5"
                sub_back="#1f1f1ff5"
                >
              </ThemePanelColors>
            </panelcolors>
          </ThemeSpaceGeneric>
        </space>
      </ThemeOutliner>
    </outliner>
    <info>
      <ThemeInfo
        info_selected="#1d1f21"
        info_selected_text="#8099ff"
        info_error="#1d1f21"
        info_error_text="#cc6666"
        info_warning="#1d1f21"
        info_warning_text="#de935f"
        info_info="#1d1f21"
        info_info_text="#b5bd68"
        info_debug="#1d1f21"
        info_debug_text="#b294bb"
        >
        <space>
          <ThemeSpaceGeneric
            back="#1d1f21"
            title="#1a1a1a"
            text="#c5c8c6"
            text_hi="#cccccc"
            header="#65656500"
            header_text="#1a1a1a"
            header_text_hi="#cccccc"
            button="#2d2d2d00"
            button_title="#1a1a1a"
            button_text="#999999"
            button_text_hi="#cccccc"
            navigation_bar="#00000000"
            tab_active="#2d2d2d"
            tab_inactive="#282828"
            tab_back="#1f1f1ff5"
            tab_outline="#1a1a1a"
            >
            <panelcolors>
              <ThemePanelColors
                header="#282828f5"
                back="#2d2d2df5"
                sub_back="#1f1f1ff5"
                >
              </ThemePanelColors>
            </panelcolors>
          </ThemeSpaceGeneric>
        </space>
      </ThemeInfo>
    </info>
    <user_preferences>
      <ThemeUserPreferences>
        <space>
          <ThemeSpaceGeneric
            back="#656565"
            title="#1a1a1a"
            text="#cccccc"
            text_hi="#cccccc"
            header="#65656500"
            header_text="#1a1a1a"
            header_text_hi="#cccccc"
            button="#2d2d2d00"
            button_title="#cccccc"
            button_text="#999999"
            button_text_hi="#cccccc"
            navigation_bar="#1f1f1ff5"
            tab_active="#2d2d2d"
            tab_inactive="#282828"
            tab_back="#1f1f1ff5"
            tab_outline="#1a1a1a"
            >
            <panelcolors>
              <ThemePanelColors
                header="#1a1a1a1a"
                back="#65656580"
                sub_back="#1a1a1a24"
                >
              </ThemePanelColors>
            </panelcolors>
          </ThemeSpaceGeneric>
        </space>
      </ThemeUserPreferences>
    </user_preferences>
    <console>
      <ThemeConsole
        line_output="#de935f"
        line_input="#cccccc"
        line_info="#b5bd68"
        line_error="#cc6666"
        cursor="#c5c8c6"
        select="#cccccc1a"
        >
        <space>
          <ThemeSpaceGeneric
            back="#1d1f21"
            title="#1a1a1a"
            text="#1a1a1a"
            text_hi="#cccccc"
            header="#65656500"
            header_text="#1a1a1a"
            header_text_hi="#cccccc"
            button="#2d2d2d00"
            button_title="#cccccc"
            button_text="#999999"
            button_text_hi="#cccccc"
            navigation_bar="#00000000"
            tab_active="#2d2d2d"
            tab_inactive="#282828"
            tab_back="#1f1f1ff5"
            tab_outline="#1a1a1a"
            >
            <panelcolors>
              <ThemePanelColors
                header="#282828f5"
                back="#2d2d2df5"
                sub_back="#1f1f1ff5"
                >
              </ThemePanelColors>
            </panelcolors>
          </ThemeSpaceGeneric>
        </space>
      </ThemeConsole>
    </console>
    <clip_editor>
      <ThemeClipEditor
        gp_vertex="#1a1a1a"
        gp_vertex_select="#8eb9ff"
        gp_vertex_size="4"
        marker_outline="#1a1a1a"
        marker="#b46262"
        active_marker="#cccccc"
        selected_marker="#6c8dc2"
        disabled_marker="#c0493a"
        locked_marker="#7f7f7f"
        path_before="#be493a"
        path_after="#496081"
        frame_current="#ffbb66"
        strips="#1a1a1a"
        strips_selected="#8eb9ff"
        handle_free="#8b6229"
        handle_auto="#4b707c"
        handle_align="#6d468d"
        handle_sel_free="#b87333"
        handle_sel_auto="#6a8691"
        handle_sel_align="#b0a3f0"
        handle_auto_clamped="#ad9e82"
        handle_sel_auto_clamped="#ccc093"
        handle_vertex="#272727"
        handle_vertex_select="#8eb9ff"
        handle_vertex_size="4"
        >
        <space>
          <ThemeSpaceGeneric
            back="#1d1f21"
            title="#1a1a1a"
            text="#999999"
            text_hi="#cccccc"
            header="#65656500"
            header_text="#1a1a1a"
            header_text_hi="#cccccc"
            button="#2d2d2d00"
            button_title="#cccccc"
            button_text="#999999"
            button_text_hi="#1a1a1a"
            navigation_bar="#00000000"
            tab_active="#2d2d2d"
            tab_inactive="#282828"
            tab_back="#1f1f1ff5"
            tab_outline="#1a1a1a"
            >
            <panelcolors>
              <ThemePanelColors
                header="#282828f5"
                back="#2d2d2df5"
                sub_back="#1f1f1ff5"
                >
              </ThemePanelColors>
            </panelcolors>
          </ThemeSpaceGeneric>
        </space>
        <space_list>
          <ThemeSpaceListGeneric
            list="#656565"
            list_title="#1a1a1a"
            list_text="#000000"
            list_text_hi="#cccccc"
            >
          </ThemeSpaceListGeneric>
        </space_list>
      </ThemeClipEditor>
    </clip_editor>
    <topbar>
      <ThemeTopBar>
        <space>
          <ThemeSpaceGeneric
            back="#545454"
            title="#cccccc"
            text="#cccccc"
            text_hi="#cccccc"
            header="#23232300"
            header_text="#cccccc"
            header_text_hi="#cccccc"
            button="#2d2d2d00"
            button_title="#cccccc"
            button_text="#999999"
            button_text_hi="#cccccc"
            navigation_bar="#00000000"
            tab_active="#5680c2"
            tab_inactive="#424242"
            tab_back="#232323ff"
            tab_outline="#2d2d2d"
            >
            <panelcolors>
              <ThemePanelColors
                header="#424242cc"
                back="#333333b3"
                sub_back="#1a1a1a3e"
                >
              </ThemePanelColors>
            </panelcolors>
          </ThemeSpaceGeneric>
        </space>
      </ThemeTopBar>
    </topbar>
    <statusbar>
      <ThemeStatusBar>
        <space>
          <ThemeSpaceGeneric
            back="#2e2e2e"
            title="#cccccc"
            text="#838383"
            text_hi="#cccccc"
            header="#23232300"
            header_text="#aaaaaa"
            header_text_hi="#cccccc"
            button="#2d2d2d00"
            button_title="#cccccc"
            button_text="#999999"
            button_text_hi="#cccccc"
            navigation_bar="#00000000"
            tab_active="#5680c2"
            tab_inactive="#424242"
            tab_back="#232323ff"
            tab_outline="#2d2d2d"
            >
            <panelcolors>
              <ThemePanelColors
                header="#424242cc"
                back="#333333b3"
                sub_back="#1a1a1a3e"
                >
              </ThemePanelColors>
            </panelcolors>
          </ThemeSpaceGeneric>
        </space>
      </ThemeStatusBar>
    </statusbar>
    <bone_color_sets>
      <ThemeBoneColorSet
        normal="#822d24"
        select="#a43529"
        active="#bb4538"
        show_colored_constraints="FALSE"
        >
      </ThemeBoneColorSet>
      <ThemeBoneColorSet
        normal="#272727"
        select="#cc6e35"
        active="#cc8c29"
        show_colored_constraints="FALSE"
        >
      </ThemeBoneColorSet>
      <ThemeBoneColorSet
        normal="#6c8243"
        select="#82975a"
        active="#a3bd67"
        show_colored_constraints="FALSE"
        >
      </ThemeBoneColorSet>
      <ThemeBoneColorSet
        normal="#3c5894"
        select="#7392df"
        active="#92d1ef"
        show_colored_constraints="FALSE"
        >
      </ThemeBoneColorSet>
      <ThemeBoneColorSet
        normal="#272727"
        select="#4f8ca7"
        active="#5cb4e1"
        show_colored_constraints="FALSE"
        >
      </ThemeBoneColorSet>
      <ThemeBoneColorSet
        normal="#5c3f78"
        select="#7364a3"
        active="#8a79b0"
        show_colored_constraints="FALSE"
        >
      </ThemeBoneColorSet>
      <ThemeBoneColorSet
        normal="#4a7867"
        select="#578d7c"
        active="#6a9b93"
        show_colored_constraints="FALSE"
        >
      </ThemeBoneColorSet>
      <ThemeBoneColorSet
        normal="#4b707c"
        select="#6a8691"
        active="#88aab4"
        show_colored_constraints="FALSE"
        >
      </ThemeBoneColorSet>
      <ThemeBoneColorSet
        normal="#998424"
        select="#b39844"
        active="#a8ac5a"
        show_colored_constraints="FALSE"
        >
      </ThemeBoneColorSet>
      <ThemeBoneColorSet
        normal="#1e2024"
        select="#484c56"
        active="#ffffff"
        show_colored_constraints="FALSE"
        >
      </ThemeBoneColorSet>
      <ThemeBoneColorSet
        normal="#3c556f"
        select="#507596"
        active="#598aba"
        show_colored_constraints="FALSE"
        >
      </ThemeBoneColorSet>
      <ThemeBoneColorSet
        normal="#632727"
        select="#782a2a"
        active="#763c3c"
        show_colored_constraints="FALSE"
        >
      </ThemeBoneColorSet>
      <ThemeBoneColorSet
        normal="#8d8d8d"
        select="#b0b0b0"
        active="#dedede"
        show_colored_constraints="FALSE"
        >
      </ThemeBoneColorSet>
      <ThemeBoneColorSet
        normal="#835039"
        select="#8b6229"
        active="#9e6e3a"
        show_colored_constraints="FALSE"
        >
      </ThemeBoneColorSet>
      <ThemeBoneColorSet
        normal="#312525"
        select="#432828"
        active="#623c3c"
        show_colored_constraints="FALSE"
        >
      </ThemeBoneColorSet>
      <ThemeBoneColorSet
        normal="#272727"
        select="#879786"
        active="#a4b1a5"
        show_colored_constraints="FALSE"
        >
      </ThemeBoneColorSet>
      <ThemeBoneColorSet
        normal="#706356"
        select="#baaa8c"
        active="#ccc093"
        show_colored_constraints="FALSE"
        >
      </ThemeBoneColorSet>
      <ThemeBoneColorSet
        normal="#4a5e5c"
        select="#5f6f75"
        active="#585e6b"
        show_colored_constraints="FALSE"
        >
      </ThemeBoneColorSet>
      <ThemeBoneColorSet
        normal="#5e4d4c"
        select="#756a66"
        active="#6b6661"
        show_colored_constraints="FALSE"
        >
      </ThemeBoneColorSet>
      <ThemeBoneColorSet
        normal="#272727"
        select="#754f56"
        active="#6b4e49"
        show_colored_constraints="FALSE"
        >
      </ThemeBoneColorSet>
    </bone_color_sets>
  </Theme>
  <ThemeStyle>
    <panel_title>
      <ThemeFontStyle
        points="11"
        font_kerning_style="FITTED"
        shadow="0"
        shadow_offset_x="0"
        shadow_offset_y="0"
        shadow_alpha="0"
        shadow_value="1"
        >
      </ThemeFontStyle>
    </panel_title>
    <widget_label>
      <ThemeFontStyle
        points="11"
        font_kerning_style="FITTED"
        shadow="0"
        shadow_offset_x="0"
        shadow_offset_y="0"
        shadow_alpha="0"
        shadow_value="1"
        >
      </ThemeFontStyle>
    </widget_label>
    <widget>
      <ThemeFontStyle
        points="11"
        font_kerning_style="FITTED"
        shadow="0"
        shadow_offset_x="0"
        shadow_offset_y="0"
        shadow_alpha="0"
        shadow_value="0"
        >
      </ThemeFontStyle>
    </widget>
  </ThemeStyle>
</bpy>
