<bpy>
  <Theme>
    <user_interface>
      <ThemeUserInterface menu_shadow_fac="0.01"
                          menu_shadow_width="0"
                          icon_file=""
                          icon_alpha="1"
                          icon_saturation="0.5"
                          widget_emboss="#00000026"
                          editor_outline="#668251"
                          axis_x="#ff1a1a"
                          axis_y="#00dc00"
                          axis_z="#0080ff"
                          gizmo_hi="#ffffff"
                          gizmo_primary="#f5f14d"
                          gizmo_secondary="#63ffff"
                          gizmo_a="#4da84d"
                          gizmo_b="#a33535"
                          icon_collection="#e6e6e6ff"
                          icon_object="#e49759ff"
                          icon_object_data="#89e689ff"
                          icon_modifier="#84b8ffff"
                          icon_shading="#ff6060ff">
        <wcol_regular>
          <ThemeWidgetColors outline="#131519"
                             inner="#252b33ff"
                             inner_sel="#98c379ff"
                             item="#1c2026ff"
                             text="#98c379"
                             text_sel="#131519"
                             show_shaded="FALSE"
                             shadetop="5"
                             shadedown="100"
                             roundness="0.4">
          </ThemeWidgetColors>
        </wcol_regular>
        <wcol_tool>
          <ThemeWidgetColors outline="#131519"
                             inner="#1c2026ff"
                             inner_sel="#98c379ff"
                             item="#252b33ff"
                             text="#98c379"
                             text_sel="#131519"
                             show_shaded="FALSE"
                             shadetop="5"
                             shadedown="100"
                             roundness="0.4">
          </ThemeWidgetColors>
        </wcol_tool>
        <wcol_toolbar_item>
          <ThemeWidgetColors outline="#131519"
                             inner="#252b338f"
                             inner_sel="#98c379ff"
                             item="#98c379ff"
                             text="#98c379"
                             text_sel="#131519"
                             show_shaded="FALSE"
                             shadetop="0"
                             shadedown="0"
                             roundness="0.4">
          </ThemeWidgetColors>
        </wcol_toolbar_item>
        <wcol_radio>
          <ThemeWidgetColors outline="#131519"
                             inner="#1c2026ff"
                             inner_sel="#98c379ff"
                             item="#252b33ff"
                             text="#98c379"
                             text_sel="#131519"
                             show_shaded="FALSE"
                             shadetop="5"
                             shadedown="100"
                             roundness="0.4">
          </ThemeWidgetColors>
        </wcol_radio>
        <wcol_text>
          <ThemeWidgetColors outline="#131519"
                             inner="#1c2026ff"
                             inner_sel="#1c2026ff"
                             item="#252b33ff"
                             text="#98c379"
                             text_sel="#98c379"
                             show_shaded="FALSE"
                             shadetop="5"
                             shadedown="100"
                             roundness="0.4">
          </ThemeWidgetColors>
        </wcol_text>
        <wcol_option>
          <ThemeWidgetColors outline="#131519"
                             inner="#1c2026ff"
                             inner_sel="#98c379ff"
                             item="#252b33ff"
                             text="#98c379"
                             text_sel="#98c379"
                             show_shaded="FALSE"
                             shadetop="5"
                             shadedown="100"
                             roundness="0.4">
          </ThemeWidgetColors>
        </wcol_option>
        <wcol_toggle>
          <ThemeWidgetColors outline="#131519"
                             inner="#1c2026ff"
                             inner_sel="#98c379ff"
                             item="#252b33ff"
                             text="#98c379"
                             text_sel="#131519"
                             show_shaded="FALSE"
                             shadetop="5"
                             shadedown="100"
                             roundness="0.4">
          </ThemeWidgetColors>
        </wcol_toggle>
        <wcol_num>
          <ThemeWidgetColors outline="#131519"
                             inner="#1c2026ff"
                             inner_sel="#1c2026ff"
                             item="#252b33ff"
                             text="#98c379"
                             text_sel="#98c379"
                             show_shaded="FALSE"
                             shadetop="5"
                             shadedown="100"
                             roundness="0.4">
          </ThemeWidgetColors>
        </wcol_num>
        <wcol_numslider>
          <ThemeWidgetColors outline="#131519"
                             inner="#252b33ff"
                             inner_sel="#252b33ff"
                             item="#1c2026ff"
                             text="#98c379"
                             text_sel="#98c379"
                             show_shaded="FALSE"
                             shadetop="5"
                             shadedown="100"
                             roundness="0.4">
          </ThemeWidgetColors>
        </wcol_numslider>
        <wcol_box>
          <ThemeWidgetColors outline="#131519"
                             inner="#1c2026ff"
                             inner_sel="#252b33ff"
                             item="#252b33ff"
                             text="#98c379"
                             text_sel="#cccccc"
                             show_shaded="FALSE"
                             shadetop="5"
                             shadedown="100"
                             roundness="0.4">
          </ThemeWidgetColors>
        </wcol_box>
        <wcol_menu>
          <ThemeWidgetColors outline="#131519"
                             inner="#1c2026ff"
                             inner_sel="#98c379ff"
                             item="#98c379ff"
                             text="#98c379"
                             text_sel="#131519"
                             show_shaded="FALSE"
                             shadetop="5"
                             shadedown="100"
                             roundness="0.4">
          </ThemeWidgetColors>
        </wcol_menu>
        <wcol_pulldown>
          <ThemeWidgetColors outline="#131519"
                             inner="#252b33ff"
                             inner_sel="#98c379ff"
                             item="#252b33ff"
                             text="#98c379"
                             text_sel="#131519"
                             show_shaded="FALSE"
                             shadetop="5"
                             shadedown="100"
                             roundness="0.4">
          </ThemeWidgetColors>
        </wcol_pulldown>
        <wcol_menu_back>
          <ThemeWidgetColors outline="#131519"
                             inner="#1c2026ff"
                             inner_sel="#252b33ff"
                             item="#252b33ff"
                             text="#98c379"
                             text_sel="#cccccc"
                             show_shaded="FALSE"
                             shadetop="5"
                             shadedown="100"
                             roundness="0.4">
          </ThemeWidgetColors>
        </wcol_menu_back>
        <wcol_pie_menu>
          <ThemeWidgetColors outline="#131519"
                             inner="#1c2026ff"
                             inner_sel="#98c379ff"
                             item="#98c379ff"
                             text="#98c379"
                             text_sel="#131519"
                             show_shaded="FALSE"
                             shadetop="5"
                             shadedown="100"
                             roundness="0.4">
          </ThemeWidgetColors>
        </wcol_pie_menu>
        <wcol_tooltip>
          <ThemeWidgetColors outline="#131519"
                             inner="#252b33e6"
                             inner_sel="#252b33e6"
                             item="#1c2026ff"
                             text="#98c379"
                             text_sel="#cccccc"
                             show_shaded="FALSE"
                             shadetop="5"
                             shadedown="100"
                             roundness="0.4">
          </ThemeWidgetColors>
        </wcol_tooltip>
        <wcol_menu_item>
          <ThemeWidgetColors outline="#131519"
                             inner="#1c202655"
                             inner_sel="#98c379ff"
                             item="#98c37900"
                             text="#98c379"
                             text_sel="#131519"
                             show_shaded="FALSE"
                             shadetop="5"
                             shadedown="100"
                             roundness="0.4">
          </ThemeWidgetColors>
        </wcol_menu_item>
        <wcol_scroll>
          <ThemeWidgetColors outline="#131519"
                             inner="#252b33ff"
                             inner_sel="#252b33ff"
                             item="#1c2026ff"
                             text="#98c379"
                             text_sel="#cccccc"
                             show_shaded="FALSE"
                             shadetop="5"
                             shadedown="100"
                             roundness="1">
          </ThemeWidgetColors>
        </wcol_scroll>
        <wcol_progress>
          <ThemeWidgetColors outline="#131519"
                             inner="#668251ff"
                             inner_sel="#0b0700ff"
                             item="#98c379ff"
                             text="#98c379"
                             text_sel="#cccccc"
                             show_shaded="FALSE"
                             shadetop="5"
                             shadedown="100"
                             roundness="0.4">
          </ThemeWidgetColors>
        </wcol_progress>
        <wcol_list_item>
          <ThemeWidgetColors outline="#131519"
                             inner="#252b3300"
                             inner_sel="#668251ff"
                             item="#252b33ff"
                             text="#98c379"
                             text_sel="#cccccc"
                             show_shaded="FALSE"
                             shadetop="5"
                             shadedown="100"
                             roundness="0.4">
          </ThemeWidgetColors>
        </wcol_list_item>
        <wcol_state>
          <ThemeWidgetStateColors inner_anim="#73be4c"
                                  inner_anim_sel="#5aa633"
                                  inner_key="#bf616a"
                                  inner_key_sel="#e64646"
                                  inner_driven="#7433ff"
                                  inner_driven_sel="#d633ff"
                                  inner_overridden="#19c3c3"
                                  inner_overridden_sel="#118f8f"
                                  blend="0.8">
          </ThemeWidgetStateColors>
        </wcol_state>
        <wcol_tab>
          <ThemeWidgetColors outline="#131519"
                             inner="#252b33ff"
                             inner_sel="#98c379ff"
                             item="#2d2d2dff"
                             text="#98c379"
                             text_sel="#131519"
                             show_shaded="FALSE"
                             shadetop="0"
                             shadedown="0"
                             roundness="0.4">
          </ThemeWidgetColors>
        </wcol_tab>
      </ThemeUserInterface>
    </user_interface>
    <view_3d>
      <ThemeView3D grid="#495767ff"
                   clipping_border_3d="#313131ff"
                   wire="#000000"
                   wire_edit="#000000"
                   gp_vertex="#000000"
                   gp_vertex_select="#ff8500"
                   gp_vertex_size="3"
                   text_grease_pencil="#b5e61d"
                   object_selected="#f15800"
                   object_active="#ffaa40"
                   text_keyframe="#ddd700"
                   camera="#000000"
                   empty="#000000"
                   light="#00000028"
                   speaker="#000000"
                   vertex="#1a110d"
                   vertex_select="#ff4d00"
                   vertex_size="3"
                   vertex_bevel="#00a5ff"
                   vertex_unreferenced="#000000"
                   edge_select="#fff3e6"
                   edge_seam="#db2512"
                   edge_sharp="#00ffff"
                   edge_crease="#cc0099"
                   edge_bevel="#00a5ff"
                   edge_facesel="#4b4b4b"
                   freestyle_edge_mark="#7fff7f"
                   face="#cfced966"
                   face_select="#ff860066"
                   face_dot="#ffb466"
                   facedot_size="4"
                   freestyle_face_mark="#7fff7f33"
                   nurb_uline="#909000"
                   nurb_vline="#803060"
                   nurb_sel_uline="#f0ff40"
                   nurb_sel_vline="#f090a0"
                   act_spline="#db2512"
                   handle_free="#000000"
                   handle_auto="#909000"
                   handle_vect="#409030"
                   handle_sel_vect="#40c030"
                   handle_align="#803060"
                   handle_sel_free="#000000"
                   handle_sel_auto="#f0ff40"
                   handle_sel_align="#f090a0"
                   lastsel_point="#ffffff"
                   extra_edge_len="#200000"
                   extra_edge_angle="#202000"
                   extra_face_angle="#000080"
                   extra_face_area="#002000"
                   editmesh_active="#ffffff4d"
                   normal="#22dddd"
                   vertex_normal="#2361dd"
                   split_normal="#dd23dd"
                   bone_pose="#50c8ff"
                   bone_pose_active="#8cffff"
                   bone_solid="#c8c8c8"
                   bundle_solid="#c8c8c8"
                   camera_path="#000000"
                   skin_root="#000000"
                   view_overlay="#000000"
                   transform="#ffffff"
                   frame_current="#60c040"
                   paint_curve_handle="#7fff7f7f"
                   paint_curve_pivot="#ff7f7f7f"
                   outline_width="1">
        <space>
          <ThemeSpaceGradient title="#000000"
                              text="#98c379"
                              text_hi="#cccccc"
                              header="#1c202600"
                              header_text="#cccccc"
                              header_text_hi="#cccccc"
                              button="#252b3380"
                              button_title="#a3be8c"
                              button_text="#bf616a"
                              button_text_hi="#000000"
                              navigation_bar="#00000000"
                              tab_active="#3b4252"
                              tab_inactive="#1c2026"
                              tab_back="#252b33ff"
                              tab_outline="#2e3440">
            <gradients>
              <ThemeGradientColors show_grad="TRUE"
                                   gradient="#1c2026"
                                   high_gradient="#3b4252">
              </ThemeGradientColors>
            </gradients>
            <panelcolors>
              <ThemePanelColors header="#1c2026cc"
                                back="#00000000"
                                sub_back="#0000003e">
              </ThemePanelColors>
            </panelcolors>
          </ThemeSpaceGradient>
        </space>
      </ThemeView3D>
    </view_3d>
    <graph_editor>
      <ThemeGraphEditor grid="#272727"
                        frame_current="#2f6c20"
                        window_sliders="#1a1a1a"
                        channels_region="#707070"
                        dopesheet_channel="#00376e"
                        dopesheet_subchannel="#004b96"
                        channel_group="#166500"
                        active_channels_group="#3fb123"
                        preview_range="#a14d0066"
                        vertex="#000000"
                        vertex_select="#ff8500"
                        vertex_size="3"
                        vertex_bevel="#000000"
                        vertex_unreferenced="#000000"
                        handle_free="#000000"
                        handle_auto="#909000"
                        handle_vect="#409030"
                        handle_sel_vect="#40c030"
                        handle_align="#803060"
                        handle_sel_free="#000000"
                        handle_sel_auto="#f0ff40"
                        handle_sel_align="#f090a0"
                        handle_auto_clamped="#994030"
                        handle_sel_auto_clamped="#f0af90"
                        lastsel_point="#ffffff"
                        handle_vertex="#000000"
                        handle_vertex_select="#ff8500"
                        handle_vertex_size="5">
        <space>
          <ThemeSpaceGeneric back="#252b33"
                             title="#000000"
                             text="#a3be8c"
                             text_hi="#cccccc"
                             header="#1c2026ff"
                             header_text="#cccccc"
                             header_text_hi="#cccccc"
                             button="#252b33ff"
                             button_title="#ebcb8b"
                             button_text="#bf616a"
                             button_text_hi="#cccccc"
                             navigation_bar="#00000000"
                             tab_active="#3b4252"
                             tab_inactive="#1c2026"
                             tab_back="#1c2026ff"
                             tab_outline="#3b4252">
            <panelcolors>
              <ThemePanelColors header="#1c2026cc"
                                back="#72727280"
                                sub_back="#0000003e">
              </ThemePanelColors>
            </panelcolors>
          </ThemeSpaceGeneric>
        </space>
        <space_list>
          <ThemeSpaceListGeneric list="#252b33"
                                 list_title="#000000"
                                 list_text="#cccccc"
                                 list_text_hi="#ff8500">
          </ThemeSpaceListGeneric>
        </space_list>
      </ThemeGraphEditor>
    </graph_editor>
    <file_browser>
      <ThemeFileBrowser selected_file="#98c379">
        <space>
          <ThemeSpaceGeneric back="#252b33"
                             title="#cccccc"
                             text="#a3be8c"
                             text_hi="#0f0f0f"
                             header="#1c2026ff"
                             header_text="#cccccc"
                             header_text_hi="#cccccc"
                             button="#252b33ff"
                             button_title="#ebcb8b"
                             button_text="#bf616a"
                             button_text_hi="#cccccc"
                             navigation_bar="#00000000"
                             tab_active="#666666"
                             tab_inactive="#333333"
                             tab_back="#404040ff"
                             tab_outline="#333333">
            <panelcolors>
              <ThemePanelColors header="#1c2026cc"
                                back="#72727280"
                                sub_back="#0000003e">
              </ThemePanelColors>
            </panelcolors>
          </ThemeSpaceGeneric>
        </space>
      </ThemeFileBrowser>
    </file_browser>
    <nla_editor>
      <ThemeNLAEditor grid="#272727"
                      view_sliders="#969696"
                      active_action="#00000000"
                      active_action_unset="#9987611a"
                      preview_range="#a14d0066"
                      strips="#0c0a0a"
                      strips_selected="#ff8c00"
                      transition_strips="#1c2630"
                      transition_strips_selected="#2e75db"
                      meta_strips="#332642"
                      meta_strips_selected="#692196"
                      sound_strips="#2b3d3d"
                      sound_strips_selected="#1f7a7a"
                      tweak="#000000"
                      tweak_duplicate="#d90000"
                      keyframe_border="#4df31aff"
                      keyframe_border_selected="#000000ff"
                      frame_current="#60c040">
        <space>
          <ThemeSpaceGeneric back="#252b33"
                             title="#cccccc"
                             text="#a3be8c"
                             text_hi="#cccccc"
                             header="#1c2026ff"
                             header_text="#cccccc"
                             header_text_hi="#cccccc"
                             button="#252b33ff"
                             button_title="#eccc8b"
                             button_text="#bf616a"
                             button_text_hi="#cccccc"
                             navigation_bar="#00000000"
                             tab_active="#666666"
                             tab_inactive="#333333"
                             tab_back="#404040ff"
                             tab_outline="#333333">
            <panelcolors>
              <ThemePanelColors header="#1c2026cc"
                                back="#72727280"
                                sub_back="#0000003e">
              </ThemePanelColors>
            </panelcolors>
          </ThemeSpaceGeneric>
        </space>
        <space_list>
          <ThemeSpaceListGeneric list="#333333"
                                 list_title="#000000"
                                 list_text="#cccccc"
                                 list_text_hi="#ff8500">
          </ThemeSpaceListGeneric>
        </space_list>
      </ThemeNLAEditor>
    </nla_editor>
    <dopesheet_editor>
      <ThemeDopeSheet grid="#272727"
                      frame_current="#60c040"
                      value_sliders="#000000"
                      view_sliders="#969696"
                      dopesheet_channel="#00376e24"
                      dopesheet_subchannel="#004b9624"
                      channels="#707070ff"
                      channels_selected="#60c04044"
                      channel_group="#16650037"
                      active_channels_group="#3fb12355"
                      long_key="#0c0a0a80"
                      long_key_selected="#ff8c00cc"
                      keyframe="#e8e8e8"
                      keyframe_selected="#ffbe32"
                      keyframe_extreme="#e8b3cc"
                      keyframe_extreme_selected="#f28080"
                      keyframe_breakdown="#b3dbe8"
                      keyframe_breakdown_selected="#54bfed"
                      keyframe_jitter="#94e575"
                      keyframe_jitter_selected="#61c042"
                      keyframe_movehold="#5c5656"
                      keyframe_movehold_selected="#ffaf23"
                      keyframe_border="#000000ff"
                      keyframe_border_selected="#000000ff"
                      keyframe_scale_factor="1"
                      summary="#a3be8c00"
                      preview_range="#a14d0066"
                      interpolation_line="#94e575cc">
        <space>
          <ThemeSpaceGeneric back="#252b33"
                             title="#cccccc"
                             text="#a3be8c"
                             text_hi="#cccccc"
                             header="#1c2026ff"
                             header_text="#cccccc"
                             header_text_hi="#cccccc"
                             button="#252b33ff"
                             button_title="#ebcb8b"
                             button_text="#bf616a"
                             button_text_hi="#cccccc"
                             navigation_bar="#00000000"
                             tab_active="#3b4252"
                             tab_inactive="#1c2026"
                             tab_back="#1c2026ff"
                             tab_outline="#3b4252">
            <panelcolors>
              <ThemePanelColors header="#1c2026cc"
                                back="#72727280"
                                sub_back="#0000003e">
              </ThemePanelColors>
            </panelcolors>
          </ThemeSpaceGeneric>
        </space>
        <space_list>
          <ThemeSpaceListGeneric list="#252b33"
                                 list_title="#000000"
                                 list_text="#1c2026"
                                 list_text_hi="#ff8500">
          </ThemeSpaceListGeneric>
        </space_list>
      </ThemeDopeSheet>
    </dopesheet_editor>
    <image_editor>
      <ThemeImageEditor gp_vertex="#000000"
                        gp_vertex_select="#ff8500"
                        gp_vertex_size="3"
                        vertex="#000000"
                        vertex_select="#ff8500"
                        vertex_size="3"
                        vertex_bevel="#000000"
                        vertex_unreferenced="#000000"
                        face="#ffffff0a"
                        face_select="#ff85003c"
                        face_dot="#ff8500"
                        facedot_size="3"
                        freestyle_face_mark="#7fff7f33"
                        editmesh_active="#ffffff80"
                        wire_edit="#c0c0c0"
                        edge_select="#ff8500"
                        scope_back="#333333ff"
                        preview_stitch_face="#1242b026"
                        preview_stitch_edge="#ff8500b2"
                        preview_stitch_vert="#ff85007f"
                        preview_stitch_stitchable="#00ff00ff"
                        preview_stitch_unstitchable="#ff0000ff"
                        preview_stitch_active="#e1d2c323"
                        uv_shadow="#707070ff"
                        uv_others="#606060ff"
                        frame_current="#60c040"
                        metadatabg="#000000"
                        metadatatext="#ffffff"
                        handle_free="#000000"
                        handle_auto="#909000"
                        handle_align="#803060"
                        handle_sel_free="#000000"
                        handle_sel_auto="#f0ff40"
                        handle_sel_align="#f090a0"
                        handle_auto_clamped="#000000"
                        handle_sel_auto_clamped="#000000"
                        handle_vertex="#000000"
                        handle_vertex_select="#ffff00"
                        handle_vertex_size="5"
                        paint_curve_handle="#7fff7f7f"
                        paint_curve_pivot="#ff7f7f7f">
        <space>
          <ThemeSpaceGeneric back="#252b33"
                             title="#000000"
                             text="#a3be8c"
                             text_hi="#cccccc"
                             header="#1c2026ff"
                             header_text="#cccccc"
                             header_text_hi="#cccccc"
                             button="#252b3380"
                             button_title="#ebcb8b"
                             button_text="#bf616a"
                             button_text_hi="#cccccc"
                             navigation_bar="#00000000"
                             tab_active="#666666"
                             tab_inactive="#333333"
                             tab_back="#404040ff"
                             tab_outline="#333333">
            <panelcolors>
              <ThemePanelColors header="#1c2026cc"
                                back="#72727280"
                                sub_back="#0000003e">
              </ThemePanelColors>
            </panelcolors>
          </ThemeSpaceGeneric>
        </space>
      </ThemeImageEditor>
    </image_editor>
    <sequence_editor>
      <ThemeSequenceEditor gp_vertex="#000000"
                           gp_vertex_select="#ff8500"
                           gp_vertex_size="3"
                           grid="#272727"
                           window_sliders="#a0a0a0"
                           movie_strip="#308bff"
                           movieclip_strip="#5656ff"
                           image_strip="#a74cff"
                           scene_strip="#3fb123"
                           audio_strip="#23d3d3"
                           effect_strip="#ff449c"
                           transition_strip="#ff517a"
                           meta_strip="#91cfb8"
                           text_strip="#a29700"
                           frame_current="#2f6c20"
                           keyframe="#ff8500"
                           draw_action="#50c8ff"
                           preview_back="#333333"
                           metadatabg="#000000"
                           metadatatext="#ffffff">
        <space>
          <ThemeSpaceGeneric back="#252b33"
                             title="#000000"
                             text="#a3be8c"
                             text_hi="#cccccc"
                             header="#1c2026ff"
                             header_text="#cccccc"
                             header_text_hi="#cccccc"
                             button="#252b3380"
                             button_title="#ebcb8b"
                             button_text="#bf616a"
                             button_text_hi="#cccccc"
                             navigation_bar="#00000000"
                             tab_active="#666666"
                             tab_inactive="#333333"
                             tab_back="#404040ff"
                             tab_outline="#333333">
            <panelcolors>
              <ThemePanelColors header="#1c2026cc"
                                back="#72727280"
                                sub_back="#0000003e">
              </ThemePanelColors>
            </panelcolors>
          </ThemeSpaceGeneric>
        </space>
      </ThemeSequenceEditor>
    </sequence_editor>
    <properties>
      <ThemeProperties>
        <space>
          <ThemeSpaceGeneric back="#252b33"
                             title="#ebcb8b"
                             text="#bf616a"
                             text_hi="#cccccc"
                             header="#1c2026ff"
                             header_text="#98c379"
                             header_text_hi="#cccccc"
                             button="#252b33ff"
                             button_title="#ebcb8b"
                             button_text="#bf616a"
                             button_text_hi="#cccccc"
                             navigation_bar="#1c2026ff"
                             tab_active="#666666"
                             tab_inactive="#333333"
                             tab_back="#404040ff"
                             tab_outline="#333333">
            <panelcolors>
              <ThemePanelColors header="#1c2026cc"
                                back="#252b3300"
                                sub_back="#00000024">
              </ThemePanelColors>
            </panelcolors>
          </ThemeSpaceGeneric>
        </space>
      </ThemeProperties>
    </properties>
    <text_editor>
      <ThemeTextEditor line_numbers_background="#262626"
                       selected_text="#1a150d"
                       cursor="#d9d9d9"
                       syntax_builtin="#ff1fab"
                       syntax_symbols="#e6e6e6"
                       syntax_special="#eeee07"
                       syntax_preprocessor="#8a4dff"
                       syntax_reserved="#b34b00"
                       syntax_comment="#00c05f"
                       syntax_string="#ff3333"
                       syntax_numbers="#4d7bff">
        <space>
          <ThemeSpaceGeneric back="#252b33"
                             title="#000000"
                             text="#98c379"
                             text_hi="#cccccc"
                             header="#1c202600"
                             header_text="#cccccc"
                             header_text_hi="#cccccc"
                             button="#252b33ff"
                             button_title="#ebcb8b"
                             button_text="#bf616a"
                             button_text_hi="#cccccc"
                             navigation_bar="#00000000"
                             tab_active="#666666"
                             tab_inactive="#333333"
                             tab_back="#404040ff"
                             tab_outline="#333333">
            <panelcolors>
              <ThemePanelColors header="#1c2026cc"
                                back="#80808080"
                                sub_back="#0000003e">
              </ThemePanelColors>
            </panelcolors>
          </ThemeSpaceGeneric>
        </space>
      </ThemeTextEditor>
    </text_editor>
    <node_editor>
      <ThemeNodeEditor gp_vertex="#000000"
                       gp_vertex_select="#ff8500"
                       gp_vertex_size="3"
                       node_selected="#cc8500"
                       node_active="#cc8500"
                       wire="#ffffff"
                       wire_inner="#737373"
                       wire_select="#ffffff"
                       selected_text="#7f7070"
                       node_backdrop="#333333b3"
                       converter_node="#001a66"
                       color_node="#40116f"
                       group_node="#20402d"
                       group_socket_node="#003308"
                       frame_node="#0d0d0dcc"
                       matte_node="#008816"
                       distor_node="#0a6664"
                       noodle_curving="0"
                       input_node="#1a1a1a"
                       output_node="#1a1a1a"
                       filter_node="#4d3200"
                       vector_node="#004c99"
                       texture_node="#517500"
                       shader_node="#00748c"
                       script_node="#8c411c"
                       pattern_node="#662929"
                       layout_node="#0d001a">
        <space>
          <ThemeSpaceGeneric back="#252b33"
                             title="#000000"
                             text="#a3be8c"
                             text_hi="#cccccc"
                             header="#1c2026ff"
                             header_text="#cccccc"
                             header_text_hi="#333333"
                             button="#252b3380"
                             button_title="#ebcb8b"
                             button_text="#bf616a"
                             button_text_hi="#cccccc"
                             navigation_bar="#00000000"
                             tab_active="#666666"
                             tab_inactive="#333333"
                             tab_back="#404040ff"
                             tab_outline="#333333">
            <panelcolors>
              <ThemePanelColors header="#1c2026cc"
                                back="#72727280"
                                sub_back="#0000003e">
              </ThemePanelColors>
            </panelcolors>
          </ThemeSpaceGeneric>
        </space>
        <space_list>
          <ThemeSpaceListGeneric list="#333333"
                                 list_title="#000000"
                                 list_text="#000000"
                                 list_text_hi="#cccccc">
          </ThemeSpaceListGeneric>
        </space_list>
      </ThemeNodeEditor>
    </node_editor>
    <outliner>
      <ThemeOutliner match="#337f33"
                     selected_highlight="#485b39">
        <space>
          <ThemeSpaceGeneric back="#252b33"
                             title="#cccccc"
                             text="#a3be8c"
                             text_hi="#98c379"
                             header="#1c2026ff"
                             header_text="#cccccc"
                             header_text_hi="#cccccc"
                             button="#252b33ff"
                             button_title="#ebcb8b"
                             button_text="#bf616a"
                             button_text_hi="#cccccc"
                             navigation_bar="#00000000"
                             tab_active="#666666"
                             tab_inactive="#333333"
                             tab_back="#404040ff"
                             tab_outline="#333333">
            <panelcolors>
              <ThemePanelColors header="#1c2026cc"
                                back="#72727280"
                                sub_back="#0000003e">
              </ThemePanelColors>
            </panelcolors>
          </ThemeSpaceGeneric>
        </space>
      </ThemeOutliner>
    </outliner>
    <info>
      <ThemeInfo info_selected="#6080ff"
                 info_selected_text="#cccccc"
                 info_error="#dc0000"
                 info_error_text="#000000"
                 info_warning="#dc8060"
                 info_warning_text="#000000"
                 info_info="#00aa00"
                 info_info_text="#000000"
                 info_debug="#c4c4c4"
                 info_debug_text="#000000">
        <space>
          <ThemeSpaceGeneric back="#252b33"
                             title="#cccccc"
                             text="#cccccc"
                             text_hi="#cccccc"
                             header="#1c2026ff"
                             header_text="#98c379"
                             header_text_hi="#cccccc"
                             button="#252b33ff"
                             button_title="#ebcb8b"
                             button_text="#bf616a"
                             button_text_hi="#cccccc"
                             navigation_bar="#00000000"
                             tab_active="#666666"
                             tab_inactive="#333333"
                             tab_back="#404040ff"
                             tab_outline="#333333">
            <panelcolors>
              <ThemePanelColors header="#2f2f2fff"
                                back="#72727280"
                                sub_back="#0000003e">
              </ThemePanelColors>
            </panelcolors>
          </ThemeSpaceGeneric>
        </space>
      </ThemeInfo>
    </info>
    <user_preferences>
      <ThemeUserPreferences>
        <space>
          <ThemeSpaceGeneric back="#252b33"
                             title="#cccccc"
                             text="#a3be8c"
                             text_hi="#cccccc"
                             header="#1c2026ff"
                             header_text="#cccccc"
                             header_text_hi="#cccccc"
                             button="#252b33ff"
                             button_title="#ebcb8b"
                             button_text="#bf616a"
                             button_text_hi="#cccccc"
                             navigation_bar="#00000000"
                             tab_active="#666666"
                             tab_inactive="#333333"
                             tab_back="#404040ff"
                             tab_outline="#333333">
            <panelcolors>
              <ThemePanelColors header="#2f2f2fff"
                                back="#72727280"
                                sub_back="#0000003e">
              </ThemePanelColors>
            </panelcolors>
          </ThemeSpaceGeneric>
        </space>
      </ThemeUserPreferences>
    </user_preferences>
    <console>
      <ThemeConsole line_output="#cccccc"
                    line_input="#cccccc"
                    line_info="#00aa00"
                    line_error="#e94545"
                    cursor="#dc6060"
                    select="#cccccc30">
        <space>
          <ThemeSpaceGeneric back="#252b33"
                             title="#cccccc"
                             text="#a3be8c"
                             text_hi="#cccccc"
                             header="#1c2026ff"
                             header_text="#cccccc"
                             header_text_hi="#cccccc"
                             button="#252b33ff"
                             button_title="#ebcb8b"
                             button_text="#bf616a"
                             button_text_hi="#cccccc"
                             navigation_bar="#00000000"
                             tab_active="#666666"
                             tab_inactive="#333333"
                             tab_back="#404040ff"
                             tab_outline="#333333">
            <panelcolors>
              <ThemePanelColors header="#1c2026cc"
                                back="#72727280"
                                sub_back="#0000003e">
              </ThemePanelColors>
            </panelcolors>
          </ThemeSpaceGeneric>
        </space>
      </ThemeConsole>
    </console>
    <clip_editor>
      <ThemeClipEditor gp_vertex="#000000"
                       gp_vertex_select="#000000"
                       gp_vertex_size="1"
                       marker_outline="#000000"
                       marker="#7f7f00"
                       active_marker="#ffffff"
                       selected_marker="#ffff00"
                       disabled_marker="#7f0000"
                       locked_marker="#7f7f7f"
                       path_before="#ff0000"
                       path_after="#0000ff"
                       frame_current="#60c040"
                       strips="#0c0a0a"
                       strips_selected="#ff8c00"
                       handle_free="#000000"
                       handle_auto="#909000"
                       handle_align="#803060"
                       handle_sel_free="#000000"
                       handle_sel_auto="#f0ff40"
                       handle_sel_align="#f090a0"
                       handle_auto_clamped="#000000"
                       handle_sel_auto_clamped="#000000"
                       handle_vertex="#000000"
                       handle_vertex_select="#ffff00"
                       handle_vertex_size="2">
        <space>
          <ThemeSpaceGeneric back="#252b33"
                             title="#cccccc"
                             text="#a3be8c"
                             text_hi="#cccccc"
                             header="#1c2026ff"
                             header_text="#cccccc"
                             header_text_hi="#cccccc"
                             button="#252b3380"
                             button_title="#ebcb8b"
                             button_text="#bf616a"
                             button_text_hi="#cccccc"
                             navigation_bar="#00000000"
                             tab_active="#666666"
                             tab_inactive="#333333"
                             tab_back="#404040ff"
                             tab_outline="#333333">
            <panelcolors>
              <ThemePanelColors header="#1c2026cc"
                                back="#72727280"
                                sub_back="#0000003e">
              </ThemePanelColors>
            </panelcolors>
          </ThemeSpaceGeneric>
        </space>
        <space_list>
          <ThemeSpaceListGeneric list="#252b33"
                                 list_title="#000000"
                                 list_text="#000000"
                                 list_text_hi="#cccccc">
          </ThemeSpaceListGeneric>
        </space_list>
      </ThemeClipEditor>
    </clip_editor>
    <topbar>
      <ThemeTopBar>
        <space>
          <ThemeSpaceGeneric back="#252b33"
                             title="#ffffff"
                             text="#ebcb8b"
                             text_hi="#ffffff"
                             header="#1c2026ff"
                             header_text="#eeeeee"
                             header_text_hi="#ffffff"
                             button="#424242ff"
                             button_title="#ffffff"
                             button_text="#e5e5e5"
                             button_text_hi="#ffffff"
                             navigation_bar="#00000000"
                             tab_active="#4b4b4b"
                             tab_inactive="#2b2b2b"
                             tab_back="#232323ff"
                             tab_outline="#232323">
            <panelcolors>
              <ThemePanelColors header="#424242cc"
                                back="#333333b3"
                                sub_back="#0000003e">
              </ThemePanelColors>
            </panelcolors>
          </ThemeSpaceGeneric>
        </space>
      </ThemeTopBar>
    </topbar>
    <statusbar>
      <ThemeStatusBar>
        <space>
          <ThemeSpaceGeneric back="#2e2e2e"
                             title="#ffffff"
                             text="#838383"
                             text_hi="#ffffff"
                             header="#1c2026ff"
                             header_text="#98c379"
                             header_text_hi="#ffffff"
                             button="#353535ff"
                             button_title="#000000"
                             button_text="#000000"
                             button_text_hi="#ffffff"
                             navigation_bar="#00000000"
                             tab_active="#4b4b4b"
                             tab_inactive="#2b2b2b"
                             tab_back="#232323ff"
                             tab_outline="#232323">
            <panelcolors>
              <ThemePanelColors header="#424242cc"
                                back="#333333b3"
                                sub_back="#0000003e">
              </ThemePanelColors>
            </panelcolors>
          </ThemeSpaceGeneric>
        </space>
      </ThemeStatusBar>
    </statusbar>
    <bone_color_sets>
      <ThemeBoneColorSet normal="#9a0000"
                         select="#bd1111"
                         active="#f70a0a"
                         show_colored_constraints="FALSE">
      </ThemeBoneColorSet>
      <ThemeBoneColorSet normal="#c43313"
                         select="#c3530f"
                         active="#ad6a00"
                         show_colored_constraints="FALSE">
      </ThemeBoneColorSet>
      <ThemeBoneColorSet normal="#135e06"
                         select="#408408"
                         active="#59a214"
                         show_colored_constraints="FALSE">
      </ThemeBoneColorSet>
      <ThemeBoneColorSet normal="#0a3694"
                         select="#3667df"
                         active="#4a98bc"
                         show_colored_constraints="FALSE">
      </ThemeBoneColorSet>
      <ThemeBoneColorSet normal="#a9294e"
                         select="#c1416a"
                         active="#f05d91"
                         show_colored_constraints="FALSE">
      </ThemeBoneColorSet>
      <ThemeBoneColorSet normal="#430c78"
                         select="#543aa3"
                         active="#7758bb"
                         show_colored_constraints="FALSE">
      </ThemeBoneColorSet>
      <ThemeBoneColorSet normal="#1c5f47"
                         select="#327b64"
                         active="#6fb6ab"
                         show_colored_constraints="FALSE">
      </ThemeBoneColorSet>
      <ThemeBoneColorSet normal="#3c5962"
                         select="#576f78"
                         active="#88aab4"
                         show_colored_constraints="FALSE">
      </ThemeBoneColorSet>
      <ThemeBoneColorSet normal="#a88a08"
                         select="#a18425"
                         active="#aab300"
                         show_colored_constraints="FALSE">
      </ThemeBoneColorSet>
      <ThemeBoneColorSet normal="#1e2024"
                         select="#484c56"
                         active="#808080"
                         show_colored_constraints="FALSE">
      </ThemeBoneColorSet>
      <ThemeBoneColorSet normal="#6f2f6a"
                         select="#9845be"
                         active="#ba2abc"
                         show_colored_constraints="FALSE">
      </ThemeBoneColorSet>
      <ThemeBoneColorSet normal="#465c16"
                         select="#5a7d18"
                         active="#93bc48"
                         show_colored_constraints="FALSE">
      </ThemeBoneColorSet>
      <ThemeBoneColorSet normal="#4d4d4d"
                         select="#616161"
                         active="#707070"
                         show_colored_constraints="FALSE">
      </ThemeBoneColorSet>
      <ThemeBoneColorSet normal="#834326"
                         select="#8b5811"
                         active="#bd6a11"
                         show_colored_constraints="FALSE">
      </ThemeBoneColorSet>
      <ThemeBoneColorSet normal="#08310e"
                         select="#1c430b"
                         active="#34622b"
                         show_colored_constraints="FALSE">
      </ThemeBoneColorSet>
      <ThemeBoneColorSet normal="#000000"
                         select="#000000"
                         active="#000000"
                         show_colored_constraints="FALSE">
      </ThemeBoneColorSet>
      <ThemeBoneColorSet normal="#000000"
                         select="#000000"
                         active="#000000"
                         show_colored_constraints="FALSE">
      </ThemeBoneColorSet>
      <ThemeBoneColorSet normal="#000000"
                         select="#000000"
                         active="#000000"
                         show_colored_constraints="FALSE">
      </ThemeBoneColorSet>
      <ThemeBoneColorSet normal="#000000"
                         select="#000000"
                         active="#000000"
                         show_colored_constraints="FALSE">
      </ThemeBoneColorSet>
      <ThemeBoneColorSet normal="#000000"
                         select="#000000"
                         active="#000000"
                         show_colored_constraints="FALSE">
      </ThemeBoneColorSet>
    </bone_color_sets>
  </Theme>
  <ThemeStyle>
    <panel_title>
      <ThemeFontStyle points="12"
                      font_kerning_style="FITTED"
                      shadow="0"
                      shadow_offset_x="0"
                      shadow_offset_y="-1"
                      shadow_alpha="0.15"
                      shadow_value="1">
      </ThemeFontStyle>
    </panel_title>
    <widget_label>
      <ThemeFontStyle points="11"
                      font_kerning_style="FITTED"
                      shadow="0"
                      shadow_offset_x="0"
                      shadow_offset_y="-2"
                      shadow_alpha="0.15"
                      shadow_value="1">
      </ThemeFontStyle>
    </widget_label>
    <widget>
      <ThemeFontStyle points="11"
                      font_kerning_style="FITTED"
                      shadow="0"
                      shadow_offset_x="0"
                      shadow_offset_y="-2"
                      shadow_alpha="0.15"
                      shadow_value="0">
      </ThemeFontStyle>
    </widget>
  </ThemeStyle>
</bpy>
