<bpy>
  <Theme>
    <user_interface>
      <ThemeUserInterface
        menu_shadow_fac="0.33"
        menu_shadow_width="12"
        icon_alpha="1"
        icon_saturation="0.4"
        widget_emboss="#00000000"
        editor_outline="#080808"
        axis_x="#852407"
        axis_y="#118100"
        axis_z="#103c9a"
        gizmo_hi="#ffffff"
        gizmo_primary="#beff8f"
        gizmo_secondary="#93f0e8"
        gizmo_a="#4137a8"
        gizmo_b="#a32727"
        icon_scene="#b3b3b3ff"
        icon_collection="#b3b3b3ff"
        icon_object="#ad824ccc"
        icon_object_data="#5c8855ba"
        icon_modifier="#417193cc"
        icon_shading="#7b3838cc"
        icon_folder="#bf9e6bff"
        icon_border_intensity="0"
        >
        <wcol_regular>
          <ThemeWidgetColors
            outline="#161616"
            inner="#161616ff"
            inner_sel="#274961ff"
            item="#274961ff"
            text="#cacaca"
            text_sel="#ffffff"
            show_shaded="TRUE"
            shadetop="1"
            shadedown="0"
            roundness="0.33"
            >
          </ThemeWidgetColors>
        </wcol_regular>
        <wcol_tool>
          <ThemeWidgetColors
            outline="#161616"
            inner="#161616ff"
            inner_sel="#274961ff"
            item="#ffffffff"
            text="#e7e7e7"
            text_sel="#ffffff"
            show_shaded="TRUE"
            shadetop="1"
            shadedown="0"
            roundness="0.33"
            >
          </ThemeWidgetColors>
        </wcol_tool>
        <wcol_toolbar_item>
          <ThemeWidgetColors
            outline="#161616"
            inner="#161616ff"
            inner_sel="#274961ff"
            item="#ffffffff"
            text="#c4c4c4"
            text_sel="#ffffff"
            show_shaded="TRUE"
            shadetop="1"
            shadedown="0"
            roundness="0.33"
            >
          </ThemeWidgetColors>
        </wcol_toolbar_item>
        <wcol_radio>
          <ThemeWidgetColors
            outline="#161616"
            inner="#161616ff"
            inner_sel="#274961ff"
            item="#ffffffff"
            text="#cfcfcf"
            text_sel="#ffffff"
            show_shaded="TRUE"
            shadetop="1"
            shadedown="0"
            roundness="0.33"
            >
          </ThemeWidgetColors>
        </wcol_radio>
        <wcol_text>
          <ThemeWidgetColors
            outline="#161616"
            inner="#141414ff"
            inner_sel="#141414ff"
            item="#274961ff"
            text="#cfcfcf"
            text_sel="#ffffff"
            show_shaded="TRUE"
            shadetop="0"
            shadedown="1"
            roundness="0.33"
            >
          </ThemeWidgetColors>
        </wcol_text>
        <wcol_option>
          <ThemeWidgetColors
            outline="#666666"
            inner="#161616ff"
            inner_sel="#274961ff"
            item="#ffffffff"
            text="#c3c3c3"
            text_sel="#ffffff"
            show_shaded="TRUE"
            shadetop="0"
            shadedown="1"
            roundness="1"
            >
          </ThemeWidgetColors>
        </wcol_option>
        <wcol_toggle>
          <ThemeWidgetColors
            outline="#161616"
            inner="#161616ff"
            inner_sel="#274961ff"
            item="#ffffffff"
            text="#c4c4c4"
            text_sel="#ffffff"
            show_shaded="TRUE"
            shadetop="1"
            shadedown="0"
            roundness="0.33"
            >
          </ThemeWidgetColors>
        </wcol_toggle>
        <wcol_num>
          <ThemeWidgetColors
            outline="#101010"
            inner="#161616ff"
            inner_sel="#111313ff"
            item="#274961ff"
            text="#c4c4c4"
            text_sel="#ffffff"
            show_shaded="TRUE"
            shadetop="0"
            shadedown="1"
            roundness="0.33"
            >
          </ThemeWidgetColors>
        </wcol_num>
        <wcol_numslider>
          <ThemeWidgetColors
            outline="#101010"
            inner="#161616ff"
            inner_sel="#111313ff"
            item="#274961ff"
            text="#e3ebee"
            text_sel="#ffffff"
            show_shaded="TRUE"
            shadetop="1"
            shadedown="0"
            roundness="0.33"
            >
          </ThemeWidgetColors>
        </wcol_numslider>
        <wcol_box>
          <ThemeWidgetColors
            outline="#232323"
            inner="#232323ff"
            inner_sel="#274961ff"
            item="#274961ff"
            text="#c4c4c4"
            text_sel="#ffffff"
            show_shaded="TRUE"
            shadetop="-1"
            shadedown="0"
            roundness="1"
            >
          </ThemeWidgetColors>
        </wcol_box>
        <wcol_menu>
          <ThemeWidgetColors
            outline="#101010"
            inner="#161616ff"
            inner_sel="#1b3746ff"
            item="#ffffffff"
            text="#c4c4c4"
            text_sel="#ffffff"
            show_shaded="TRUE"
            shadetop="1"
            shadedown="0"
            roundness="0.33"
            >
          </ThemeWidgetColors>
        </wcol_menu>
        <wcol_pulldown>
          <ThemeWidgetColors
            outline="#1f1f1f"
            inner="#161616ff"
            inner_sel="#1b3746ff"
            item="#274961ff"
            text="#c4c4c4"
            text_sel="#ffffff"
            show_shaded="TRUE"
            shadetop="1"
            shadedown="0"
            roundness="0.33"
            >
          </ThemeWidgetColors>
        </wcol_pulldown>
        <wcol_menu_back>
          <ThemeWidgetColors
            outline="#111313"
            inner="#111313e9"
            inner_sel="#111313ff"
            item="#707070ff"
            text="#c4c4c4"
            text_sel="#ffffff"
            show_shaded="TRUE"
            shadetop="1"
            shadedown="0"
            roundness="0.33"
            >
          </ThemeWidgetColors>
        </wcol_menu_back>
        <wcol_pie_menu>
          <ThemeWidgetColors
            outline="#161616"
            inner="#111313e2"
            inner_sel="#274961ff"
            item="#274961ff"
            text="#c4c4c4"
            text_sel="#ffffff"
            show_shaded="TRUE"
            shadetop="1"
            shadedown="0"
            roundness="0.33"
            >
          </ThemeWidgetColors>
        </wcol_pie_menu>
        <wcol_tooltip>
          <ThemeWidgetColors
            outline="#19191a"
            inner="#19191aef"
            inner_sel="#212122ef"
            item="#19191aef"
            text="#c4c4c4"
            text_sel="#ffffff"
            show_shaded="TRUE"
            shadetop="1"
            shadedown="0"
            roundness="0.33"
            >
          </ThemeWidgetColors>
        </wcol_tooltip>
        <wcol_menu_item>
          <ThemeWidgetColors
            outline="#000000"
            inner="#00000000"
            inner_sel="#274961ff"
            item="#ffffffce"
            text="#c4c4c4"
            text_sel="#ffffff"
            show_shaded="TRUE"
            shadetop="1"
            shadedown="0"
            roundness="0.33"
            >
          </ThemeWidgetColors>
        </wcol_menu_item>
        <wcol_scroll>
          <ThemeWidgetColors
            outline="#292929"
            inner="#000000ff"
            inner_sel="#202020ff"
            item="#424242ff"
            text="#c4c4c4"
            text_sel="#ffffff"
            show_shaded="FALSE"
            shadetop="5"
            shadedown="-5"
            roundness="1"
            >
          </ThemeWidgetColors>
        </wcol_scroll>
        <wcol_progress>
          <ThemeWidgetColors
            outline="#2d2d2d"
            inner="#2c2c2cff"
            inner_sel="#1b3746f7"
            item="#274961ff"
            text="#eeeeee"
            text_sel="#ffffff"
            show_shaded="FALSE"
            shadetop="1"
            shadedown="0"
            roundness="0.33"
            >
          </ThemeWidgetColors>
        </wcol_progress>
        <wcol_list_item>
          <ThemeWidgetColors
            outline="#2d2d2d"
            inner="#2d2d2dff"
            inner_sel="#1b3746ff"
            item="#274961ff"
            text="#d8d8d8"
            text_sel="#dab989"
            show_shaded="TRUE"
            shadetop="0"
            shadedown="1"
            roundness="0.33"
            >
          </ThemeWidgetColors>
        </wcol_list_item>
        <wcol_state>
          <ThemeWidgetStateColors
            inner_anim="#a17b43"
            inner_anim_sel="#ffd28f"
            inner_key="#ffd28f"
            inner_key_sel="#ffd28f"
            inner_driven="#472964"
            inner_driven_sel="#7245a1"
            inner_overridden="#295564"
            inner_overridden_sel="#3a7083"
            inner_changed="#cc7529"
            inner_changed_sel="#e6852d"
            blend="0.61803"
            >
          </ThemeWidgetStateColors>
        </wcol_state>
        <wcol_tab>
          <ThemeWidgetColors
            outline="#222222"
            inner="#222222ff"
            inner_sel="#274961ff"
            item="#838383ff"
            text="#808080"
            text_sel="#ffffff"
            show_shaded="TRUE"
            shadetop="1"
            shadedown="0"
            roundness="0.33"
            >
          </ThemeWidgetColors>
        </wcol_tab>
      </ThemeUserInterface>
    </user_interface>
    <view_3d>
      <ThemeView3D
        grid="#83838339"
        clipping_border_3d="#202020ff"
        wire="#3d3d3d"
        wire_edit="#575757"
        gp_vertex="#a8a8a8"
        gp_vertex_select="#00c5ff"
        gp_vertex_size="3"
        text_grease_pencil="#00c5ff"
        object_selected="#ffffff"
        object_active="#ffd28f"
        text_keyframe="#ffd28f"
        camera="#6b6b6b"
        empty="#6b6b6b"
        light="#6b6b6bff"
        speaker="#6b6b6b"
        vertex="#6b6b6b"
        vertex_select="#ffffff"
        vertex_size="4"
        vertex_bevel="#013f6b"
        vertex_unreferenced="#6b6b6b"
        edge_select="#ffffff"
        edge_seam="#b30063"
        edge_sharp="#009ea6"
        edge_crease="#8300e0"
        edge_bevel="#007ed7"
        edge_facesel="#6b6b6b"
        freestyle_edge_mark="#0162a7"
        face="#3535354d"
        face_select="#ffffff6d"
        face_dot="#ffffff"
        facedot_size="5"
        freestyle_face_mark="#013f6bff"
        nurb_uline="#b8e1ff"
        nurb_vline="#5fbcff"
        nurb_sel_uline="#0162a7"
        nurb_sel_vline="#013f6b"
        act_spline="#6b6b6b"
        handle_free="#b8e2ff"
        handle_auto="#5fbcff"
        handle_vect="#0162a7"
        handle_sel_vect="#ffffff"
        handle_align="#464646"
        handle_sel_free="#b8e2ff"
        handle_sel_auto="#b8e2ff"
        handle_sel_align="#b8e2ff"
        lastsel_point="#ffd28f"
        extra_edge_len="#b8e2ff"
        extra_edge_angle="#b8e2ff"
        extra_face_angle="#ffd28f"
        extra_face_area="#b8e2ff"
        editmesh_active="#00c5ffff"
        normal="#00c5ff"
        vertex_normal="#00c5ff"
        split_normal="#00c5ff"
        bone_pose="#00c5ff"
        bone_pose_active="#ffffff"
        bone_solid="#00c5ff"
        bundle_solid="#00c5ff"
        camera_path="#6b6b6b"
        skin_root="#00c5ff"
        view_overlay="#6b6b6b"
        transform="#ffffff"
        frame_current="#0162a7"
        paint_curve_handle="#b8e2ff7f"
        paint_curve_pivot="#5fbcff7f"
        outline_width="2"
        object_origin_size="5"
        >
        <space>
          <ThemeSpaceGradient
            title="#a5a5a5"
            text="#ececec"
            text_hi="#ffffff"
            header="#22222200"
            header_text="#eeeeee"
            header_text_hi="#ffffff"
            button="#16161600"
            button_title="#a8a8a8"
            button_text="#a8a8a8"
            button_text_hi="#ffffff"
            navigation_bar="#92929200"
            execution_buts="#0000005d"
            tab_active="#274961"
            tab_inactive="#212121"
            tab_back="#161616ff"
            tab_outline="#1a1a1a"
            >
            <gradients>
              <ThemeGradientColors
                show_grad="TRUE"
                high_gradient="#1f1f1f"
                gradient="#161616"
                >
              </ThemeGradientColors>
            </gradients>
            <panelcolors>
              <ThemePanelColors
                header="#1b1b1bff"
                back="#222222ff"
                sub_back="#292929ff"
                >
              </ThemePanelColors>
            </panelcolors>
          </ThemeSpaceGradient>
        </space>
      </ThemeView3D>
    </view_3d>
    <graph_editor>
      <ThemeGraphEditor
        grid="#161616"
        frame_current="#b58f57"
        time_scrub_background="#30303080"
        window_sliders="#111111"
        channels_region="#252525"
        dopesheet_channel="#202020"
        dopesheet_subchannel="#252525"
        channel_group="#252525"
        active_channels_group="#3f392d"
        preview_range="#a14d0066"
        vertex="#cc9c53"
        vertex_select="#ffd290"
        vertex_size="7"
        vertex_bevel="#222222"
        vertex_unreferenced="#000000"
        handle_free="#dad03a"
        handle_auto="#a17b43"
        handle_vect="#a17b43"
        handle_sel_vect="#ffd28f"
        handle_align="#a17b43"
        handle_sel_free="#ffd28f"
        handle_sel_auto="#ffd28f"
        handle_sel_align="#ffd28f"
        handle_auto_clamped="#ffd28f"
        handle_sel_auto_clamped="#ffd28f"
        lastsel_point="#ffd28f"
        handle_vertex="#a17b43"
        handle_vertex_select="#fff2f2"
        handle_vertex_size="6"
        >
        <space>
          <ThemeSpaceGeneric
            back="#161616"
            title="#a5a5a5"
            text="#ececec"
            text_hi="#ffd28f"
            header="#303030ff"
            header_text="#eeeeee"
            header_text_hi="#ffffff"
            button="#161616ff"
            button_title="#ffffff"
            button_text="#e5e5e5"
            button_text_hi="#ffffff"
            navigation_bar="#0b0b0bab"
            execution_buts="#00000000"
            tab_active="#274961"
            tab_inactive="#252525"
            tab_back="#161616ff"
            tab_outline="#252525"
            >
            <panelcolors>
              <ThemePanelColors
                header="#1b1b1bff"
                back="#222222ff"
                sub_back="#292929ff"
                >
              </ThemePanelColors>
            </panelcolors>
          </ThemeSpaceGeneric>
        </space>
        <space_list>
          <ThemeSpaceListGeneric
            list="#161616"
            list_title="#c4c4c4"
            list_text="#c4c4c4"
            list_text_hi="#ffd28f"
            >
          </ThemeSpaceListGeneric>
        </space_list>
      </ThemeGraphEditor>
    </graph_editor>
    <file_browser>
      <ThemeFileBrowser
        selected_file="#1b3746"
        >
        <space>
          <ThemeSpaceGeneric
            back="#202020"
            title="#ffffff"
            text="#ffffff"
            text_hi="#ffffff"
            header="#303030ff"
            header_text="#eeeeee"
            header_text_hi="#ffffff"
            button="#202020ff"
            button_title="#ffffff"
            button_text="#e5e5e5"
            button_text_hi="#ffffff"
            navigation_bar="#00000000"
            execution_buts="#202020ff"
            tab_active="#3b6585"
            tab_inactive="#252525"
            tab_back="#161616ff"
            tab_outline="#2d2d2d"
            >
            <panelcolors>
              <ThemePanelColors
                header="#252525cc"
                back="#202020b3"
                sub_back="#0000003e"
                >
              </ThemePanelColors>
            </panelcolors>
          </ThemeSpaceGeneric>
        </space>
      </ThemeFileBrowser>
    </file_browser>
    <nla_editor>
      <ThemeNLAEditor
        grid="#161616"
        view_sliders="#969696"
        dopesheet_channel="#222222"
        nla_track="#1c1710"
        active_action="#423b32a3"
        active_action_unset="#31313190"
        preview_range="#cc701a66"
        strips="#755a37"
        strips_selected="#c39e6b"
        transition_strips="#2d514c"
        transition_strips_selected="#38655f"
        meta_strips="#683982"
        meta_strips_selected="#683982"
        sound_strips="#68863e"
        sound_strips_selected="#82a059"
        tweak="#1f88a0"
        tweak_duplicate="#468897"
        keyframe_border="#ffd290ff"
        keyframe_border_selected="#ffd290ff"
        frame_current="#b08a52"
        time_scrub_background="#292929e6"
        >
        <space>
          <ThemeSpaceGeneric
            back="#1f1f1f"
            title="#a5a5a5"
            text="#ececec"
            text_hi="#ffffff"
            header="#303030ff"
            header_text="#eeeeee"
            header_text_hi="#ffffff"
            button="#252525ff"
            button_title="#b6b6b6"
            button_text="#e5e5e5"
            button_text_hi="#ffffff"
            navigation_bar="#00000000"
            execution_buts="#00000000"
            tab_active="#274961"
            tab_inactive="#252525"
            tab_back="#161616ff"
            tab_outline="#252525"
            >
            <panelcolors>
              <ThemePanelColors
                header="#1b1b1bff"
                back="#222222ff"
                sub_back="#292929ff"
                >
              </ThemePanelColors>
            </panelcolors>
          </ThemeSpaceGeneric>
        </space>
        <space_list>
          <ThemeSpaceListGeneric
            list="#161616"
            list_title="#ffffff"
            list_text="#e0e0e0"
            list_text_hi="#ffd290"
            >
          </ThemeSpaceListGeneric>
        </space_list>
      </ThemeNLAEditor>
    </nla_editor>
    <dopesheet_editor>
      <ThemeDopeSheet
        grid="#161616"
        frame_current="#b58f57"
        time_scrub_background="#30303080"
        value_sliders="#111111"
        view_sliders="#999999"
        dopesheet_channel="#202020d2"
        dopesheet_subchannel="#25252533"
        channels="#303030bf"
        channels_selected="#9379536c"
        channel_group="#252525bf"
        active_channels_group="#3f392dce"
        long_key="#16161683"
        long_key_selected="#ffd28f2f"
        keyframe="#a17b43"
        keyframe_selected="#ffd28f"
        keyframe_extreme="#97342f"
        keyframe_extreme_selected="#df5047"
        keyframe_breakdown="#489177"
        keyframe_breakdown_selected="#57af8f"
        keyframe_jitter="#6e963a"
        keyframe_jitter_selected="#90c74f"
        keyframe_movehold="#7c5e32"
        keyframe_movehold_selected="#d4a854"
        keyframe_border="#303030ff"
        keyframe_border_selected="#303030ff"
        keyframe_scale_factor="1"
        summary="#2525252d"
        preview_range="#ff660072"
        interpolation_line="#94e575cc"
        >
        <space>
          <ThemeSpaceGeneric
            back="#161616"
            title="#c4c4c4"
            text="#a6a6a6"
            text_hi="#ffffff"
            header="#303030ff"
            header_text="#eeeeee"
            header_text_hi="#ffffff"
            button="#161616ff"
            button_title="#c4c4c4"
            button_text="#aaaaaa"
            button_text_hi="#ffffff"
            navigation_bar="#3e3e3e37"
            execution_buts="#00000000"
            tab_active="#274961"
            tab_inactive="#252525"
            tab_back="#202020ff"
            tab_outline="#292929"
            >
            <panelcolors>
              <ThemePanelColors
                header="#464646cc"
                back="#1b1b1bb3"
                sub_back="#0000003e"
                >
              </ThemePanelColors>
            </panelcolors>
          </ThemeSpaceGeneric>
        </space>
        <space_list>
          <ThemeSpaceListGeneric
            list="#161616"
            list_title="#c4c4c4"
            list_text="#979797"
            list_text_hi="#ffffff"
            >
          </ThemeSpaceListGeneric>
        </space_list>
      </ThemeDopeSheet>
    </dopesheet_editor>
    <image_editor>
      <ThemeImageEditor
        vertex="#000000"
        vertex_select="#ffd28f"
        vertex_size="3"
        vertex_bevel="#000000"
        vertex_unreferenced="#000000"
        face="#ffffff14"
        face_select="#1897cf5b"
        face_dot="#ff8500"
        facedot_size="3"
        freestyle_face_mark="#add22733"
        editmesh_active="#ff9900ff"
        wire_edit="#808080"
        edge_select="#cc9c53"
        scope_back="#161616ff"
        preview_stitch_face="#ff850033"
        preview_stitch_edge="#ff850033"
        preview_stitch_vert="#ff850033"
        preview_stitch_stitchable="#ff8500ff"
        preview_stitch_unstitchable="#c35d56ff"
        preview_stitch_active="#e1d2c323"
        uv_shadow="#707070ff"
        uv_others="#606060ff"
        frame_current="#385e7b"
        metadatabg="#000000"
        metadatatext="#ffffff"
        handle_free="#add227"
        handle_auto="#ff8500"
        handle_align="#ff8500"
        handle_sel_free="#add227"
        handle_sel_auto="#ffb400"
        handle_sel_align="#ff8500"
        handle_auto_clamped="#ffb400"
        handle_sel_auto_clamped="#ffb400"
        handle_vertex="#ff8500"
        handle_vertex_select="#ffb400"
        handle_vertex_size="5"
        paint_curve_handle="#add2277f"
        paint_curve_pivot="#c35d567f"
        >
        <space>
          <ThemeSpaceGeneric
            back="#161616"
            title="#eeeeee"
            text="#808080"
            text_hi="#ffffff"
            header="#222222ff"
            header_text="#808080"
            header_text_hi="#ffffff"
            button="#161616ff"
            button_title="#ffffff"
            button_text="#e5e5e5"
            button_text_hi="#ffffff"
            navigation_bar="#00000000"
            execution_buts="#00000000"
            tab_active="#274961"
            tab_inactive="#252525"
            tab_back="#161616ff"
            tab_outline="#2d2d2d"
            >
            <panelcolors>
              <ThemePanelColors
                header="#252525cc"
                back="#161616b3"
                sub_back="#0000003e"
                >
              </ThemePanelColors>
            </panelcolors>
          </ThemeSpaceGeneric>
        </space>
      </ThemeImageEditor>
    </image_editor>
    <sequence_editor>
      <ThemeSequenceEditor
        grid="#363636"
        window_sliders="#363636"
        movie_strip="#468897"
        movieclip_strip="#469297"
        image_strip="#5180a1"
        scene_strip="#9f8156"
        audio_strip="#68863e"
        effect_strip="#5d5d5d"
        transition_strip="#6c6c6c"
        meta_strip="#6c6c6c"
        text_strip="#736bb9"
        frame_current="#b58f57"
        time_scrub_background="#161616c4"
        keyframe="#ffd28f"
        draw_action="#274961"
        preview_back="#000000"
        metadatabg="#969689"
        metadatatext="#ffffff"
        >
        <space>
          <ThemeSpaceGeneric
            back="#303030"
            title="#a5a5a5"
            text="#ececec"
            text_hi="#ffffff"
            header="#303030ff"
            header_text="#eeeeee"
            header_text_hi="#ffffff"
            button="#252525ff"
            button_title="#ffffff"
            button_text="#e5e5e5"
            button_text_hi="#ffffff"
            navigation_bar="#161616ff"
            execution_buts="#000000ff"
            tab_active="#274961"
            tab_inactive="#252525"
            tab_back="#161616ff"
            tab_outline="#252525"
            >
            <panelcolors>
              <ThemePanelColors
                header="#1b1b1bff"
                back="#222222ff"
                sub_back="#292929ff"
                >
              </ThemePanelColors>
            </panelcolors>
          </ThemeSpaceGeneric>
        </space>
      </ThemeSequenceEditor>
    </sequence_editor>
    <properties>
      <ThemeProperties>
        <space>
          <ThemeSpaceGeneric
            back="#1b1b1b"
            title="#c4c4c4"
            text="#ffffff"
            text_hi="#274961"
            header="#222222ff"
            header_text="#eeeeee"
            header_text_hi="#ffffff"
            button="#2c2c2cff"
            button_title="#686868"
            button_text="#a8a8a8"
            button_text_hi="#ffffff"
            navigation_bar="#161616ff"
            execution_buts="#00000000"
            tab_active="#274961"
            tab_inactive="#313131"
            tab_back="#424242ff"
            tab_outline="#2d2d2d"
            >
            <panelcolors>
              <ThemePanelColors
                header="#1b1b1bff"
                back="#222222ff"
                sub_back="#292929ff"
                >
              </ThemePanelColors>
            </panelcolors>
          </ThemeSpaceGeneric>
        </space>
      </ThemeProperties>
    </properties>
    <text_editor>
      <ThemeTextEditor
        line_numbers_background="#1b1b1b"
        selected_text="#274961"
        cursor="#ffffff"
        syntax_builtin="#e46ccf"
        syntax_symbols="#ffffff"
        syntax_special="#bc6ce4"
        syntax_preprocessor="#bc6ce4"
        syntax_reserved="#bc6ce4"
        syntax_comment="#707070"
        syntax_string="#d16565"
        syntax_numbers="#8b7bec"
        >
        <space>
          <ThemeSpaceGeneric
            back="#141414"
            title="#eeeeee"
            text="#ffffff"
            text_hi="#ffffff"
            header="#303030ff"
            header_text="#ffffff"
            header_text_hi="#ffffff"
            button="#252525ff"
            button_title="#ffffff"
            button_text="#e5e5e5"
            button_text_hi="#ffffff"
            navigation_bar="#00000000"
            execution_buts="#00000000"
            tab_active="#274961"
            tab_inactive="#252525"
            tab_back="#232323ff"
            tab_outline="#2d2d2d"
            >
            <panelcolors>
              <ThemePanelColors
                header="#25252500"
                back="#202020b3"
                sub_back="#0000003e"
                >
              </ThemePanelColors>
            </panelcolors>
          </ThemeSpaceGeneric>
        </space>
      </ThemeTextEditor>
    </text_editor>
    <node_editor>
      <ThemeNodeEditor
        node_selected="#b9b9b9"
        node_active="#ffd28f"
        wire="#303030"
        wire_inner="#3a3a3a"
        wire_select="#ffd28f"
        selected_text="#c4c4c4"
        node_backdrop="#303030ff"
        converter_node="#387b70"
        color_node="#a17b43"
        group_node="#212121e6"
        group_socket_node="#272727"
        frame_node="#252525e9"
        matte_node="#624444"
        distor_node="#38757b"
        noodle_curving="4"
        input_node="#7b3838"
        output_node="#7b3838"
        filter_node="#423f42"
        vector_node="#4d387b"
        texture_node="#a16443"
        shader_node="#4a7b38"
        script_node="#423f42"
        pattern_node="#423f42"
        layout_node="#423f42"
        >
        <space>
          <ThemeSpaceGeneric
            back="#161616"
            title="#a5a5a5"
            text="#ececec"
            text_hi="#ffd28f"
            header="#22222200"
            header_text="#dfdfdf"
            header_text_hi="#ffffff"
            button="#1b1b1b00"
            button_title="#a8a8a8"
            button_text="#ffffff"
            button_text_hi="#a8a8a8"
            navigation_bar="#000000ff"
            execution_buts="#00000000"
            tab_active="#274961"
            tab_inactive="#202020"
            tab_back="#161616ff"
            tab_outline="#202020"
            >
            <panelcolors>
              <ThemePanelColors
                header="#25252500"
                back="#252525b3"
                sub_back="#0000003e"
                >
              </ThemePanelColors>
            </panelcolors>
          </ThemeSpaceGeneric>
        </space>
        <space_list>
          <ThemeSpaceListGeneric
            list="#2e2e2e"
            list_title="#ffffff"
            list_text="#cccccc"
            list_text_hi="#ffffff"
            >
          </ThemeSpaceListGeneric>
        </space_list>
      </ThemeNodeEditor>
    </node_editor>
    <outliner>
      <ThemeOutliner
        match="#1b3746"
        selected_highlight="#1b3746"
        active="#274961"
        selected_object="#ffffff"
        active_object="#ffd28f"
        edited_object="#5c88558c"
        row_alternate="#22222292"
        >
        <space>
          <ThemeSpaceGeneric
            back="#1b1b1b"
            title="#a5a5a5"
            text="#a1a1a1"
            text_hi="#ffd28f"
            header="#222222ff"
            header_text="#c2c2c2"
            header_text_hi="#ffffff"
            button="#252525ff"
            button_title="#c2c2c2"
            button_text="#b8b8b8"
            button_text_hi="#ffffff"
            navigation_bar="#000000ff"
            execution_buts="#00000000"
            tab_active="#274961"
            tab_inactive="#252525"
            tab_back="#232323ff"
            tab_outline="#2d2d2d"
            >
            <panelcolors>
              <ThemePanelColors
                header="#1b1b1bff"
                back="#222222ff"
                sub_back="#202020ff"
                >
              </ThemePanelColors>
            </panelcolors>
          </ThemeSpaceGeneric>
        </space>
      </ThemeOutliner>
    </outliner>
    <info>
      <ThemeInfo
        info_selected="#282f35"
        info_selected_text="#abadc3"
        info_error="#232729"
        info_error_text="#974f4f"
        info_warning="#232729"
        info_warning_text="#c3a356"
        info_info="#1d4383"
        info_info_text="#6a879e"
        info_debug="#7a7a7a"
        info_debug_text="#000000"
        >
        <space>
          <ThemeSpaceGeneric
            back="#161616"
            title="#eeeeee"
            text="#545f68"
            text_hi="#ffffff"
            header="#303030ff"
            header_text="#eeeeee"
            header_text_hi="#ffffff"
            button="#252525ff"
            button_title="#ffffff"
            button_text="#e5e5e5"
            button_text_hi="#ffffff"
            navigation_bar="#00000000"
            execution_buts="#00000000"
            tab_active="#274961"
            tab_inactive="#252525"
            tab_back="#171919ff"
            tab_outline="#2d2d2d"
            >
            <panelcolors>
              <ThemePanelColors
                header="#171919cc"
                back="#171919b3"
                sub_back="#0000003e"
                >
              </ThemePanelColors>
            </panelcolors>
          </ThemeSpaceGeneric>
        </space>
      </ThemeInfo>
    </info>
    <preferences>
      <ThemePreferences>
        <space>
          <ThemeSpaceGeneric
            back="#1b1b1b"
            title="#afafaf"
            text="#a7a7a7"
            text_hi="#fdfdfd"
            header="#222222ff"
            header_text="#eeeeee"
            header_text_hi="#ffffff"
            button="#333333ff"
            button_title="#ffffff"
            button_text="#ffffff"
            button_text_hi="#ffffff"
            navigation_bar="#202020ff"
            execution_buts="#202020a4"
            tab_active="#274961"
            tab_inactive="#252525"
            tab_back="#161616ff"
            tab_outline="#2d2d2d"
            >
            <panelcolors>
              <ThemePanelColors
                header="#1a1a1aff"
                back="#222222ff"
                sub_back="#0000003e"
                >
              </ThemePanelColors>
            </panelcolors>
          </ThemeSpaceGeneric>
        </space>
      </ThemePreferences>
    </preferences>
    <console>
      <ThemeConsole
        line_output="#4a5258"
        line_input="#abadc3"
        line_info="#7d9452"
        line_error="#974f4f"
        cursor="#ffffff"
        select="#ffffff23"
        >
        <space>
          <ThemeSpaceGeneric
            back="#161616"
            title="#eeeeee"
            text="#abadc3"
            text_hi="#ffffff"
            header="#303030ff"
            header_text="#eeeeee"
            header_text_hi="#ffffff"
            button="#171919ff"
            button_title="#ffffff"
            button_text="#e5e5e5"
            button_text_hi="#ffffff"
            navigation_bar="#00000000"
            execution_buts="#00000000"
            tab_active="#274961"
            tab_inactive="#252525"
            tab_back="#171919ff"
            tab_outline="#2d2d2d"
            >
            <panelcolors>
              <ThemePanelColors
                header="#171919cc"
                back="#1719199d"
                sub_back="#0000003e"
                >
              </ThemePanelColors>
            </panelcolors>
          </ThemeSpaceGeneric>
        </space>
      </ThemeConsole>
    </console>
    <clip_editor>
      <ThemeClipEditor
        marker_outline="#000000"
        marker="#cc9c53"
        active_marker="#ffffff"
        selected_marker="#ffd28f"
        disabled_marker="#6e3230"
        locked_marker="#7f7f7f"
        path_before="#9f8156"
        path_after="#ffd28f"
        path_keyframe_before="#ffc4c4"
        path_keyframe_after="#c4c4ff"
        frame_current="#b08a52"
        time_scrub_background="#292929e6"
        strips="#0c0a0a"
        strips_selected="#ff8c00"
        metadatabg="#000000"
        metadatatext="#ffffff"
        handle_free="#000000"
        handle_auto="#ffc000"
        handle_align="#803060"
        handle_sel_free="#000000"
        handle_sel_auto="#ffc000"
        handle_sel_align="#f090a0"
        handle_auto_clamped="#000000"
        handle_sel_auto_clamped="#000000"
        handle_vertex="#000000"
        handle_vertex_select="#ffff00"
        handle_vertex_size="5"
        >
        <space>
          <ThemeSpaceGeneric
            back="#161616"
            title="#eeeeee"
            text="#a6a6a6"
            text_hi="#ffffff"
            header="#303030ff"
            header_text="#c4c4c4"
            header_text_hi="#c4c4c4"
            button="#252525ff"
            button_title="#c4c4c4"
            button_text="#c4c4c4"
            button_text_hi="#c4c4c4"
            navigation_bar="#00000000"
            execution_buts="#00000000"
            tab_active="#274961"
            tab_inactive="#252525"
            tab_back="#252525ff"
            tab_outline="#2d2d2d"
            >
            <panelcolors>
              <ThemePanelColors
                header="#252525cc"
                back="#202020b3"
                sub_back="#0000003e"
                >
              </ThemePanelColors>
            </panelcolors>
          </ThemeSpaceGeneric>
        </space>
        <space_list>
          <ThemeSpaceListGeneric
            list="#202020"
            list_title="#c4c4c4"
            list_text="#979797"
            list_text_hi="#ffffff"
            >
          </ThemeSpaceListGeneric>
        </space_list>
      </ThemeClipEditor>
    </clip_editor>
    <topbar>
      <ThemeTopBar>
        <space>
          <ThemeSpaceGeneric
            back="#1d1d1d"
            title="#c4c4c4"
            text="#c4c4c4"
            text_hi="#ffffff"
            header="#161616ff"
            header_text="#5a6268"
            header_text_hi="#ffffff"
            button="#252525ff"
            button_title="#ffffff"
            button_text="#c4c4c4"
            button_text_hi="#ffffff"
            navigation_bar="#00000000"
            execution_buts="#00000000"
            tab_active="#274961"
            tab_inactive="#252525"
            tab_back="#202020ff"
            tab_outline="#2d2d2d"
            >
            <panelcolors>
              <ThemePanelColors
                header="#1d1d1dcc"
                back="#333333b3"
                sub_back="#0c0c0c3e"
                >
              </ThemePanelColors>
            </panelcolors>
          </ThemeSpaceGeneric>
        </space>
      </ThemeTopBar>
    </topbar>
    <statusbar>
      <ThemeStatusBar>
        <space>
          <ThemeSpaceGeneric
            back="#101010"
            title="#c4c4c4"
            text="#c4c4c4"
            text_hi="#ffffff"
            header="#000000ff"
            header_text="#646464"
            header_text_hi="#ffffff"
            button="#1f1f1fff"
            button_title="#c4c4c4"
            button_text="#c4c4c4"
            button_text_hi="#ffffff"
            navigation_bar="#00000000"
            execution_buts="#00000000"
            tab_active="#274961"
            tab_inactive="#292929"
            tab_back="#252525ff"
            tab_outline="#252525"
            >
            <panelcolors>
              <ThemePanelColors
                header="#6e6e6ecc"
                back="#292929b3"
                sub_back="#0000003e"
                >
              </ThemePanelColors>
            </panelcolors>
          </ThemeSpaceGeneric>
        </space>
      </ThemeStatusBar>
    </statusbar>
    <bone_color_sets>
      <ThemeBoneColorSet
        normal="#9a0000"
        select="#bd1111"
        active="#f70a0a"
        show_colored_constraints="FALSE"
        >
      </ThemeBoneColorSet>
      <ThemeBoneColorSet
        normal="#f74018"
        select="#f66913"
        active="#fa9900"
        show_colored_constraints="FALSE"
        >
      </ThemeBoneColorSet>
      <ThemeBoneColorSet
        normal="#1e9109"
        select="#59b70b"
        active="#83ef1d"
        show_colored_constraints="FALSE"
        >
      </ThemeBoneColorSet>
      <ThemeBoneColorSet
        normal="#0a3694"
        select="#3667df"
        active="#5ec1ef"
        show_colored_constraints="FALSE"
        >
      </ThemeBoneColorSet>
      <ThemeBoneColorSet
        normal="#a9294e"
        select="#c1416a"
        active="#f05d91"
        show_colored_constraints="FALSE"
        >
      </ThemeBoneColorSet>
      <ThemeBoneColorSet
        normal="#430c78"
        select="#543aa3"
        active="#8764d5"
        show_colored_constraints="FALSE"
        >
      </ThemeBoneColorSet>
      <ThemeBoneColorSet
        normal="#24785a"
        select="#3c9579"
        active="#6fb6ab"
        show_colored_constraints="FALSE"
        >
      </ThemeBoneColorSet>
      <ThemeBoneColorSet
        normal="#4b707c"
        select="#6a8691"
        active="#9bc2cd"
        show_colored_constraints="FALSE"
        >
      </ThemeBoneColorSet>
      <ThemeBoneColorSet
        normal="#f4c90c"
        select="#eec236"
        active="#f3ff00"
        show_colored_constraints="FALSE"
        >
      </ThemeBoneColorSet>
      <ThemeBoneColorSet
        normal="#1e2024"
        select="#484c56"
        active="#ffffff"
        show_colored_constraints="FALSE"
        >
      </ThemeBoneColorSet>
      <ThemeBoneColorSet
        normal="#6f2f6a"
        select="#9845be"
        active="#d330d6"
        show_colored_constraints="FALSE"
        >
      </ThemeBoneColorSet>
      <ThemeBoneColorSet
        normal="#6c8e22"
        select="#7fb022"
        active="#bbef5b"
        show_colored_constraints="FALSE"
        >
      </ThemeBoneColorSet>
      <ThemeBoneColorSet
        normal="#8d8d8d"
        select="#b0b0b0"
        active="#dedede"
        show_colored_constraints="FALSE"
        >
      </ThemeBoneColorSet>
      <ThemeBoneColorSet
        normal="#834326"
        select="#8b5811"
        active="#bd6a11"
        show_colored_constraints="FALSE"
        >
      </ThemeBoneColorSet>
      <ThemeBoneColorSet
        normal="#08310e"
        select="#1c430b"
        active="#34622b"
        show_colored_constraints="FALSE"
        >
      </ThemeBoneColorSet>
      <ThemeBoneColorSet
        normal="#000000"
        select="#000000"
        active="#000000"
        show_colored_constraints="FALSE"
        >
      </ThemeBoneColorSet>
      <ThemeBoneColorSet
        normal="#000000"
        select="#000000"
        active="#000000"
        show_colored_constraints="FALSE"
        >
      </ThemeBoneColorSet>
      <ThemeBoneColorSet
        normal="#000000"
        select="#000000"
        active="#000000"
        show_colored_constraints="FALSE"
        >
      </ThemeBoneColorSet>
      <ThemeBoneColorSet
        normal="#000000"
        select="#000000"
        active="#000000"
        show_colored_constraints="FALSE"
        >
      </ThemeBoneColorSet>
      <ThemeBoneColorSet
        normal="#000000"
        select="#000000"
        active="#000000"
        show_colored_constraints="FALSE"
        >
      </ThemeBoneColorSet>
    </bone_color_sets>
  </Theme>
  <ThemeStyle>
    <panel_title>
      <ThemeFontStyle
        points="11"
        font_kerning_style="FITTED"
        shadow="0"
        shadow_offset_x="0"
        shadow_offset_y="0"
        shadow_alpha="0"
        shadow_value="0"
        >
      </ThemeFontStyle>
    </panel_title>
    <widget_label>
      <ThemeFontStyle
        points="11"
        font_kerning_style="FITTED"
        shadow="0"
        shadow_offset_x="0"
        shadow_offset_y="0"
        shadow_alpha="0"
        shadow_value="0"
        >
      </ThemeFontStyle>
    </widget_label>
    <widget>
      <ThemeFontStyle
        points="11"
        font_kerning_style="FITTED"
        shadow="0"
        shadow_offset_x="0"
        shadow_offset_y="0"
        shadow_alpha="0"
        shadow_value="0"
        >
      </ThemeFontStyle>
    </widget>
  </ThemeStyle>
</bpy>
