<bpy>
  <Theme>
    <user_interface>
      <ThemeUserInterface menu_shadow_fac="0.5"
                          menu_shadow_width="16"
                          icon_file=""
                          icon_alpha="1"
                          icon_saturation="0.5"
                          widget_emboss="#00000000"
                          editor_outline="#131313"
                          axis_x="#ff8080"
                          axis_y="#80ff80"
                          axis_z="#8080ff"
                          gizmo_hi="#ffffff"
                          gizmo_primary="#f5f14d"
                          gizmo_secondary="#63ffff"
                          gizmo_a="#4da84d"
                          gizmo_b="#a33535"
                          icon_collection="#bfbfbfff"
                          icon_object="#bfbfbfff"
                          icon_object_data="#bfbfbfff"
                          icon_modifier="#bfbfbfff"
                          icon_shading="#bfbfbfff">
        <wcol_regular>
          <ThemeWidgetColors outline="#131313"
                             inner="#131313ff"
                             inner_sel="#406080ff"
                             item="#ffffffff"
                             text="#bfbfbf"
                             text_sel="#ffffff"
                             show_shaded="FALSE"
                             shadetop="0"
                             shadedown="0"
                             roundness="0.25">
          </ThemeWidgetColors>
        </wcol_regular>
        <wcol_tool>
          <ThemeWidgetColors outline="#131313"
                             inner="#131313ff"
                             inner_sel="#406080ff"
                             item="#ffffffff"
                             text="#bfbfbf"
                             text_sel="#ffffff"
                             show_shaded="FALSE"
                             shadetop="5"
                             shadedown="0"
                             roundness="0.25">
          </ThemeWidgetColors>
        </wcol_tool>
        <wcol_toolbar_item>
          <ThemeWidgetColors outline="#131313"
                             inner="#131313ff"
                             inner_sel="#406080ff"
                             item="#bfbfbfff"
                             text="#bfbfbf"
                             text_sel="#ffffff"
                             show_shaded="FALSE"
                             shadetop="0"
                             shadedown="0"
                             roundness="0.25">
          </ThemeWidgetColors>
        </wcol_toolbar_item>
        <wcol_radio>
          <ThemeWidgetColors outline="#131313"
                             inner="#131313ff"
                             inner_sel="#406080ff"
                             item="#ffffffff"
                             text="#bfbfbf"
                             text_sel="#ffffff"
                             show_shaded="FALSE"
                             shadetop="5"
                             shadedown="0"
                             roundness="0.25">
          </ThemeWidgetColors>
        </wcol_radio>
        <wcol_text>
          <ThemeWidgetColors outline="#131313"
                             inner="#131313ff"
                             inner_sel="#406080ff"
                             item="#131313ff"
                             text="#bfbfbf"
                             text_sel="#ffffff"
                             show_shaded="FALSE"
                             shadetop="5"
                             shadedown="0"
                             roundness="0.25">
          </ThemeWidgetColors>
        </wcol_text>
        <wcol_option>
          <ThemeWidgetColors outline="#131313"
                             inner="#131313ff"
                             inner_sel="#5986b3ff"
                             item="#e6e6e600"
                             text="#bfbfbf"
                             text_sel="#e0e0e0"
                             show_shaded="FALSE"
                             shadetop="0"
                             shadedown="0"
                             roundness="1">
          </ThemeWidgetColors>
        </wcol_option>
        <wcol_toggle>
          <ThemeWidgetColors outline="#131313"
                             inner="#131313ff"
                             inner_sel="#406080ff"
                             item="#e6e6e600"
                             text="#bfbfbf"
                             text_sel="#ffffff"
                             show_shaded="FALSE"
                             shadetop="5"
                             shadedown="0"
                             roundness="0.25">
          </ThemeWidgetColors>
        </wcol_toggle>
        <wcol_num>
          <ThemeWidgetColors outline="#131313"
                             inner="#131313ff"
                             inner_sel="#406080ff"
                             item="#131313ff"
                             text="#bfbfbf"
                             text_sel="#ffffff"
                             show_shaded="FALSE"
                             shadetop="5"
                             shadedown="0"
                             roundness="0.25">
          </ThemeWidgetColors>
        </wcol_num>
        <wcol_numslider>
          <ThemeWidgetColors outline="#131313"
                             inner="#1a1a1aff"
                             inner_sel="#406080ff"
                             item="#131313ff"
                             text="#bfbfbf"
                             text_sel="#ffffff"
                             show_shaded="FALSE"
                             shadetop="-10"
                             shadedown="0"
                             roundness="0.25">
          </ThemeWidgetColors>
        </wcol_numslider>
        <wcol_box>
          <ThemeWidgetColors outline="#1a1a1a"
                             inner="#1a1a1aff"
                             inner_sel="#406080ff"
                             item="#ffffffff"
                             text="#bfbfbf"
                             text_sel="#ffffff"
                             show_shaded="FALSE"
                             shadetop="0"
                             shadedown="-7"
                             roundness="0.25">
          </ThemeWidgetColors>
        </wcol_box>
        <wcol_menu>
          <ThemeWidgetColors outline="#131313"
                             inner="#131313ff"
                             inner_sel="#406080ff"
                             item="#bfbfbfff"
                             text="#bfbfbf"
                             text_sel="#ffffff"
                             show_shaded="FALSE"
                             shadetop="5"
                             shadedown="5"
                             roundness="0.25">
          </ThemeWidgetColors>
        </wcol_menu>
        <wcol_pulldown>
          <ThemeWidgetColors outline="#131313"
                             inner="#131313ff"
                             inner_sel="#406080ff"
                             item="#ffffffff"
                             text="#bfbfbf"
                             text_sel="#ffffff"
                             show_shaded="FALSE"
                             shadetop="25"
                             shadedown="0"
                             roundness="0.25">
          </ThemeWidgetColors>
        </wcol_pulldown>
        <wcol_menu_back>
          <ThemeWidgetColors outline="#0d0d0d"
                             inner="#262626f9"
                             inner_sel="#406080ff"
                             item="#0d0d0dff"
                             text="#bfbfbf"
                             text_sel="#ffffff"
                             show_shaded="FALSE"
                             shadetop="25"
                             shadedown="-20"
                             roundness="0.25">
          </ThemeWidgetColors>
        </wcol_menu_back>
        <wcol_pie_menu>
          <ThemeWidgetColors outline="#131313"
                             inner="#131313ff"
                             inner_sel="#406080ff"
                             item="#406080ff"
                             text="#bfbfbf"
                             text_sel="#ffffff"
                             show_shaded="FALSE"
                             shadetop="10"
                             shadedown="-10"
                             roundness="0.25">
          </ThemeWidgetColors>
        </wcol_pie_menu>
        <wcol_tooltip>
          <ThemeWidgetColors outline="#0d0d0d"
                             inner="#0d0d0dff"
                             inner_sel="#406080ff"
                             item="#646464ff"
                             text="#ffffff"
                             text_sel="#ffffff"
                             show_shaded="FALSE"
                             shadetop="25"
                             shadedown="-20"
                             roundness="0.25">
          </ThemeWidgetColors>
        </wcol_tooltip>
        <wcol_menu_item>
          <ThemeWidgetColors outline="#262626"
                             inner="#262626ff"
                             inner_sel="#406080ff"
                             item="#ffffffff"
                             text="#bfbfbf"
                             text_sel="#ffffff"
                             show_shaded="FALSE"
                             shadetop="0"
                             shadedown="20"
                             roundness="0.25">
          </ThemeWidgetColors>
        </wcol_menu_item>
        <wcol_scroll>
          <ThemeWidgetColors outline="#262626"
                             inner="#262626ff"
                             inner_sel="#406080ff"
                             item="#131313ff"
                             text="#999999"
                             text_sel="#b0b0b0"
                             show_shaded="FALSE"
                             shadetop="0"
                             shadedown="0"
                             roundness="0.25">
          </ThemeWidgetColors>
        </wcol_scroll>
        <wcol_progress>
          <ThemeWidgetColors outline="#323232"
                             inner="#131313ff"
                             inner_sel="#323232ff"
                             item="#406080ff"
                             text="#ffffff"
                             text_sel="#ffffff"
                             show_shaded="FALSE"
                             shadetop="0"
                             shadedown="0"
                             roundness="0.25">
          </ThemeWidgetColors>
        </wcol_progress>
        <wcol_list_item>
          <ThemeWidgetColors outline="#323232"
                             inner="#36363600"
                             inner_sel="#406080ff"
                             item="#323232ff"
                             text="#999999"
                             text_sel="#ffffff"
                             show_shaded="TRUE"
                             shadetop="0"
                             shadedown="-10"
                             roundness="0.25">
          </ThemeWidgetColors>
        </wcol_list_item>
        <wcol_state>
          <ThemeWidgetStateColors inner_anim="#00c4ff"
                                  inner_anim_sel="#00c4ff"
                                  inner_key="#00ff00"
                                  inner_key_sel="#00ff00"
                                  inner_driven="#f500ff"
                                  inner_driven_sel="#f500ff"
                                  inner_overridden="#19c3c3"
                                  inner_overridden_sel="#19c3c3"
                                  blend="0.25">
          </ThemeWidgetStateColors>
        </wcol_state>
        <wcol_tab>
          <ThemeWidgetColors outline="#131313"
                             inner="#131313ff"
                             inner_sel="#262626ff"
                             item="#262626ff"
                             text="#bfbfbf"
                             text_sel="#ffffff"
                             show_shaded="FALSE"
                             shadetop="0"
                             shadedown="0"
                             roundness="0.25">
          </ThemeWidgetColors>
        </wcol_tab>
      </ThemeUserInterface>
    </user_interface>
    <view_3d>
      <ThemeView3D grid="#060606ff"
                   clipping_border_3d="#313131ff"
                   wire="#0f0f0f"
                   wire_edit="#000000"
                   gp_vertex="#000000"
                   gp_vertex_select="#ff8500"
                   gp_vertex_size="3"
                   text_grease_pencil="#b5e61d"
                   object_selected="#00d9ff"
                   object_active="#00ff8f"
                   text_keyframe="#ddd700"
                   camera="#060606"
                   empty="#060606"
                   light="#06060640"
                   speaker="#060606"
                   vertex="#000000"
                   vertex_select="#00bdff"
                   vertex_size="3"
                   vertex_bevel="#00a5ff"
                   vertex_unreferenced="#000000"
                   edge_select="#00c9ff"
                   edge_seam="#ffe200"
                   edge_sharp="#fb00ff"
                   edge_crease="#ff0f00"
                   edge_bevel="#00a5ff"
                   edge_facesel="#515151"
                   freestyle_edge_mark="#ff7d00"
                   face="#00000040"
                   face_select="#0094ff80"
                   face_dot="#00b5ff"
                   facedot_size="3"
                   freestyle_face_mark="#ff8a0433"
                   nurb_uline="#7b807e"
                   nurb_vline="#fff8f4"
                   nurb_sel_uline="#00bdff"
                   nurb_sel_vline="#f0deeb"
                   act_spline="#666666"
                   handle_free="#9c003a"
                   handle_auto="#805c00"
                   handle_vect="#b035b1"
                   handle_sel_vect="#00bdff"
                   handle_align="#404080"
                   handle_sel_free="#00bdff"
                   handle_sel_auto="#00bdff"
                   handle_sel_align="#00bdff"
                   lastsel_point="#00ff12"
                   extra_edge_len="#fff3fa"
                   extra_edge_angle="#fff200"
                   extra_face_angle="#009aff"
                   extra_face_area="#000000"
                   editmesh_active="#00ff2fff"
                   normal="#22dddd"
                   vertex_normal="#225dd4"
                   split_normal="#dd23dd"
                   bone_pose="#00b8ff"
                   bone_pose_active="#00ff12"
                   bone_solid="#bab5bc"
                   bundle_solid="#c8c8c8"
                   camera_path="#4d4d4d"
                   skin_root="#000000"
                   view_overlay="#000000"
                   transform="#ffffff"
                   frame_current="#60c040"
                   paint_curve_handle="#7fff7f7f"
                   paint_curve_pivot="#ff7f7f7f"
                   outline_width="3">
        <space>
          <ThemeSpaceGradient title="#000000"
                              text="#e4e4e4"
                              text_hi="#ffffff"
                              header="#1d1d1dff"
                              header_text="#e4e4e4"
                              header_text_hi="#ffffff"
                              button="#26262600"
                              button_title="#c7c7c7"
                              button_text="#b4b4b4"
                              button_text_hi="#3a3a3a"
                              navigation_bar="#00000000"
                              tab_active="#262626"
                              tab_inactive="#1a1a1a"
                              tab_back="#1a1a1aff"
                              tab_outline="#1a1a1a">
            <gradients>
              <ThemeGradientColors show_grad="TRUE"
                                   gradient="#1a1a1a"
                                   high_gradient="#333333">
              </ThemeGradientColors>
            </gradients>
            <panelcolors>
              <ThemePanelColors header="#262626ff"
                                back="#202020ff"
                                sub_back="#0000003e">
              </ThemePanelColors>
            </panelcolors>
          </ThemeSpaceGradient>
        </space>
      </ThemeView3D>
    </view_3d>
    <graph_editor>
      <ThemeGraphEditor grid="#141414"
                        frame_current="#4d6680"
                        window_sliders="#808080"
                        channels_region="#1a1a1a"
                        dopesheet_channel="#333333"
                        dopesheet_subchannel="#262626"
                        channel_group="#1a1a1a"
                        active_channels_group="#00b264"
                        preview_range="#a14d0066"
                        vertex="#d3d3d3"
                        vertex_select="#00ff90"
                        vertex_size="5"
                        vertex_bevel="#000000"
                        vertex_unreferenced="#404040"
                        handle_free="#000000"
                        handle_auto="#8d8e90"
                        handle_vect="#38b238"
                        handle_sel_vect="#148bce"
                        handle_align="#b6b5b6"
                        handle_sel_free="#148bce"
                        handle_sel_auto="#fdfffc"
                        handle_sel_align="#148bce"
                        handle_auto_clamped="#7e7e7e"
                        handle_sel_auto_clamped="#148bce"
                        lastsel_point="#f2f0ff"
                        handle_vertex="#8d8e90"
                        handle_vertex_select="#ffffff"
                        handle_vertex_size="5">
        <space>
          <ThemeSpaceGeneric back="#1a1a1a"
                             title="#ffffff"
                             text="#ffffff"
                             text_hi="#fcfcfc"
                             header="#1d1d1dff"
                             header_text="#ffffff"
                             header_text_hi="#bababa"
                             button="#262626f2"
                             button_title="#c7c7c7"
                             button_text="#b4b4b4"
                             button_text_hi="#ffffff"
                             navigation_bar="#00000000"
                             tab_active="#262626"
                             tab_inactive="#1a1a1a"
                             tab_back="#1a1a1aff"
                             tab_outline="#1a1a1a">
            <panelcolors>
              <ThemePanelColors header="#00000000"
                                back="#202020ff"
                                sub_back="#0000003e">
              </ThemePanelColors>
            </panelcolors>
          </ThemeSpaceGeneric>
        </space>
        <space_list>
          <ThemeSpaceListGeneric list="#1a1a1a"
                                 list_title="#919191"
                                 list_text="#999999"
                                 list_text_hi="#ffffff">
          </ThemeSpaceListGeneric>
        </space_list>
      </ThemeGraphEditor>
    </graph_editor>
    <file_browser>
      <ThemeFileBrowser selected_file="#406080">
        <space>
          <ThemeSpaceGeneric back="#1a1a1a"
                             title="#e4e4e4"
                             text="#cacaca"
                             text_hi="#0f0f0f"
                             header="#1d1d1dff"
                             header_text="#8b8b8b"
                             header_text_hi="#ffffff"
                             button="#262626ff"
                             button_title="#c7c7c7"
                             button_text="#e4e4e4"
                             button_text_hi="#ffffff"
                             navigation_bar="#00000000"
                             tab_active="#262626"
                             tab_inactive="#1a1a1a"
                             tab_back="#1a1a1aff"
                             tab_outline="#1a1a1a">
            <panelcolors>
              <ThemePanelColors header="#00000000"
                                back="#202020ff"
                                sub_back="#0000003e">
              </ThemePanelColors>
            </panelcolors>
          </ThemeSpaceGeneric>
        </space>
      </ThemeFileBrowser>
    </file_browser>
    <nla_editor>
      <ThemeNLAEditor grid="#141414"
                      view_sliders="#808080"
                      active_action="#00c7ff40"
                      active_action_unset="#1a1a1a80"
                      preview_range="#a14d0066"
                      strips="#403535"
                      strips_selected="#00ff90"
                      transition_strips="#1c2630"
                      transition_strips_selected="#2c70d1"
                      meta_strips="#433155"
                      meta_strips_selected="#692196"
                      sound_strips="#2b3d3d"
                      sound_strips_selected="#1f7a7a"
                      tweak="#4df31a"
                      tweak_duplicate="#d90000"
                      keyframe_border="#000000ff"
                      keyframe_border_selected="#000000ff"
                      frame_current="#4d6680">
        <space>
          <ThemeSpaceGeneric back="#1a1a1a"
                             title="#ffffff"
                             text="#ffffff"
                             text_hi="#ffffff"
                             header="#1d1d1dff"
                             header_text="#ffffff"
                             header_text_hi="#b7b7b7"
                             button="#444444f2"
                             button_title="#c7c7c7"
                             button_text="#b4b4b4"
                             button_text_hi="#ffffff"
                             navigation_bar="#00000000"
                             tab_active="#262626"
                             tab_inactive="#1a1a1a"
                             tab_back="#1a1a1aff"
                             tab_outline="#1a1a1a">
            <panelcolors>
              <ThemePanelColors header="#00000000"
                                back="#202020ff"
                                sub_back="#0000003e">
              </ThemePanelColors>
            </panelcolors>
          </ThemeSpaceGeneric>
        </space>
        <space_list>
          <ThemeSpaceListGeneric list="#1a1a1a"
                                 list_title="#ffffff"
                                 list_text="#bfbfbf"
                                 list_text_hi="#ffffff">
          </ThemeSpaceListGeneric>
        </space_list>
      </ThemeNLAEditor>
    </nla_editor>
    <dopesheet_editor>
      <ThemeDopeSheet grid="#141414"
                      frame_current="#4d6680"
                      value_sliders="#000000"
                      view_sliders="#000000"
                      dopesheet_channel="#33333340"
                      dopesheet_subchannel="#26262624"
                      channels="#1a1a1a40"
                      channels_selected="#004a8040"
                      channel_group="#1a1a1a37"
                      active_channels_group="#004a8036"
                      long_key="#80808080"
                      long_key_selected="#00bdff80"
                      keyframe="#808080"
                      keyframe_selected="#00ff90"
                      keyframe_extreme="#fff6ff"
                      keyframe_extreme_selected="#00ff90"
                      keyframe_breakdown="#b3dbe8"
                      keyframe_breakdown_selected="#00ff90"
                      keyframe_jitter="#dedcdc"
                      keyframe_jitter_selected="#00ff90"
                      keyframe_movehold="#5c5656"
                      keyframe_movehold_selected="#00ff90"
                      keyframe_border="#000000ff"
                      keyframe_border_selected="#000000ff"
                      keyframe_scale_factor="1.1"
                      summary="#0d0d0d80"
                      preview_range="#a14d0066"
                      interpolation_line="#94e575cc">
        <space>
          <ThemeSpaceGeneric back="#1a1a1a"
                             title="#ffffff"
                             text="#808080"
                             text_hi="#ffffff"
                             header="#1d1d1dff"
                             header_text="#ffffff"
                             header_text_hi="#b7b7b7"
                             button="#262626f2"
                             button_title="#c7c7c7"
                             button_text="#b4b4b4"
                             button_text_hi="#ffffff"
                             navigation_bar="#00000000"
                             tab_active="#262626"
                             tab_inactive="#1a1a1a"
                             tab_back="#1a1a1aff"
                             tab_outline="#1a1a1a">
            <panelcolors>
              <ThemePanelColors header="#00000000"
                                back="#202020ff"
                                sub_back="#0000003e">
              </ThemePanelColors>
            </panelcolors>
          </ThemeSpaceGeneric>
        </space>
        <space_list>
          <ThemeSpaceListGeneric list="#1a1a1a"
                                 list_title="#cecece"
                                 list_text="#bfbfbf"
                                 list_text_hi="#ffffff">
          </ThemeSpaceListGeneric>
        </space_list>
      </ThemeDopeSheet>
    </dopesheet_editor>
    <image_editor>
      <ThemeImageEditor gp_vertex="#000000"
                        gp_vertex_select="#ff8500"
                        gp_vertex_size="3"
                        vertex="#ffffff"
                        vertex_select="#00c0ff"
                        vertex_size="3"
                        vertex_bevel="#000000"
                        vertex_unreferenced="#000000"
                        face="#26262680"
                        face_select="#00c0ffa9"
                        face_dot="#00c0ff"
                        facedot_size="2"
                        freestyle_face_mark="#7fff7f33"
                        editmesh_active="#00ff90ff"
                        wire_edit="#bfbfbf"
                        edge_select="#00c0ff"
                        scope_back="#0000004c"
                        preview_stitch_face="#1242b026"
                        preview_stitch_edge="#ff8500b2"
                        preview_stitch_vert="#ff85007f"
                        preview_stitch_stitchable="#00ff00ff"
                        preview_stitch_unstitchable="#ff0000ff"
                        preview_stitch_active="#e1d2c323"
                        uv_shadow="#707070ff"
                        uv_others="#606060ff"
                        frame_current="#60c040"
                        metadatabg="#000000"
                        metadatatext="#ffffff"
                        handle_free="#000000"
                        handle_auto="#909000"
                        handle_align="#803060"
                        handle_sel_free="#000000"
                        handle_sel_auto="#f0ff40"
                        handle_sel_align="#f090a0"
                        handle_auto_clamped="#000000"
                        handle_sel_auto_clamped="#000000"
                        handle_vertex="#000000"
                        handle_vertex_select="#ffff00"
                        handle_vertex_size="5"
                        paint_curve_handle="#7fff7f7f"
                        paint_curve_pivot="#ff7f7f7f">
        <space>
          <ThemeSpaceGeneric back="#1a1a1a"
                             title="#ffffff"
                             text="#8b8b8b"
                             text_hi="#ffffff"
                             header="#1d1d1dff"
                             header_text="#000000"
                             header_text_hi="#b8b8b8"
                             button="#262626f9"
                             button_title="#c7c7c7"
                             button_text="#b4b4b4"
                             button_text_hi="#ffffff"
                             navigation_bar="#00000000"
                             tab_active="#262626"
                             tab_inactive="#1a1a1a"
                             tab_back="#1a1a1aff"
                             tab_outline="#1a1a1a">
            <panelcolors>
              <ThemePanelColors header="#00000000"
                                back="#202020ff"
                                sub_back="#0000003e">
              </ThemePanelColors>
            </panelcolors>
          </ThemeSpaceGeneric>
        </space>
      </ThemeImageEditor>
    </image_editor>
    <sequence_editor>
      <ThemeSequenceEditor gp_vertex="#000000"
                           gp_vertex_select="#ff8500"
                           gp_vertex_size="3"
                           grid="#141414"
                           window_sliders="#a0a0a0"
                           movie_strip="#396180"
                           movieclip_strip="#20208f"
                           image_strip="#808080"
                           scene_strip="#777777"
                           audio_strip="#6057c3"
                           effect_strip="#8b69ac"
                           transition_strip="#726d70"
                           meta_strip="#6d9183"
                           text_strip="#a29700"
                           frame_current="#4291dc"
                           keyframe="#00ff00"
                           draw_action="#607f9e"
                           preview_back="#101010"
                           metadatabg="#000000"
                           metadatatext="#ffffff">
        <space>
          <ThemeSpaceGeneric back="#1a1a1a"
                             title="#e4e4e4"
                             text="#ffffff"
                             text_hi="#ffffff"
                             header="#1d1d1dff"
                             header_text="#000000"
                             header_text_hi="#b7b7b7"
                             button="#262626f2"
                             button_title="#c7c7c7"
                             button_text="#b4b4b4"
                             button_text_hi="#ffffff"
                             navigation_bar="#00000000"
                             tab_active="#262626"
                             tab_inactive="#1a1a1a"
                             tab_back="#1a1a1aff"
                             tab_outline="#1a1a1a">
            <panelcolors>
              <ThemePanelColors header="#00000000"
                                back="#202020ff"
                                sub_back="#0000003e">
              </ThemePanelColors>
            </panelcolors>
          </ThemeSpaceGeneric>
        </space>
      </ThemeSequenceEditor>
    </sequence_editor>
    <properties>
      <ThemeProperties>
        <space>
          <ThemeSpaceGeneric back="#262626"
                             title="#c7c7c7"
                             text="#bfbfbf"
                             text_hi="#ffffff"
                             header="#1d1d1dff"
                             header_text="#c7c7c7"
                             header_text_hi="#ffffff"
                             button="#434343c5"
                             button_title="#c7c7c7"
                             button_text="#777777"
                             button_text_hi="#ffffff"
                             navigation_bar="#131313ff"
                             tab_active="#202020"
                             tab_inactive="#282828"
                             tab_back="#1a1a1aff"
                             tab_outline="#131313">
            <panelcolors>
              <ThemePanelColors header="#17171700"
                                back="#1f1f1fff"
                                sub_back="#1a1a1aff">
              </ThemePanelColors>
            </panelcolors>
          </ThemeSpaceGeneric>
        </space>
      </ThemeProperties>
    </properties>
    <text_editor>
      <ThemeTextEditor line_numbers_background="#262626"
                       selected_text="#607f9e"
                       cursor="#8b8bff"
                       syntax_builtin="#009eed"
                       syntax_symbols="#607f9e"
                       syntax_special="#009eed"
                       syntax_preprocessor="#409090"
                       syntax_reserved="#8c3c00"
                       syntax_comment="#757575"
                       syntax_string="#f0ad6d"
                       syntax_numbers="#f0ad6d">
        <space>
          <ThemeSpaceGeneric back="#131313"
                             title="#fefefe"
                             text="#e7e7e7"
                             text_hi="#ffffff"
                             header="#1d1d1dff"
                             header_text="#ffffff"
                             header_text_hi="#b7b7b7"
                             button="#262626f2"
                             button_title="#c7c7c7"
                             button_text="#b4b4b4"
                             button_text_hi="#ffffff"
                             navigation_bar="#00000000"
                             tab_active="#262626"
                             tab_inactive="#1a1a1a"
                             tab_back="#1a1a1aff"
                             tab_outline="#1a1a1a">
            <panelcolors>
              <ThemePanelColors header="#00000000"
                                back="#202020ff"
                                sub_back="#0000003e">
              </ThemePanelColors>
            </panelcolors>
          </ThemeSpaceGeneric>
        </space>
      </ThemeTextEditor>
    </text_editor>
    <node_editor>
      <ThemeNodeEditor gp_vertex="#000000"
                       gp_vertex_select="#e5d010"
                       gp_vertex_size="3"
                       node_selected="#00bdff"
                       node_active="#00ff90"
                       wire="#000000"
                       wire_inner="#808080"
                       wire_select="#00bdff"
                       selected_text="#cccccc"
                       node_backdrop="#0d0d0dff"
                       converter_node="#2b2b2b"
                       color_node="#807e40"
                       group_node="#363636"
                       group_socket_node="#1f00c7"
                       frame_node="#5d5d5dff"
                       matte_node="#0076b6"
                       distor_node="#292929"
                       noodle_curving="0"
                       input_node="#000000"
                       output_node="#1f00c7"
                       filter_node="#2d4a5a"
                       vector_node="#b615b4"
                       texture_node="#187137"
                       shader_node="#0063b6"
                       script_node="#000000"
                       pattern_node="#187137"
                       layout_node="#50b1b6">
        <space>
          <ThemeSpaceGeneric back="#1a1a1a"
                             title="#ffffff"
                             text="#ffffff"
                             text_hi="#ffffff"
                             header="#1d1d1dff"
                             header_text="#cdcdcd"
                             header_text_hi="#b7b7b7"
                             button="#262626f2"
                             button_title="#c7c7c7"
                             button_text="#b4b4b4"
                             button_text_hi="#ffffff"
                             navigation_bar="#00000000"
                             tab_active="#262626"
                             tab_inactive="#1a1a1a"
                             tab_back="#1a1a1aff"
                             tab_outline="#1a1a1a">
            <panelcolors>
              <ThemePanelColors header="#00000000"
                                back="#202020ff"
                                sub_back="#0000003e">
              </ThemePanelColors>
            </panelcolors>
          </ThemeSpaceGeneric>
        </space>
        <space_list>
          <ThemeSpaceListGeneric list="#a5a5a5"
                                 list_title="#000000"
                                 list_text="#000000"
                                 list_text_hi="#ffffff">
          </ThemeSpaceListGeneric>
        </space_list>
      </ThemeNodeEditor>
    </node_editor>
    <outliner>
      <ThemeOutliner match="#4d4d4d"
                     selected_highlight="#406080">
        <space>
          <ThemeSpaceGeneric back="#1a1a1a"
                             title="#dadada"
                             text="#bfbfbf"
                             text_hi="#ffffff"
                             header="#1d1d1dff"
                             header_text="#000000"
                             header_text_hi="#ffffff"
                             button="#727272f2"
                             button_title="#c7c7c7"
                             button_text="#000000"
                             button_text_hi="#d8d8d8"
                             navigation_bar="#00000000"
                             tab_active="#727272"
                             tab_inactive="#222222"
                             tab_back="#222222ff"
                             tab_outline="#222222">
            <panelcolors>
              <ThemePanelColors header="#00000000"
                                back="#202020ff"
                                sub_back="#0000003e">
              </ThemePanelColors>
            </panelcolors>
          </ThemeSpaceGeneric>
        </space>
      </ThemeOutliner>
    </outliner>
    <info>
      <ThemeInfo info_selected="#607f9e"
                 info_selected_text="#ffffff"
                 info_error="#131313"
                 info_error_text="#ff4040"
                 info_warning="#262626"
                 info_warning_text="#ffe100"
                 info_info="#262626"
                 info_info_text="#25ff00"
                 info_debug="#c4c4c4"
                 info_debug_text="#000000">
        <space>
          <ThemeSpaceGeneric back="#131313"
                             title="#e4e4e4"
                             text="#cecece"
                             text_hi="#ffffff"
                             header="#1d1d1dff"
                             header_text="#ffffff"
                             header_text_hi="#000000"
                             button="#262626ff"
                             button_title="#c7c7c7"
                             button_text="#000000"
                             button_text_hi="#000000"
                             navigation_bar="#00000000"
                             tab_active="#727272"
                             tab_inactive="#222222"
                             tab_back="#222222ff"
                             tab_outline="#222222">
            <panelcolors>
              <ThemePanelColors header="#00000000"
                                back="#444444ff"
                                sub_back="#0000003e">
              </ThemePanelColors>
            </panelcolors>
          </ThemeSpaceGeneric>
        </space>
      </ThemeInfo>
    </info>
    <user_preferences>
      <ThemeUserPreferences>
        <space>
          <ThemeSpaceGeneric back="#262626"
                             title="#e4e4e4"
                             text="#b8b8b8"
                             text_hi="#ffffff"
                             header="#1d1d1dff"
                             header_text="#000000"
                             header_text_hi="#ffffff"
                             button="#727272ff"
                             button_title="#c7c7c7"
                             button_text="#000000"
                             button_text_hi="#ffffff"
                             navigation_bar="#00000000"
                             tab_active="#262626"
                             tab_inactive="#1a1a1a"
                             tab_back="#1a1a1aff"
                             tab_outline="#1a1a1a">
            <panelcolors>
              <ThemePanelColors header="#00000000"
                                back="#202020ff"
                                sub_back="#0000003e">
              </ThemePanelColors>
            </panelcolors>
          </ThemeSpaceGeneric>
        </space>
      </ThemeUserPreferences>
    </user_preferences>
    <console>
      <ThemeConsole line_output="#aeaeff"
                    line_input="#ffffff"
                    line_info="#607f9e"
                    line_error="#ff0019"
                    cursor="#49ff78"
                    select="#48488f80">
        <space>
          <ThemeSpaceGeneric back="#131313"
                             title="#e4e4e4"
                             text="#ffffff"
                             text_hi="#ffffff"
                             header="#1d1d1dff"
                             header_text="#000000"
                             header_text_hi="#ffffff"
                             button="#262626ff"
                             button_title="#c7c7c7"
                             button_text="#000000"
                             button_text_hi="#ffffff"
                             navigation_bar="#00000000"
                             tab_active="#727272"
                             tab_inactive="#4a4a4a"
                             tab_back="#414141ff"
                             tab_outline="#2d2d2d">
            <panelcolors>
              <ThemePanelColors header="#00000000"
                                back="#202020ff"
                                sub_back="#0000003e">
              </ThemePanelColors>
            </panelcolors>
          </ThemeSpaceGeneric>
        </space>
      </ThemeConsole>
    </console>
    <clip_editor>
      <ThemeClipEditor gp_vertex="#000000"
                       gp_vertex_select="#ff8500"
                       gp_vertex_size="3"
                       marker_outline="#000000"
                       marker="#7f7f00"
                       active_marker="#ffffff"
                       selected_marker="#ffff00"
                       disabled_marker="#7f0000"
                       locked_marker="#7f7f7f"
                       path_before="#ff0000"
                       path_after="#0000ff"
                       frame_current="#60c040"
                       strips="#0c0a0a"
                       strips_selected="#ff8c00"
                       handle_free="#000000"
                       handle_auto="#909000"
                       handle_align="#803060"
                       handle_sel_free="#000000"
                       handle_sel_auto="#f0ff40"
                       handle_sel_align="#f090a0"
                       handle_auto_clamped="#000000"
                       handle_sel_auto_clamped="#000000"
                       handle_vertex="#000000"
                       handle_vertex_select="#ffff00"
                       handle_vertex_size="5">
        <space>
          <ThemeSpaceGeneric back="#1a1a1a"
                             title="#ffffff"
                             text="#8b8b8b"
                             text_hi="#ffffff"
                             header="#1d1d1dff"
                             header_text="#000000"
                             header_text_hi="#b8b8b8"
                             button="#262626f2"
                             button_title="#c7c7c7"
                             button_text="#b4b4b4"
                             button_text_hi="#ffffff"
                             navigation_bar="#00000000"
                             tab_active="#262626"
                             tab_inactive="#1a1a1a"
                             tab_back="#1a1a1aff"
                             tab_outline="#1a1a1a">
            <panelcolors>
              <ThemePanelColors header="#00000000"
                                back="#202020ff"
                                sub_back="#0000003e">
              </ThemePanelColors>
            </panelcolors>
          </ThemeSpaceGeneric>
        </space>
        <space_list>
          <ThemeSpaceListGeneric list="#1a1a1a"
                                 list_title="#000000"
                                 list_text="#000000"
                                 list_text_hi="#ffffff">
          </ThemeSpaceListGeneric>
        </space_list>
      </ThemeClipEditor>
    </clip_editor>
    <topbar>
      <ThemeTopBar>
        <space>
          <ThemeSpaceGeneric back="#262626"
                             title="#ffffff"
                             text="#ffffff"
                             text_hi="#ffffff"
                             header="#131313ff"
                             header_text="#eeeeee"
                             header_text_hi="#ffffff"
                             button="#262626ff"
                             button_title="#ffffff"
                             button_text="#e5e5e5"
                             button_text_hi="#ffffff"
                             navigation_bar="#1a1a1aff"
                             tab_active="#262626"
                             tab_inactive="#1a1a1a"
                             tab_back="#272727ff"
                             tab_outline="#232323">
            <panelcolors>
              <ThemePanelColors header="#424242cc"
                                back="#333333b3"
                                sub_back="#0000003e">
              </ThemePanelColors>
            </panelcolors>
          </ThemeSpaceGeneric>
        </space>
      </ThemeTopBar>
    </topbar>
    <statusbar>
      <ThemeStatusBar>
        <space>
          <ThemeSpaceGeneric back="#131313"
                             title="#ffffff"
                             text="#838383"
                             text_hi="#ffffff"
                             header="#131313ff"
                             header_text="#aaaaaa"
                             header_text_hi="#ffffff"
                             button="#353535ff"
                             button_title="#000000"
                             button_text="#000000"
                             button_text_hi="#ffffff"
                             navigation_bar="#00000000"
                             tab_active="#4b4b4b"
                             tab_inactive="#2b2b2b"
                             tab_back="#232323ff"
                             tab_outline="#232323">
            <panelcolors>
              <ThemePanelColors header="#424242cc"
                                back="#333333b3"
                                sub_back="#0000003e">
              </ThemePanelColors>
            </panelcolors>
          </ThemeSpaceGeneric>
        </space>
      </ThemeStatusBar>
    </statusbar>
    <bone_color_sets>
      <ThemeBoneColorSet normal="#9a0000"
                         select="#bd1111"
                         active="#f70a0a"
                         show_colored_constraints="FALSE">
      </ThemeBoneColorSet>
      <ThemeBoneColorSet normal="#f74018"
                         select="#f66913"
                         active="#fa9900"
                         show_colored_constraints="FALSE">
      </ThemeBoneColorSet>
      <ThemeBoneColorSet normal="#1e9109"
                         select="#59b70b"
                         active="#83ef1d"
                         show_colored_constraints="FALSE">
      </ThemeBoneColorSet>
      <ThemeBoneColorSet normal="#0a3694"
                         select="#3667df"
                         active="#60c4f3"
                         show_colored_constraints="FALSE">
      </ThemeBoneColorSet>
      <ThemeBoneColorSet normal="#a9294e"
                         select="#c1416a"
                         active="#f05d91"
                         show_colored_constraints="FALSE">
      </ThemeBoneColorSet>
      <ThemeBoneColorSet normal="#430c78"
                         select="#543aa3"
                         active="#8764d5"
                         show_colored_constraints="FALSE">
      </ThemeBoneColorSet>
      <ThemeBoneColorSet normal="#24785a"
                         select="#3c9579"
                         active="#6fb6ab"
                         show_colored_constraints="FALSE">
      </ThemeBoneColorSet>
      <ThemeBoneColorSet normal="#4b707c"
                         select="#6a8691"
                         active="#9bc2cd"
                         show_colored_constraints="FALSE">
      </ThemeBoneColorSet>
      <ThemeBoneColorSet normal="#f4c90c"
                         select="#eec236"
                         active="#f3ff00"
                         show_colored_constraints="FALSE">
      </ThemeBoneColorSet>
      <ThemeBoneColorSet normal="#1e2024"
                         select="#484c56"
                         active="#ffffff"
                         show_colored_constraints="FALSE">
      </ThemeBoneColorSet>
      <ThemeBoneColorSet normal="#6f2f6a"
                         select="#9845be"
                         active="#d330d6"
                         show_colored_constraints="FALSE">
      </ThemeBoneColorSet>
      <ThemeBoneColorSet normal="#6c8e22"
                         select="#7fb022"
                         active="#bbef5b"
                         show_colored_constraints="FALSE">
      </ThemeBoneColorSet>
      <ThemeBoneColorSet normal="#8d8d8d"
                         select="#b0b0b0"
                         active="#dedede"
                         show_colored_constraints="FALSE">
      </ThemeBoneColorSet>
      <ThemeBoneColorSet normal="#834326"
                         select="#8b5811"
                         active="#bd6a11"
                         show_colored_constraints="FALSE">
      </ThemeBoneColorSet>
      <ThemeBoneColorSet normal="#08310e"
                         select="#1c430b"
                         active="#34622b"
                         show_colored_constraints="FALSE">
      </ThemeBoneColorSet>
      <ThemeBoneColorSet normal="#000000"
                         select="#000000"
                         active="#000000"
                         show_colored_constraints="FALSE">
      </ThemeBoneColorSet>
      <ThemeBoneColorSet normal="#000000"
                         select="#000000"
                         active="#000000"
                         show_colored_constraints="FALSE">
      </ThemeBoneColorSet>
      <ThemeBoneColorSet normal="#000000"
                         select="#000000"
                         active="#000000"
                         show_colored_constraints="FALSE">
      </ThemeBoneColorSet>
      <ThemeBoneColorSet normal="#000000"
                         select="#000000"
                         active="#000000"
                         show_colored_constraints="FALSE">
      </ThemeBoneColorSet>
      <ThemeBoneColorSet normal="#000000"
                         select="#000000"
                         active="#000000"
                         show_colored_constraints="FALSE">
      </ThemeBoneColorSet>
    </bone_color_sets>
  </Theme>
  <ThemeStyle>
    <panel_title>
      <ThemeFontStyle points="14"
                      font_kerning_style="FITTED"
                      shadow="1"
                      shadow_offset_x="0"
                      shadow_offset_y="-1"
                      shadow_alpha="0.1"
                      shadow_value="1">
      </ThemeFontStyle>
    </panel_title>
    <widget_label>
      <ThemeFontStyle points="12"
                      font_kerning_style="FITTED"
                      shadow="3"
                      shadow_offset_x="0"
                      shadow_offset_y="-1"
                      shadow_alpha="0"
                      shadow_value="0">
      </ThemeFontStyle>
    </widget_label>
    <widget>
      <ThemeFontStyle points="12"
                      font_kerning_style="FITTED"
                      shadow="0"
                      shadow_offset_x="0"
                      shadow_offset_y="0"
                      shadow_alpha="0.25"
                      shadow_value="0">
      </ThemeFontStyle>
    </widget>
  </ThemeStyle>
</bpy>
