<bpy>
  <Theme>
    <user_interface>
      <ThemeUserInterface menu_shadow_fac="0.3"
                          menu_shadow_width="4"
                          icon_file=""
                          icon_alpha="1"
                          icon_saturation="0.4"
                          widget_emboss="#00000005"
                          editor_outline="#242424"
                          axis_x="#ff3352"
                          axis_y="#8bdc00"
                          axis_z="#2890ff"
                          gizmo_hi="#ffffff"
                          gizmo_primary="#f5f14d"
                          gizmo_secondary="#63ffff"
                          gizmo_a="#4da84d"
                          gizmo_b="#a33535"
                          icon_collection="#e6e6e6ff"
                          icon_object="#e49759ff"
                          icon_object_data="#89e689ff"
                          icon_modifier="#84b8ffff"
                          icon_shading="#ff6060ff">
        <wcol_regular>
          <ThemeWidgetColors outline="#3d3d3d"
                             inner="#474747ff"
                             inner_sel="#383838ff"
                             item="#3d3d3dff"
                             text="#cccccc"
                             text_sel="#549961"
                             show_shaded="FALSE"
                             shadetop="0"
                             shadedown="-5"
                             roundness="0.4">
          </ThemeWidgetColors>
        </wcol_regular>
        <wcol_tool>
          <ThemeWidgetColors outline="#292929"
                             inner="#555555ff"
                             inner_sel="#292929ff"
                             item="#e6ebffff"
                             text="#f2f2f2"
                             text_sel="#111111"
                             show_shaded="FALSE"
                             shadetop="0"
                             shadedown="-5"
                             roundness="0.4">
          </ThemeWidgetColors>
        </wcol_tool>
        <wcol_toolbar_item>
          <ThemeWidgetColors outline="#222222"
                             inner="#3d3d3dff"
                             inner_sel="#292929ff"
                             item="#222222ff"
                             text="#ececec"
                             text_sel="#549961"
                             show_shaded="FALSE"
                             shadetop="0"
                             shadedown="0"
                             roundness="0.4">
          </ThemeWidgetColors>
        </wcol_toolbar_item>
        <wcol_radio>
          <ThemeWidgetColors outline="#202020"
                             inner="#4e4e4eff"
                             inner_sel="#2a2a2aff"
                             item="#ecececff"
                             text="#cccccc"
                             text_sel="#549961"
                             show_shaded="FALSE"
                             shadetop="8"
                             shadedown="-1"
                             roundness="0.4">
          </ThemeWidgetColors>
        </wcol_radio>
        <wcol_text>
          <ThemeWidgetColors outline="#222222"
                             inner="#353535ff"
                             inner_sel="#252525ff"
                             item="#3d3d3dff"
                             text="#cccccc"
                             text_sel="#549961"
                             show_shaded="TRUE"
                             shadetop="-3"
                             shadedown="0"
                             roundness="0.4">
          </ThemeWidgetColors>
        </wcol_text>
        <wcol_option>
          <ThemeWidgetColors outline="#ececec"
                             inner="#131313b3"
                             inner_sel="#141414ff"
                             item="#72fd89ff"
                             text="#cccccc"
                             text_sel="#ffffff"
                             show_shaded="FALSE"
                             shadetop="0"
                             shadedown="-15"
                             roundness="0.4">
          </ThemeWidgetColors>
        </wcol_option>
        <wcol_toggle>
          <ThemeWidgetColors outline="#4d4d4d"
                             inner="#666666ff"
                             inner_sel="#383838ff"
                             item="#222222ff"
                             text="#cccccc"
                             text_sel="#549961"
                             show_shaded="FALSE"
                             shadetop="0"
                             shadedown="0"
                             roundness="0.4">
          </ThemeWidgetColors>
        </wcol_toggle>
        <wcol_num>
          <ThemeWidgetColors outline="#222222"
                             inner="#353535ff"
                             inner_sel="#383838ff"
                             item="#3d3d3dff"
                             text="#cccccc"
                             text_sel="#549961"
                             show_shaded="TRUE"
                             shadetop="0"
                             shadedown="0"
                             roundness="0.4">
          </ThemeWidgetColors>
        </wcol_num>
        <wcol_numslider>
          <ThemeWidgetColors outline="#4d4d4d"
                             inner="#474747ff"
                             inner_sel="#797979ff"
                             item="#313131ff"
                             text="#cccccc"
                             text_sel="#111111"
                             show_shaded="TRUE"
                             shadetop="-4"
                             shadedown="0"
                             roundness="0.4">
          </ThemeWidgetColors>
        </wcol_numslider>
        <wcol_box>
          <ThemeWidgetColors outline="#292929"
                             inner="#4d4d4dff"
                             inner_sel="#797979ff"
                             item="#222222ff"
                             text="#cccccc"
                             text_sel="#111111"
                             show_shaded="FALSE"
                             shadetop="0"
                             shadedown="0"
                             roundness="0.4">
          </ThemeWidgetColors>
        </wcol_box>
        <wcol_menu>
          <ThemeWidgetColors outline="#2d2d2d"
                             inner="#4b4b4bff"
                             inner_sel="#3c3c3cff"
                             item="#e6e6e6ff"
                             text="#cccccc"
                             text_sel="#549961"
                             show_shaded="FALSE"
                             shadetop="10"
                             shadedown="-10"
                             roundness="0.4">
          </ThemeWidgetColors>
        </wcol_menu>
        <wcol_pulldown>
          <ThemeWidgetColors outline="#2e2e2e"
                             inner="#2e2e2e99"
                             inner_sel="#1f4b2cff"
                             item="#ecececff"
                             text="#cccccc"
                             text_sel="#111111"
                             show_shaded="FALSE"
                             shadetop="25"
                             shadedown="-20"
                             roundness="0.4">
          </ThemeWidgetColors>
        </wcol_pulldown>
        <wcol_menu_back>
          <ThemeWidgetColors outline="#2e2e2e"
                             inner="#1f1f1fef"
                             inner_sel="#3c3c3cff"
                             item="#646464ff"
                             text="#b3b3b3"
                             text_sel="#cccccc"
                             show_shaded="FALSE"
                             shadetop="25"
                             shadedown="-20"
                             roundness="0.5">
          </ThemeWidgetColors>
        </wcol_menu_back>
        <wcol_pie_menu>
          <ThemeWidgetColors outline="#2e2e2e"
                             inner="#2e2e2eff"
                             inner_sel="#262626ff"
                             item="#1f4b2cff"
                             text="#cccccc"
                             text_sel="#549961"
                             show_shaded="FALSE"
                             shadetop="10"
                             shadedown="-10"
                             roundness="0.4">
          </ThemeWidgetColors>
        </wcol_pie_menu>
        <wcol_tooltip>
          <ThemeWidgetColors outline="#363636"
                             inner="#19191aef"
                             inner_sel="#19191aef"
                             item="#19191aef"
                             text="#cccccc"
                             text_sel="#111111"
                             show_shaded="FALSE"
                             shadetop="25"
                             shadedown="-20"
                             roundness="0.5">
          </ThemeWidgetColors>
        </wcol_tooltip>
        <wcol_menu_item>
          <ThemeWidgetColors outline="#000000"
                             inner="#00000000"
                             inner_sel="#141414ff"
                             item="#acacac80"
                             text="#cccccc"
                             text_sel="#549961"
                             show_shaded="FALSE"
                             shadetop="38"
                             shadedown="0"
                             roundness="0.5">
          </ThemeWidgetColors>
        </wcol_menu_item>
        <wcol_scroll>
          <ThemeWidgetColors outline="#363636"
                             inner="#66666600"
                             inner_sel="#797979ff"
                             item="#666666ff"
                             text="#ececec"
                             text_sel="#111111"
                             show_shaded="FALSE"
                             shadetop="5"
                             shadedown="-5"
                             roundness="1">
          </ThemeWidgetColors>
        </wcol_scroll>
        <wcol_progress>
          <ThemeWidgetColors outline="#b3b3b3"
                             inner="#ccccccff"
                             inner_sel="#646464b4"
                             item="#797979ff"
                             text="#cccccc"
                             text_sel="#111111"
                             show_shaded="FALSE"
                             shadetop="0"
                             shadedown="0"
                             roundness="0.5">
          </ThemeWidgetColors>
        </wcol_progress>
        <wcol_list_item>
          <ThemeWidgetColors outline="#2e2e2e"
                             inner="#2e2e2e00"
                             inner_sel="#707070ff"
                             item="#797979ff"
                             text="#cccccc"
                             text_sel="#111111"
                             show_shaded="FALSE"
                             shadetop="0"
                             shadedown="0"
                             roundness="0.4">
          </ThemeWidgetColors>
        </wcol_list_item>
        <wcol_state>
          <ThemeWidgetStateColors inner_anim="#73be4c"
                                  inner_anim_sel="#5aa633"
                                  inner_key="#f0eb64"
                                  inner_key_sel="#d7d34b"
                                  inner_driven="#b400ff"
                                  inner_driven_sel="#9900e6"
                                  inner_overridden="#000000"
                                  inner_overridden_sel="#000000"
                                  blend="0.5">
          </ThemeWidgetStateColors>
        </wcol_state>
        <wcol_tab>
          <ThemeWidgetColors outline="#0c0c0c"
                             inner="#2c2c2cff"
                             inner_sel="#262626ff"
                             item="#2e2e2eff"
                             text="#bebebe"
                             text_sel="#549961"
                             show_shaded="FALSE"
                             shadetop="0"
                             shadedown="0"
                             roundness="0.3">
          </ThemeWidgetColors>
        </wcol_tab>
      </ThemeUserInterface>
    </user_interface>
    <view_3d>
      <ThemeView3D grid="#242424ff"
                   clipping_border_3d="#313131ff"
                   wire="#000000"
                   wire_edit="#0a0a0a"
                   gp_vertex="#000000"
                   gp_vertex_select="#00ff06"
                   gp_vertex_size="3"
                   text_grease_pencil="#b5e61d"
                   object_selected="#357932"
                   object_active="#26cf31"
                   text_keyframe="#dddb85"
                   camera="#000000"
                   empty="#000000"
                   light="#00000028"
                   speaker="#b6b6b6"
                   vertex="#000000"
                   vertex_select="#00ff06"
                   vertex_size="3"
                   vertex_bevel="#00a5ff"
                   vertex_unreferenced="#000000"
                   edge_select="#36e53a"
                   edge_seam="#db2512"
                   edge_sharp="#00ffff"
                   edge_crease="#cc0099"
                   edge_bevel="#00a5ff"
                   edge_facesel="#4b4b4b"
                   freestyle_edge_mark="#7fff7f"
                   face="#ffffff00"
                   face_select="#00ff054d"
                   face_dot="#00ff06"
                   facedot_size="4"
                   freestyle_face_mark="#7fff7f33"
                   nurb_uline="#909000"
                   nurb_vline="#803060"
                   nurb_sel_uline="#f0ff40"
                   nurb_sel_vline="#f090a0"
                   act_spline="#db2512"
                   handle_free="#000000"
                   handle_auto="#909000"
                   handle_vect="#409030"
                   handle_sel_vect="#40c030"
                   handle_align="#803060"
                   handle_sel_free="#000000"
                   handle_sel_auto="#f0ff40"
                   handle_sel_align="#f090a0"
                   lastsel_point="#ececec"
                   extra_edge_len="#150806"
                   extra_edge_angle="#4d4d00"
                   extra_face_angle="#0000cc"
                   extra_face_area="#004d00"
                   editmesh_active="#ececec80"
                   normal="#22dddd"
                   vertex_normal="#2361dd"
                   split_normal="#dd23dd"
                   bone_pose="#50c8ff"
                   bone_pose_active="#8cffff"
                   bone_solid="#c8c8c8"
                   bundle_solid="#c8c8c8"
                   camera_path="#000000"
                   skin_root="#b44d4d"
                   view_overlay="#808080"
                   transform="#ececec"
                   frame_current="#60c040"
                   paint_curve_handle="#7fff7f7f"
                   paint_curve_pivot="#ff7f7f7f"
                   outline_width="1">
        <space>
          <ThemeSpaceGradient title="#ececec"
                              text="#ececec"
                              text_hi="#ececec"
                              header="#2e2e2e00"
                              header_text="#cccccc"
                              header_text_hi="#ececec"
                              button="#36363600"
                              button_title="#ececec"
                              button_text="#ececec"
                              button_text_hi="#ececec"
                              navigation_bar="#00000000"
                              tab_active="#999999"
                              tab_inactive="#2e2e2e"
                              tab_back="#2e2e2eff"
                              tab_outline="#2e2e2e">
            <gradients>
              <ThemeGradientColors show_grad="TRUE"
                                   gradient="#383838"
                                   high_gradient="#505050">
              </ThemeGradientColors>
            </gradients>
            <panelcolors>
              <ThemePanelColors header="#2e2e2eff"
                                back="#454545ff"
                                sub_back="#00000019">
              </ThemePanelColors>
            </panelcolors>
          </ThemeSpaceGradient>
        </space>
      </ThemeView3D>
    </view_3d>
    <graph_editor>
      <ThemeGraphEditor grid="#17171a"
                        frame_current="#6b251a"
                        window_sliders="#969696"
                        channels_region="#2e2e2e"
                        dopesheet_channel="#26537f"
                        dopesheet_subchannel="#897acc"
                        channel_group="#247f0d"
                        active_channels_group="#46a431"
                        preview_range="#a14d0066"
                        vertex="#000000"
                        vertex_select="#a5ff00"
                        vertex_size="6"
                        vertex_bevel="#000000"
                        vertex_unreferenced="#000000"
                        handle_free="#000000"
                        handle_auto="#909000"
                        handle_vect="#409030"
                        handle_sel_vect="#40c030"
                        handle_align="#803060"
                        handle_sel_free="#000000"
                        handle_sel_auto="#f0ff40"
                        handle_sel_align="#f090a0"
                        handle_auto_clamped="#994030"
                        handle_sel_auto_clamped="#ffffff"
                        lastsel_point="#ececec"
                        handle_vertex="#000000"
                        handle_vertex_select="#69cc00"
                        handle_vertex_size="5">
        <space>
          <ThemeSpaceGeneric back="#363636"
                             title="#ececec"
                             text="#ececec"
                             text_hi="#ececec"
                             header="#2e2e2eff"
                             header_text="#cccccc"
                             header_text_hi="#ececec"
                             button="#36363699"
                             button_title="#ececec"
                             button_text="#ececec"
                             button_text_hi="#ececec"
                             navigation_bar="#00000000"
                             tab_active="#999999"
                             tab_inactive="#2e2e2e"
                             tab_back="#2e2e2eff"
                             tab_outline="#2e2e2e">
            <panelcolors>
              <ThemePanelColors header="#2e2e2eff"
                                back="#454545ff"
                                sub_back="#00000019">
              </ThemePanelColors>
            </panelcolors>
          </ThemeSpaceGeneric>
        </space>
        <space_list>
          <ThemeSpaceListGeneric list="#2e2e2e"
                                 list_title="#ececec"
                                 list_text="#cccccc"
                                 list_text_hi="#ececec">
          </ThemeSpaceListGeneric>
        </space_list>
      </ThemeGraphEditor>
    </graph_editor>
    <file_browser>
      <ThemeFileBrowser selected_file="#5b8199">
        <space>
          <ThemeSpaceGeneric back="#363636"
                             title="#ececec"
                             text="#ececec"
                             text_hi="#ececec"
                             header="#2e2e2eff"
                             header_text="#cccccc"
                             header_text_hi="#ececec"
                             button="#36363699"
                             button_title="#ececec"
                             button_text="#ececec"
                             button_text_hi="#ececec"
                             navigation_bar="#00000000"
                             tab_active="#999999"
                             tab_inactive="#2e2e2e"
                             tab_back="#2e2e2eff"
                             tab_outline="#2e2e2e">
            <panelcolors>
              <ThemePanelColors header="#2e2e2eff"
                                back="#454545ff"
                                sub_back="#00000019">
              </ThemePanelColors>
            </panelcolors>
          </ThemeSpaceGeneric>
        </space>
      </ThemeFileBrowser>
    </file_browser>
    <nla_editor>
      <ThemeNLAEditor grid="#5e5e5e"
                      view_sliders="#969696"
                      active_action="#cc701a66"
                      active_action_unset="#9987614d"
                      preview_range="#a14d0066"
                      strips="#0c0a0a"
                      strips_selected="#ff8c00"
                      transition_strips="#1c2630"
                      transition_strips_selected="#2e75db"
                      meta_strips="#332642"
                      meta_strips_selected="#692196"
                      sound_strips="#2b3d3d"
                      sound_strips_selected="#1f7a7a"
                      tweak="#4df31a"
                      tweak_duplicate="#d90000"
                      keyframe_border="#000000ff"
                      keyframe_border_selected="#000000ff"
                      frame_current="#308837">
        <space>
          <ThemeSpaceGeneric back="#363636"
                             title="#ececec"
                             text="#ececec"
                             text_hi="#ececec"
                             header="#2e2e2eff"
                             header_text="#cccccc"
                             header_text_hi="#ececec"
                             button="#36363699"
                             button_title="#ececec"
                             button_text="#ececec"
                             button_text_hi="#ececec"
                             navigation_bar="#00000000"
                             tab_active="#999999"
                             tab_inactive="#2e2e2e"
                             tab_back="#2e2e2eff"
                             tab_outline="#2e2e2e">
            <panelcolors>
              <ThemePanelColors header="#2e2e2eff"
                                back="#454545ff"
                                sub_back="#00000019">
              </ThemePanelColors>
            </panelcolors>
          </ThemeSpaceGeneric>
        </space>
        <space_list>
          <ThemeSpaceListGeneric list="#2e2e2e"
                                 list_title="#ececec"
                                 list_text="#cccccc"
                                 list_text_hi="#cccccc">
          </ThemeSpaceListGeneric>
        </space_list>
      </ThemeNLAEditor>
    </nla_editor>
    <dopesheet_editor>
      <ThemeDopeSheet grid="#17171a"
                      frame_current="#308837"
                      value_sliders="#000000"
                      view_sliders="#969696"
                      dopesheet_channel="#2e639924"
                      dopesheet_subchannel="#897acc24"
                      channels="#707070ff"
                      channels_selected="#60c04044"
                      channel_group="#278c0e37"
                      active_channels_group="#4eb33555"
                      long_key="#1a151580"
                      long_key_selected="#baff7acc"
                      keyframe="#e8e8e8"
                      keyframe_selected="#73ff68"
                      keyframe_extreme="#e8b3cc"
                      keyframe_extreme_selected="#f28080"
                      keyframe_breakdown="#b3dbe8"
                      keyframe_breakdown_selected="#54bfed"
                      keyframe_jitter="#94e575"
                      keyframe_jitter_selected="#61c042"
                      keyframe_movehold="#5c5656"
                      keyframe_movehold_selected="#7aff23"
                      keyframe_border="#000000ff"
                      keyframe_border_selected="#000000ff"
                      keyframe_scale_factor="1"
                      summary="#29662366"
                      preview_range="#29a12966"
                      interpolation_line="#94e575cc">
        <space>
          <ThemeSpaceGeneric back="#363636"
                             title="#ececec"
                             text="#ececec"
                             text_hi="#ececec"
                             header="#464646ff"
                             header_text="#cccccc"
                             header_text_hi="#ececec"
                             button="#36363699"
                             button_title="#ececec"
                             button_text="#ececec"
                             button_text_hi="#ececec"
                             navigation_bar="#00000000"
                             tab_active="#999999"
                             tab_inactive="#2e2e2e"
                             tab_back="#2e2e2eff"
                             tab_outline="#2e2e2e">
            <panelcolors>
              <ThemePanelColors header="#363636ff"
                                back="#454545ff"
                                sub_back="#00000019">
              </ThemePanelColors>
            </panelcolors>
          </ThemeSpaceGeneric>
        </space>
        <space_list>
          <ThemeSpaceListGeneric list="#2e2e2e"
                                 list_title="#ececec"
                                 list_text="#cccccc"
                                 list_text_hi="#ececec">
          </ThemeSpaceListGeneric>
        </space_list>
      </ThemeDopeSheet>
    </dopesheet_editor>
    <image_editor>
      <ThemeImageEditor gp_vertex="#000000"
                        gp_vertex_select="#ff8500"
                        gp_vertex_size="3"
                        vertex="#000000"
                        vertex_select="#ff8500"
                        vertex_size="3"
                        vertex_bevel="#000000"
                        vertex_unreferenced="#000000"
                        face="#ececec0a"
                        face_select="#ff85003c"
                        face_dot="#ff8500"
                        facedot_size="3"
                        freestyle_face_mark="#7fff7f33"
                        editmesh_active="#ececec80"
                        wire_edit="#c0c0c0"
                        edge_select="#ff8500"
                        scope_back="#727272ff"
                        preview_stitch_face="#7f7f0033"
                        preview_stitch_edge="#ff00ff33"
                        preview_stitch_vert="#0000ff33"
                        preview_stitch_stitchable="#00ff00ff"
                        preview_stitch_unstitchable="#ff0000ff"
                        preview_stitch_active="#e1d2c323"
                        uv_shadow="#707070ff"
                        uv_others="#606060ff"
                        frame_current="#60c040"
                        metadatabg="#000000"
                        metadatatext="#ececec"
                        handle_free="#000000"
                        handle_auto="#909000"
                        handle_align="#803060"
                        handle_sel_free="#000000"
                        handle_sel_auto="#f0ff40"
                        handle_sel_align="#f090a0"
                        handle_auto_clamped="#000000"
                        handle_sel_auto_clamped="#000000"
                        handle_vertex="#000000"
                        handle_vertex_select="#ffff00"
                        handle_vertex_size="5"
                        paint_curve_handle="#7fff7f7f"
                        paint_curve_pivot="#ff7f7f7f">
        <space>
          <ThemeSpaceGeneric back="#363636"
                             title="#ececec"
                             text="#ececec"
                             text_hi="#ececec"
                             header="#2e2e2eff"
                             header_text="#cccccc"
                             header_text_hi="#ececec"
                             button="#36363699"
                             button_title="#ececec"
                             button_text="#ececec"
                             button_text_hi="#ececec"
                             navigation_bar="#00000000"
                             tab_active="#999999"
                             tab_inactive="#2e2e2e"
                             tab_back="#2e2e2eff"
                             tab_outline="#2e2e2e">
            <panelcolors>
              <ThemePanelColors header="#2e2e2eff"
                                back="#454545ff"
                                sub_back="#00000019">
              </ThemePanelColors>
            </panelcolors>
          </ThemeSpaceGeneric>
        </space>
      </ThemeImageEditor>
    </image_editor>
    <sequence_editor>
      <ThemeSequenceEditor gp_vertex="#000000"
                           gp_vertex_select="#ff8500"
                           gp_vertex_size="3"
                           grid="#404040"
                           window_sliders="#222222"
                           movie_strip="#516987"
                           movieclip_strip="#20208f"
                           image_strip="#6d5881"
                           scene_strip="#4e983e"
                           audio_strip="#2e8f8f"
                           effect_strip="#a9547c"
                           transition_strip="#a25f6f"
                           meta_strip="#6d9183"
                           text_strip="#a29700"
                           frame_current="#308837"
                           keyframe="#ff8500"
                           draw_action="#50c8ff"
                           preview_back="#000000"
                           metadatabg="#000000"
                           metadatatext="#ececec">
        <space>
          <ThemeSpaceGeneric back="#363636"
                             title="#ececec"
                             text="#ececec"
                             text_hi="#ececec"
                             header="#2e2e2eff"
                             header_text="#cccccc"
                             header_text_hi="#ececec"
                             button="#36363699"
                             button_title="#ececec"
                             button_text="#ececec"
                             button_text_hi="#ececec"
                             navigation_bar="#00000000"
                             tab_active="#999999"
                             tab_inactive="#2e2e2e"
                             tab_back="#2e2e2eff"
                             tab_outline="#2e2e2e">
            <panelcolors>
              <ThemePanelColors header="#2e2e2eff"
                                back="#454545ff"
                                sub_back="#00000019">
              </ThemePanelColors>
            </panelcolors>
          </ThemeSpaceGeneric>
        </space>
      </ThemeSequenceEditor>
    </sequence_editor>
    <properties>
      <ThemeProperties>
        <space>
          <ThemeSpaceGeneric back="#424242"
                             title="#cccccc"
                             text="#bbbbbb"
                             text_hi="#ececec"
                             header="#424242ff"
                             header_text="#cccccc"
                             header_text_hi="#ececec"
                             button="#36363699"
                             button_title="#ececec"
                             button_text="#ececec"
                             button_text_hi="#ececec"
                             navigation_bar="#232323ff"
                             tab_active="#999999"
                             tab_inactive="#2e2e2e"
                             tab_back="#292929e6"
                             tab_outline="#2e2e2e">
            <panelcolors>
              <ThemePanelColors header="#2a2a2acc"
                                back="#383838b3"
                                sub_back="#0000003e">
              </ThemePanelColors>
            </panelcolors>
          </ThemeSpaceGeneric>
        </space>
      </ThemeProperties>
    </properties>
    <text_editor>
      <ThemeTextEditor line_numbers_background="#313133"
                       selected_text="#19191a"
                       cursor="#ff0000"
                       syntax_builtin="#ff1961"
                       syntax_symbols="#ff734d"
                       syntax_special="#95d600"
                       syntax_preprocessor="#ad80ff"
                       syntax_reserved="#c4753b"
                       syntax_comment="#939393"
                       syntax_string="#f6e162"
                       syntax_numbers="#50dbff">
        <space>
          <ThemeSpaceGeneric back="#363636"
                             title="#ececec"
                             text="#ececec"
                             text_hi="#ececec"
                             header="#2e2e2eff"
                             header_text="#cccccc"
                             header_text_hi="#ececec"
                             button="#36363699"
                             button_title="#ececec"
                             button_text="#ececec"
                             button_text_hi="#ececec"
                             navigation_bar="#00000000"
                             tab_active="#999999"
                             tab_inactive="#2e2e2e"
                             tab_back="#2e2e2eff"
                             tab_outline="#2e2e2e">
            <panelcolors>
              <ThemePanelColors header="#2e2e2eff"
                                back="#454545ff"
                                sub_back="#00000019">
              </ThemePanelColors>
            </panelcolors>
          </ThemeSpaceGeneric>
        </space>
      </ThemeTextEditor>
    </text_editor>
    <node_editor>
      <ThemeNodeEditor gp_vertex="#000000"
                       gp_vertex_select="#ff8500"
                       gp_vertex_size="3"
                       node_selected="#099772"
                       node_active="#00ff35"
                       wire="#808080"
                       wire_inner="#808080"
                       wire_select="#ececec"
                       selected_text="#7f7070"
                       node_backdrop="#666666ff"
                       converter_node="#66c4ff"
                       color_node="#ffcb4d"
                       group_node="#59b36a"
                       group_socket_node="#dfc300"
                       frame_node="#9b9b9ba0"
                       matte_node="#977474"
                       distor_node="#749797"
                       noodle_curving="0"
                       input_node="#ff6675"
                       output_node="#ff6675"
                       filter_node="#6c696f"
                       vector_node="#9999ff"
                       texture_node="#ffc399"
                       shader_node="#a7ff99"
                       script_node="#6c696f"
                       pattern_node="#6c696f"
                       layout_node="#6c696f">
        <space>
          <ThemeSpaceGeneric back="#363636"
                             title="#ececec"
                             text="#ececec"
                             text_hi="#ececec"
                             header="#2e2e2eff"
                             header_text="#cccccc"
                             header_text_hi="#ececec"
                             button="#36363699"
                             button_title="#ececec"
                             button_text="#ececec"
                             button_text_hi="#ececec"
                             navigation_bar="#00000000"
                             tab_active="#999999"
                             tab_inactive="#2e2e2e"
                             tab_back="#2e2e2eff"
                             tab_outline="#2e2e2e">
            <panelcolors>
              <ThemePanelColors header="#2e2e2eff"
                                back="#454545ff"
                                sub_back="#00000019">
              </ThemePanelColors>
            </panelcolors>
          </ThemeSpaceGeneric>
        </space>
        <space_list>
          <ThemeSpaceListGeneric list="#2e2e2e"
                                 list_title="#ececec"
                                 list_text="#cccccc"
                                 list_text_hi="#ececec">
          </ThemeSpaceListGeneric>
        </space_list>
      </ThemeNodeEditor>
    </node_editor>
    <outliner>
      <ThemeOutliner match="#337f33"
                     selected_highlight="#262626">
        <space>
          <ThemeSpaceGeneric back="#424242"
                             title="#ececec"
                             text="#dedede"
                             text_hi="#50a763"
                             header="#454545ff"
                             header_text="#cccccc"
                             header_text_hi="#ececec"
                             button="#36363699"
                             button_title="#ececec"
                             button_text="#ececec"
                             button_text_hi="#ececec"
                             navigation_bar="#00000000"
                             tab_active="#999999"
                             tab_inactive="#2e2e2e"
                             tab_back="#2e2e2eff"
                             tab_outline="#2e2e2e">
            <panelcolors>
              <ThemePanelColors header="#2e2e2eff"
                                back="#454545ff"
                                sub_back="#00000019">
              </ThemePanelColors>
            </panelcolors>
          </ThemeSpaceGeneric>
        </space>
      </ThemeOutliner>
    </outliner>
    <info>
      <ThemeInfo info_selected="#6080ff"
                 info_selected_text="#ececec"
                 info_error="#990000"
                 info_error_text="#ececec"
                 info_warning="#b36a00"
                 info_warning_text="#ececec"
                 info_info="#668000"
                 info_info_text="#ececec"
                 info_debug="#d3d3d3"
                 info_debug_text="#000000">
        <space>
          <ThemeSpaceGeneric back="#363636"
                             title="#ececec"
                             text="#ececec"
                             text_hi="#ececec"
                             header="#2e2e2eff"
                             header_text="#cccccc"
                             header_text_hi="#ececec"
                             button="#36363699"
                             button_title="#ececec"
                             button_text="#ececec"
                             button_text_hi="#ececec"
                             navigation_bar="#00000000"
                             tab_active="#999999"
                             tab_inactive="#2e2e2e"
                             tab_back="#2e2e2eff"
                             tab_outline="#2e2e2e">
            <panelcolors>
              <ThemePanelColors header="#2e2e2eff"
                                back="#454545ff"
                                sub_back="#00000019">
              </ThemePanelColors>
            </panelcolors>
          </ThemeSpaceGeneric>
        </space>
      </ThemeInfo>
    </info>
    <user_preferences>
      <ThemeUserPreferences>
        <space>
          <ThemeSpaceGeneric back="#363636"
                             title="#ececec"
                             text="#ececec"
                             text_hi="#ececec"
                             header="#363636ff"
                             header_text="#cccccc"
                             header_text_hi="#ececec"
                             button="#36363699"
                             button_title="#ececec"
                             button_text="#ececec"
                             button_text_hi="#ececec"
                             navigation_bar="#00000000"
                             tab_active="#999999"
                             tab_inactive="#2e2e2e"
                             tab_back="#2e2e2eff"
                             tab_outline="#2e2e2e">
            <panelcolors>
              <ThemePanelColors header="#2e2e2eff"
                                back="#454545ff"
                                sub_back="#00000019">
              </ThemePanelColors>
            </panelcolors>
          </ThemeSpaceGeneric>
        </space>
      </ThemeUserPreferences>
    </user_preferences>
    <console>
      <ThemeConsole line_output="#d4d4d4"
                    line_input="#ececec"
                    line_info="#47b347"
                    line_error="#de6f6f"
                    cursor="#de5959"
                    select="#ececec30">
        <space>
          <ThemeSpaceGeneric back="#363636"
                             title="#ececec"
                             text="#ececec"
                             text_hi="#ececec"
                             header="#363636ff"
                             header_text="#cccccc"
                             header_text_hi="#ececec"
                             button="#36363699"
                             button_title="#ececec"
                             button_text="#ececec"
                             button_text_hi="#ececec"
                             navigation_bar="#00000000"
                             tab_active="#999999"
                             tab_inactive="#2e2e2e"
                             tab_back="#2e2e2eff"
                             tab_outline="#2e2e2e">
            <panelcolors>
              <ThemePanelColors header="#2e2e2eff"
                                back="#454545ff"
                                sub_back="#00000019">
              </ThemePanelColors>
            </panelcolors>
          </ThemeSpaceGeneric>
        </space>
      </ThemeConsole>
    </console>
    <clip_editor>
      <ThemeClipEditor gp_vertex="#000000"
                       gp_vertex_select="#000000"
                       gp_vertex_size="1"
                       marker_outline="#000000"
                       marker="#7f7f00"
                       active_marker="#ececec"
                       selected_marker="#ffff00"
                       disabled_marker="#7f0000"
                       locked_marker="#7f7f7f"
                       path_before="#ff0000"
                       path_after="#0000ff"
                       frame_current="#308837"
                       strips="#0c0a0a"
                       strips_selected="#ff8c00"
                       handle_free="#000000"
                       handle_auto="#909000"
                       handle_align="#803060"
                       handle_sel_free="#000000"
                       handle_sel_auto="#f0ff40"
                       handle_sel_align="#f090a0"
                       handle_auto_clamped="#000000"
                       handle_sel_auto_clamped="#000000"
                       handle_vertex="#000000"
                       handle_vertex_select="#ffff00"
                       handle_vertex_size="5">
        <space>
          <ThemeSpaceGeneric back="#363636"
                             title="#ececec"
                             text="#ececec"
                             text_hi="#ececec"
                             header="#2e2e2eff"
                             header_text="#cccccc"
                             header_text_hi="#ececec"
                             button="#36363699"
                             button_title="#ececec"
                             button_text="#ececec"
                             button_text_hi="#ececec"
                             navigation_bar="#00000000"
                             tab_active="#999999"
                             tab_inactive="#2e2e2e"
                             tab_back="#2e2e2eff"
                             tab_outline="#2e2e2e">
            <panelcolors>
              <ThemePanelColors header="#2e2e2eff"
                                back="#454545ff"
                                sub_back="#00000019">
              </ThemePanelColors>
            </panelcolors>
          </ThemeSpaceGeneric>
        </space>
        <space_list>
          <ThemeSpaceListGeneric list="#666666"
                                 list_title="#000000"
                                 list_text="#000000"
                                 list_text_hi="#ececec">
          </ThemeSpaceListGeneric>
        </space_list>
      </ThemeClipEditor>
    </clip_editor>
    <topbar>
      <ThemeTopBar>
        <space>
          <ThemeSpaceGeneric back="#4a4a4a"
                             title="#ececec"
                             text="#ececec"
                             text_hi="#ececec"
                             header="#292929ff"
                             header_text="#cccccc"
                             header_text_hi="#ececec"
                             button="#36363699"
                             button_title="#ececec"
                             button_text="#ececec"
                             button_text_hi="#ececec"
                             navigation_bar="#00000000"
                             tab_active="#999999"
                             tab_inactive="#2e2e2e"
                             tab_back="#2e2e2eff"
                             tab_outline="#2e2e2e">
            <panelcolors>
              <ThemePanelColors header="#2e2e2eff"
                                back="#454545ff"
                                sub_back="#00000000">
              </ThemePanelColors>
            </panelcolors>
          </ThemeSpaceGeneric>
        </space>
      </ThemeTopBar>
    </topbar>
    <statusbar>
      <ThemeStatusBar>
        <space>
          <ThemeSpaceGeneric back="#2e2e2e"
                             title="#ffffff"
                             text="#838383"
                             text_hi="#ececec"
                             header="#333333ff"
                             header_text="#aaaaaa"
                             header_text_hi="#ececec"
                             button="#363636ff"
                             button_title="#000000"
                             button_text="#000000"
                             button_text_hi="#ececec"
                             navigation_bar="#00000000"
                             tab_active="#767676"
                             tab_inactive="#363636"
                             tab_back="#363636ff"
                             tab_outline="#363636">
            <panelcolors>
              <ThemePanelColors header="#363636ff"
                                back="#46464699"
                                sub_back="#00000000">
              </ThemePanelColors>
            </panelcolors>
          </ThemeSpaceGeneric>
        </space>
      </ThemeStatusBar>
    </statusbar>
    <bone_color_sets>
      <ThemeBoneColorSet normal="#9a0000"
                         select="#bd1111"
                         active="#f70a0a"
                         show_colored_constraints="FALSE">
      </ThemeBoneColorSet>
      <ThemeBoneColorSet normal="#f74018"
                         select="#f66913"
                         active="#fa9900"
                         show_colored_constraints="FALSE">
      </ThemeBoneColorSet>
      <ThemeBoneColorSet normal="#1e9109"
                         select="#59b70b"
                         active="#83ef1d"
                         show_colored_constraints="FALSE">
      </ThemeBoneColorSet>
      <ThemeBoneColorSet normal="#0a3694"
                         select="#3667df"
                         active="#5ec1ef"
                         show_colored_constraints="FALSE">
      </ThemeBoneColorSet>
      <ThemeBoneColorSet normal="#a9294e"
                         select="#c1416a"
                         active="#f05d91"
                         show_colored_constraints="FALSE">
      </ThemeBoneColorSet>
      <ThemeBoneColorSet normal="#430c78"
                         select="#543aa3"
                         active="#8764d5"
                         show_colored_constraints="FALSE">
      </ThemeBoneColorSet>
      <ThemeBoneColorSet normal="#24785a"
                         select="#3c9579"
                         active="#6fb6ab"
                         show_colored_constraints="FALSE">
      </ThemeBoneColorSet>
      <ThemeBoneColorSet normal="#4b707c"
                         select="#6a8691"
                         active="#9bc2cd"
                         show_colored_constraints="FALSE">
      </ThemeBoneColorSet>
      <ThemeBoneColorSet normal="#f4c90c"
                         select="#eec236"
                         active="#f3ff00"
                         show_colored_constraints="FALSE">
      </ThemeBoneColorSet>
      <ThemeBoneColorSet normal="#1e2024"
                         select="#484c56"
                         active="#ececec"
                         show_colored_constraints="FALSE">
      </ThemeBoneColorSet>
      <ThemeBoneColorSet normal="#6f2f6a"
                         select="#9845be"
                         active="#d330d6"
                         show_colored_constraints="FALSE">
      </ThemeBoneColorSet>
      <ThemeBoneColorSet normal="#6c8e22"
                         select="#7fb022"
                         active="#bbef5b"
                         show_colored_constraints="FALSE">
      </ThemeBoneColorSet>
      <ThemeBoneColorSet normal="#8d8d8d"
                         select="#b0b0b0"
                         active="#dedede"
                         show_colored_constraints="FALSE">
      </ThemeBoneColorSet>
      <ThemeBoneColorSet normal="#834326"
                         select="#8b5811"
                         active="#bd6a11"
                         show_colored_constraints="FALSE">
      </ThemeBoneColorSet>
      <ThemeBoneColorSet normal="#08310e"
                         select="#1c430b"
                         active="#34622b"
                         show_colored_constraints="FALSE">
      </ThemeBoneColorSet>
      <ThemeBoneColorSet normal="#000000"
                         select="#000000"
                         active="#000000"
                         show_colored_constraints="FALSE">
      </ThemeBoneColorSet>
      <ThemeBoneColorSet normal="#000000"
                         select="#000000"
                         active="#000000"
                         show_colored_constraints="FALSE">
      </ThemeBoneColorSet>
      <ThemeBoneColorSet normal="#000000"
                         select="#000000"
                         active="#000000"
                         show_colored_constraints="FALSE">
      </ThemeBoneColorSet>
      <ThemeBoneColorSet normal="#000000"
                         select="#000000"
                         active="#000000"
                         show_colored_constraints="FALSE">
      </ThemeBoneColorSet>
      <ThemeBoneColorSet normal="#000000"
                         select="#000000"
                         active="#000000"
                         show_colored_constraints="FALSE">
      </ThemeBoneColorSet>
    </bone_color_sets>
  </Theme>
  <ThemeStyle>
    <panel_title>
      <ThemeFontStyle points="11"
                      font_kerning_style="FITTED"
                      shadow="0"
                      shadow_offset_x="0"
                      shadow_offset_y="-1"
                      shadow_alpha="0.5"
                      shadow_value="0">
      </ThemeFontStyle>
    </panel_title>
    <widget_label>
      <ThemeFontStyle points="11"
                      font_kerning_style="FITTED"
                      shadow="0"
                      shadow_offset_x="0"
                      shadow_offset_y="-1"
                      shadow_alpha="0.5"
                      shadow_value="0">
      </ThemeFontStyle>
    </widget_label>
    <widget>
      <ThemeFontStyle points="11"
                      font_kerning_style="FITTED"
                      shadow="0"
                      shadow_offset_x="0"
                      shadow_offset_y="-1"
                      shadow_alpha="0.5"
                      shadow_value="0">
      </ThemeFontStyle>
    </widget>
  </ThemeStyle>
</bpy>
