<bpy>
  <Theme>
    <user_interface>
      <ThemeUserInterface
        menu_shadow_fac="0.5"
        menu_shadow_width="12"
        icon_file=""
        icon_alpha="1"
        icon_saturation="0.65"
        widget_emboss="#48484800"
        editor_outline="#383838"
        axis_x="#dc0000"
        axis_y="#00dc00"
        axis_z="#0000dc"
        gizmo_hi="#000000"
        gizmo_primary="#0000dc"
        gizmo_secondary="#dc0000"
        gizmo_a="#4da84d"
        gizmo_b="#a33535"
        icon_collection="#282828ff"
        icon_object="#9696f5ff"
        icon_object_data="#484848ff"
        icon_modifier="#00a5ffff"
        icon_shading="#f49c1cff"
        >
        <wcol_regular>
          <ThemeWidgetColors
            outline="#686868"
            inner="#686868ff"
            inner_sel="#f49c1cff"
            item="#2f76c3ff"
            text="#cccccc"
            text_sel="#181818"
            show_shaded="FALSE"
            shadetop="0"
            shadedown="0"
            roundness="0.4"
            >
          </ThemeWidgetColors>
        </wcol_regular>
        <wcol_tool>
          <ThemeWidgetColors
            outline="#191919"
            inner="#686868ff"
            inner_sel="#f49c1cff"
            item="#181818ff"
            text="#cccccc"
            text_sel="#181818"
            show_shaded="FALSE"
            shadetop="15"
            shadedown="-15"
            roundness="0.4"
            >
          </ThemeWidgetColors>
        </wcol_tool>
        <wcol_toolbar_item>
          <ThemeWidgetColors
            outline="#383838"
            inner="#585858ff"
            inner_sel="#f49c1cff"
            item="#191919ff"
            text="#cccccc"
            text_sel="#181818"
            show_shaded="FALSE"
            shadetop="0"
            shadedown="0"
            roundness="0.5"
            >
          </ThemeWidgetColors>
        </wcol_toolbar_item>
        <wcol_radio>
          <ThemeWidgetColors
            outline="#484848"
            inner="#5a5a5aff"
            inner_sel="#f49c1cff"
            item="#ccccccff"
            text="#cccccc"
            text_sel="#181818"
            show_shaded="FALSE"
            shadetop="15"
            shadedown="-15"
            roundness="0.4"
            >
          </ThemeWidgetColors>
        </wcol_radio>
        <wcol_text>
          <ThemeWidgetColors
            outline="#9098a0"
            inner="#9098a0ff"
            inner_sel="#9098a0ff"
            item="#5a5a5aff"
            text="#181818"
            text_sel="#cccccc"
            show_shaded="FALSE"
            shadetop="0"
            shadedown="25"
            roundness="0.4"
            >
          </ThemeWidgetColors>
        </wcol_text>
        <wcol_option>
          <ThemeWidgetColors
            outline="#181818"
            inner="#686868ff"
            inner_sel="#f49c1cff"
            item="#181818ff"
            text="#cccccc"
            text_sel="#cccccc"
            show_shaded="FALSE"
            shadetop="15"
            shadedown="-15"
            roundness="0.5"
            >
          </ThemeWidgetColors>
        </wcol_option>
        <wcol_toggle>
          <ThemeWidgetColors
            outline="#302e2e"
            inner="#606060ff"
            inner_sel="#f49c1cff"
            item="#5a5a5aff"
            text="#e1e1e1"
            text_sel="#181818"
            show_shaded="FALSE"
            shadetop="0"
            shadedown="0"
            roundness="0.5"
            >
          </ThemeWidgetColors>
        </wcol_toggle>
        <wcol_num>
          <ThemeWidgetColors
            outline="#484848"
            inner="#9098a0ff"
            inner_sel="#f49c1cff"
            item="#5a5a5aff"
            text="#181818"
            text_sel="#eeeeee"
            show_shaded="FALSE"
            shadetop="-20"
            shadedown="0"
            roundness="0.6"
            >
          </ThemeWidgetColors>
        </wcol_num>
        <wcol_numslider>
          <ThemeWidgetColors
            outline="#191919"
            inner="#b4b4b4ff"
            inner_sel="#999999ff"
            item="#9098a0ff"
            text="#181818"
            text_sel="#eeeeee"
            show_shaded="FALSE"
            shadetop="-20"
            shadedown="0"
            roundness="0.6"
            >
          </ThemeWidgetColors>
        </wcol_numslider>
        <wcol_box>
          <ThemeWidgetColors
            outline="#505050"
            inner="#505050ff"
            inner_sel="#646464ff"
            item="#181818ff"
            text="#cccccc"
            text_sel="#cccccc"
            show_shaded="FALSE"
            shadetop="0"
            shadedown="0"
            roundness="0.4"
            >
          </ThemeWidgetColors>
        </wcol_box>
        <wcol_menu>
          <ThemeWidgetColors
            outline="#484848"
            inner="#606060ff"
            inner_sel="#f49c1cff"
            item="#ccccccff"
            text="#cccccc"
            text_sel="#181818"
            show_shaded="FALSE"
            shadetop="15"
            shadedown="-15"
            roundness="0.4"
            >
          </ThemeWidgetColors>
        </wcol_menu>
        <wcol_pulldown>
          <ThemeWidgetColors
            outline="#181818"
            inner="#606060ff"
            inner_sel="#f49c1c00"
            item="#ccccccff"
            text="#cccccc"
            text_sel="#f49c1c"
            show_shaded="FALSE"
            shadetop="25"
            shadedown="-20"
            roundness="1"
            >
          </ThemeWidgetColors>
        </wcol_pulldown>
        <wcol_menu_back>
          <ThemeWidgetColors
            outline="#181818"
            inner="#484848ff"
            inner_sel="#2d2d2de6"
            item="#646464ff"
            text="#bfbfbf"
            text_sel="#cccccc"
            show_shaded="FALSE"
            shadetop="25"
            shadedown="-20"
            roundness="0.5"
            >
          </ThemeWidgetColors>
        </wcol_menu_back>
        <wcol_pie_menu>
          <ThemeWidgetColors
            outline="#383838"
            inner="#585858e6"
            inner_sel="#f49c1ce6"
            item="#f49c1ce6"
            text="#dfdfdf"
            text_sel="#181818"
            show_shaded="TRUE"
            shadetop="5"
            shadedown="-5"
            roundness="0.5"
            >
          </ThemeWidgetColors>
        </wcol_pie_menu>
        <wcol_tooltip>
          <ThemeWidgetColors
            outline="#181818"
            inner="#191919e6"
            inner_sel="#2d2d2de6"
            item="#646464ff"
            text="#cccccc"
            text_sel="#cccccc"
            show_shaded="FALSE"
            shadetop="25"
            shadedown="-20"
            roundness="0.5"
            >
          </ThemeWidgetColors>
        </wcol_tooltip>
        <wcol_menu_item>
          <ThemeWidgetColors
            outline="#181818"
            inner="#18181800"
            inner_sel="#505860ff"
            item="#ccccccff"
            text="#cccccc"
            text_sel="#181818"
            show_shaded="FALSE"
            shadetop="38"
            shadedown="0"
            roundness="0.5"
            >
          </ThemeWidgetColors>
        </wcol_menu_item>
        <wcol_scroll>
          <ThemeWidgetColors
            outline="#484848"
            inner="#505050b4"
            inner_sel="#646464b4"
            item="#606060ff"
            text="#cccccc"
            text_sel="#cccccc"
            show_shaded="FALSE"
            shadetop="5"
            shadedown="-5"
            roundness="1"
            >
          </ThemeWidgetColors>
        </wcol_scroll>
        <wcol_progress>
          <ThemeWidgetColors
            outline="#181818"
            inner="#bebebeff"
            inner_sel="#646464b4"
            item="#f49c1cff"
            text="#181818"
            text_sel="#cccccc"
            show_shaded="FALSE"
            shadetop="5"
            shadedown="-5"
            roundness="0.5"
            >
          </ThemeWidgetColors>
        </wcol_progress>
        <wcol_list_item>
          <ThemeWidgetColors
            outline="#181818"
            inner="#18181800"
            inner_sel="#f49c1c00"
            item="#5a5a5aff"
            text="#181818"
            text_sel="#f49c1c"
            show_shaded="FALSE"
            shadetop="0"
            shadedown="0"
            roundness="0.4"
            >
          </ThemeWidgetColors>
        </wcol_list_item>
        <wcol_state>
          <ThemeWidgetStateColors
            inner_anim="#53992e"
            inner_anim_sel="#5aa633"
            inner_key="#b3ae36"
            inner_key_sel="#d7d34b"
            inner_driven="#b400ff"
            inner_driven_sel="#9900e6"
            inner_overridden="#19c3c3"
            inner_overridden_sel="#118f8f"
            inner_changed="#cc7529"
            inner_changed_sel="#e6852d"
            blend="0.5"
            >
          </ThemeWidgetStateColors>
        </wcol_state>
        <wcol_tab>
          <ThemeWidgetColors
            outline="#383838"
            inner="#3e3e3eff"
            inner_sel="#484848ff"
            item="#28292dff"
            text="#909090"
            text_sel="#f49c1c"
            show_shaded="FALSE"
            shadetop="0"
            shadedown="0"
            roundness="0.3"
            >
          </ThemeWidgetColors>
        </wcol_tab>
      </ThemeUserInterface>
    </user_interface>
    <view_3d>
      <ThemeView3D
        grid="#484848ff"
        clipping_border_3d="#313131ff"
        wire="#393939"
        wire_edit="#484848"
        gp_vertex="#181818"
        gp_vertex_select="#ffa829"
        gp_vertex_size="3"
        text_grease_pencil="#b5e61d"
        object_selected="#ffa829"
        object_active="#ffa829"
        text_keyframe="#ddd700"
        camera="#cccccc"
        empty="#cccccc"
        light="#cccccc28"
        speaker="#cccccc"
        vertex="#292929"
        vertex_select="#ffa829"
        vertex_size="3"
        vertex_bevel="#0ec6ff"
        vertex_unreferenced="#404040"
        edge_select="#ffa829"
        edge_seam="#0077db"
        edge_sharp="#004880"
        edge_crease="#cc0099"
        edge_bevel="#00a5ff"
        edge_facesel="#4b4b4b"
        freestyle_edge_mark="#7fff7f"
        face="#18181812"
        face_select="#ffa82940"
        face_dot="#ffa829"
        facedot_size="4"
        freestyle_face_mark="#7fff7f33"
        nurb_uline="#909000"
        nurb_vline="#803060"
        nurb_sel_uline="#f0ff40"
        nurb_sel_vline="#f090a0"
        act_spline="#db2512"
        handle_free="#181818"
        handle_auto="#909000"
        handle_vect="#409030"
        handle_sel_vect="#40c030"
        handle_align="#803060"
        handle_sel_free="#181818"
        handle_sel_auto="#f0ff40"
        handle_sel_align="#f090a0"
        lastsel_point="#cccccc"
        extra_edge_len="#181818"
        extra_edge_angle="#181818"
        extra_face_angle="#002000"
        extra_face_area="#000080"
        editmesh_active="#ffa829ff"
        normal="#22dddd"
        vertex_normal="#2361dd"
        split_normal="#dd23dd"
        bone_pose="#50c8ff"
        bone_pose_active="#cccccc"
        bone_solid="#c8c8c8"
        bundle_solid="#c8c8c8"
        camera_path="#181818"
        skin_root="#181818"
        view_overlay="#181818"
        transform="#cccccc"
        frame_current="#60c040"
        paint_curve_handle="#7fff7f7f"
        paint_curve_pivot="#ff7f7f7f"
        outline_width="1"
        >
        <space>
          <ThemeSpaceGradient
            title="#cccccc"
            text="#cccccc"
            text_hi="#cccccc"
            header="#525252ff"
            header_text="#cccccc"
            header_text_hi="#cccccc"
            button="#484848ff"
            button_title="#cccccc"
            button_text="#cccccc"
            button_text_hi="#484848"
            navigation_bar="#38383800"
            tab_active="#484848"
            tab_inactive="#383838"
            tab_back="#484848ff"
            tab_outline="#484848"
            >
            <gradients>
              <ThemeGradientColors
                show_grad="FALSE"
                gradient="#3a3e47"
                high_gradient="#5c6266"
                >
              </ThemeGradientColors>
            </gradients>
            <panelcolors>
              <ThemePanelColors
                header="#3e3e3eff"
                back="#48484880"
                sub_back="#1818183e"
                >
              </ThemePanelColors>
            </panelcolors>
          </ThemeSpaceGradient>
        </space>
      </ThemeView3D>
    </view_3d>
    <graph_editor>
      <ThemeGraphEditor
        grid="#5b6672"
        frame_current="#c69345"
        window_sliders="#969696"
        channels_region="#707070"
        dopesheet_channel="#52606e"
        dopesheet_subchannel="#7c8996"
        channel_group="#4f6549"
        active_channels_group="#87b17d"
        preview_range="#f49c1c00"
        vertex="#181818"
        vertex_select="#ff8500"
        vertex_size="3"
        vertex_bevel="#181818"
        vertex_unreferenced="#181818"
        handle_free="#181818"
        handle_auto="#909000"
        handle_vect="#409030"
        handle_sel_vect="#40c030"
        handle_align="#803060"
        handle_sel_free="#181818"
        handle_sel_auto="#f0ff40"
        handle_sel_align="#f090a0"
        handle_auto_clamped="#994030"
        handle_sel_auto_clamped="#f0af90"
        lastsel_point="#181818"
        handle_vertex="#181818"
        handle_vertex_select="#ff8500"
        handle_vertex_size="3"
        >
        <space>
          <ThemeSpaceGeneric
            back="#64707c"
            title="#cccccc"
            text="#cccccc"
            text_hi="#ffffff"
            header="#525252ff"
            header_text="#cccccc"
            header_text_hi="#ffffff"
            button="#484848ff"
            button_title="#cccccc"
            button_text="#cccccc"
            button_text_hi="#484848"
            navigation_bar="#38383800"
            tab_active="#484848"
            tab_inactive="#484848"
            tab_back="#484848ff"
            tab_outline="#484848"
            >
            <panelcolors>
              <ThemePanelColors
                header="#3e3e3eff"
                back="#48484880"
                sub_back="#1818183e"
                >
              </ThemePanelColors>
            </panelcolors>
          </ThemeSpaceGeneric>
        </space>
        <space_list>
          <ThemeSpaceListGeneric
            list="#484848"
            list_title="#181818"
            list_text="#181818"
            list_text_hi="#ffffff"
            >
          </ThemeSpaceListGeneric>
        </space_list>
      </ThemeGraphEditor>
    </graph_editor>
    <file_browser>
      <ThemeFileBrowser
        selected_file="#f49c1c"
        >
        <space>
          <ThemeSpaceGeneric
            back="#484848"
            title="#cccccc"
            text="#cccccc"
            text_hi="#cccccc"
            header="#383838ff"
            header_text="#cccccc"
            header_text_hi="#cccccc"
            button="#484848ff"
            button_title="#cccccc"
            button_text="#cccccc"
            button_text_hi="#484848"
            navigation_bar="#38383800"
            tab_active="#484848"
            tab_inactive="#383838"
            tab_back="#484848ff"
            tab_outline="#484848"
            >
            <panelcolors>
              <ThemePanelColors
                header="#3e3e3eff"
                back="#48484880"
                sub_back="#1818183e"
                >
              </ThemePanelColors>
            </panelcolors>
          </ThemeSpaceGeneric>
        </space>
      </ThemeFileBrowser>
    </file_browser>
    <nla_editor>
      <ThemeNLAEditor
        grid="#5e5e5e"
        view_sliders="#969696"
        active_action="#cc701a66"
        active_action_unset="#9987614d"
        preview_range="#cc701a66"
        strips="#181818"
        strips_selected="#ff8c00"
        transition_strips="#1c2630"
        transition_strips_selected="#2e75db"
        meta_strips="#332642"
        meta_strips_selected="#692196"
        sound_strips="#2b3d3d"
        sound_strips_selected="#1f7a7a"
        tweak="#4df31a"
        tweak_duplicate="#d90000"
        keyframe_border="#181818ff"
        keyframe_border_selected="#181818ff"
        frame_current="#c69345"
        >
        <space>
          <ThemeSpaceGeneric
            back="#64707c"
            title="#cccccc"
            text="#cccccc"
            text_hi="#cccccc"
            header="#525252ff"
            header_text="#cccccc"
            header_text_hi="#cccccc"
            button="#484848ff"
            button_title="#cccccc"
            button_text="#cccccc"
            button_text_hi="#484848"
            navigation_bar="#38383800"
            tab_active="#484848"
            tab_inactive="#383838"
            tab_back="#484848ff"
            tab_outline="#484848"
            >
            <panelcolors>
              <ThemePanelColors
                header="#3e3e3eff"
                back="#48484880"
                sub_back="#1818183e"
                >
              </ThemePanelColors>
            </panelcolors>
          </ThemeSpaceGeneric>
        </space>
        <space_list>
          <ThemeSpaceListGeneric
            list="#484848"
            list_title="#181818"
            list_text="#181818"
            list_text_hi="#ffffff"
            >
          </ThemeSpaceListGeneric>
        </space_list>
      </ThemeNLAEditor>
    </nla_editor>
    <dopesheet_editor>
      <ThemeDopeSheet
        grid="#5b6672"
        frame_current="#c69345"
        value_sliders="#181818"
        view_sliders="#969696"
        dopesheet_channel="#547ca624"
        dopesheet_subchannel="#748da624"
        channels="#7e7e7e10"
        channels_selected="#60c04044"
        channel_group="#3b8c2837"
        active_channels_group="#439e2d55"
        long_key="#18181880"
        long_key_selected="#ff8c00cc"
        keyframe="#bddae8"
        keyframe_selected="#ffbe32"
        keyframe_extreme="#e8b3cc"
        keyframe_extreme_selected="#f28080"
        keyframe_breakdown="#b3dbe8"
        keyframe_breakdown_selected="#54bfed"
        keyframe_jitter="#ace493"
        keyframe_jitter_selected="#61c042"
        keyframe_movehold="#5c5656"
        keyframe_movehold_selected="#ffaf23"
        keyframe_border="#181818ff"
        keyframe_border_selected="#181818ff"
        keyframe_scale_factor="1"
        summary="#f49c1c00"
        preview_range="#f49c1c00"
        interpolation_line="#94e575cc"
        >
        <space>
          <ThemeSpaceGeneric
            back="#64707c"
            title="#cccccc"
            text="#cccccc"
            text_hi="#cccccc"
            header="#525252ff"
            header_text="#cccccc"
            header_text_hi="#cccccc"
            button="#484848ff"
            button_title="#cccccc"
            button_text="#cccccc"
            button_text_hi="#484848"
            navigation_bar="#38383800"
            tab_active="#484848"
            tab_inactive="#383838"
            tab_back="#484848ff"
            tab_outline="#484848"
            >
            <panelcolors>
              <ThemePanelColors
                header="#3e3e3eff"
                back="#48484880"
                sub_back="#1818183e"
                >
              </ThemePanelColors>
            </panelcolors>
          </ThemeSpaceGeneric>
        </space>
        <space_list>
          <ThemeSpaceListGeneric
            list="#484848"
            list_title="#181818"
            list_text="#181818"
            list_text_hi="#ffffff"
            >
          </ThemeSpaceListGeneric>
        </space_list>
      </ThemeDopeSheet>
    </dopesheet_editor>
    <image_editor>
      <ThemeImageEditor
        gp_vertex="#eeeeee"
        gp_vertex_select="#ffa829"
        gp_vertex_size="3"
        vertex="#eeeeee"
        vertex_select="#ffa829"
        vertex_size="2"
        vertex_bevel="#eeeeee"
        vertex_unreferenced="#404040"
        face="#eeeeee0a"
        face_select="#ffa8293c"
        face_dot="#ffa829"
        facedot_size="3"
        freestyle_face_mark="#18181800"
        editmesh_active="#ffa829ff"
        wire_edit="#c0c0c0"
        edge_select="#ffa829"
        scope_back="#727272ff"
        preview_stitch_face="#1242b026"
        preview_stitch_edge="#ffa829b2"
        preview_stitch_vert="#ffa8297f"
        preview_stitch_stitchable="#00ff00ff"
        preview_stitch_unstitchable="#ff0000ff"
        preview_stitch_active="#e1d2c323"
        uv_shadow="#707070ff"
        uv_others="#606060ff"
        frame_current="#60c040"
        metadatabg="#181818"
        metadatatext="#eeeeee"
        handle_free="#181818"
        handle_auto="#909000"
        handle_align="#803060"
        handle_sel_free="#181818"
        handle_sel_auto="#f0ff40"
        handle_sel_align="#f090a0"
        handle_auto_clamped="#181818"
        handle_sel_auto_clamped="#181818"
        handle_vertex="#181818"
        handle_vertex_select="#ffff00"
        handle_vertex_size="5"
        paint_curve_handle="#7fff7f7f"
        paint_curve_pivot="#ff7f7f7f"
        >
        <space>
          <ThemeSpaceGeneric
            back="#a1a1a1"
            title="#cccccc"
            text="#cccccc"
            text_hi="#cccccc"
            header="#525252ff"
            header_text="#888888"
            header_text_hi="#cccccc"
            button="#484848ff"
            button_title="#cccccc"
            button_text="#cccccc"
            button_text_hi="#484848"
            navigation_bar="#38383800"
            tab_active="#484848"
            tab_inactive="#383838"
            tab_back="#484848ff"
            tab_outline="#484848"
            >
            <panelcolors>
              <ThemePanelColors
                header="#3e3e3eff"
                back="#48484880"
                sub_back="#1818183e"
                >
              </ThemePanelColors>
            </panelcolors>
          </ThemeSpaceGeneric>
        </space>
      </ThemeImageEditor>
    </image_editor>
    <sequence_editor>
      <ThemeSequenceEditor
        gp_vertex="#181818"
        gp_vertex_select="#f49c1c"
        gp_vertex_size="3"
        grid="#5b6672"
        window_sliders="#a0a0a0"
        movie_strip="#516987"
        movieclip_strip="#20208f"
        image_strip="#6d5881"
        scene_strip="#4e983e"
        audio_strip="#2e8f8f"
        effect_strip="#a9547c"
        transition_strip="#a25f6f"
        meta_strip="#6d9183"
        text_strip="#f49c1c"
        frame_current="#c69345"
        keyframe="#f49c1c"
        draw_action="#50c8ff"
        preview_back="#181818"
        metadatabg="#181818"
        metadatatext="#ffffff"
        >
        <space>
          <ThemeSpaceGeneric
            back="#64707c"
            title="#cccccc"
            text="#cccccc"
            text_hi="#cccccc"
            header="#525252ff"
            header_text="#cccccc"
            header_text_hi="#cccccc"
            button="#48484842"
            button_title="#cccccc"
            button_text="#cccccc"
            button_text_hi="#484848"
            navigation_bar="#38383800"
            tab_active="#484848"
            tab_inactive="#383838"
            tab_back="#484848ff"
            tab_outline="#484848"
            >
            <panelcolors>
              <ThemePanelColors
                header="#3e3e3eff"
                back="#48484880"
                sub_back="#1818183e"
                >
              </ThemePanelColors>
            </panelcolors>
          </ThemeSpaceGeneric>
        </space>
      </ThemeSequenceEditor>
    </sequence_editor>
    <properties>
      <ThemeProperties>
        <space>
          <ThemeSpaceGeneric
            back="#484848"
            title="#cccccc"
            text="#cccccc"
            text_hi="#cccccc"
            header="#525252ff"
            header_text="#888888"
            header_text_hi="#dff5ff"
            button="#484848ff"
            button_title="#cccccc"
            button_text="#cccccc"
            button_text_hi="#484848"
            navigation_bar="#3e3e3eff"
            tab_active="#484848"
            tab_inactive="#383838"
            tab_back="#484848ff"
            tab_outline="#484848"
            >
            <panelcolors>
              <ThemePanelColors
                header="#3e3e3eff"
                back="#48484880"
                sub_back="#1818183e"
                >
              </ThemePanelColors>
            </panelcolors>
          </ThemeSpaceGeneric>
        </space>
      </ThemeProperties>
    </properties>
    <text_editor>
      <ThemeTextEditor
        line_numbers_background="#383838"
        selected_text="#005aa6"
        cursor="#cccccc"
        syntax_builtin="#f49c1c"
        syntax_symbols="#a5a5a5"
        syntax_special="#66d9ef"
        syntax_preprocessor="#a5a5a5"
        syntax_reserved="#a5a5a5"
        syntax_comment="#696969"
        syntax_string="#e6db5a"
        syntax_numbers="#c89927"
        >
        <space>
          <ThemeSpaceGeneric
            back="#383838"
            title="#cccccc"
            text="#a5a5a5"
            text_hi="#cccccc"
            header="#525252ff"
            header_text="#cccccc"
            header_text_hi="#cccccc"
            button="#484848ff"
            button_title="#cccccc"
            button_text="#cccccc"
            button_text_hi="#484848"
            navigation_bar="#38383800"
            tab_active="#484848"
            tab_inactive="#383838"
            tab_back="#484848ff"
            tab_outline="#484848"
            >
            <panelcolors>
              <ThemePanelColors
                header="#3e3e3eff"
                back="#48484880"
                sub_back="#1818183e"
                >
              </ThemePanelColors>
            </panelcolors>
          </ThemeSpaceGeneric>
        </space>
      </ThemeTextEditor>
    </text_editor>
    <node_editor>
      <ThemeNodeEditor
        gp_vertex="#181818"
        gp_vertex_select="#ff8500"
        gp_vertex_size="3"
        node_selected="#ffffff"
        node_active="#f49c1c"
        wire="#181818"
        wire_inner="#737373"
        wire_select="#ccccff"
        selected_text="#7f7070"
        node_backdrop="#484848a0"
        converter_node="#686a75"
        color_node="#f2b077"
        group_node="#69756e"
        group_socket_node="#e66c00"
        frame_node="#9a9b9ba0"
        matte_node="#977474"
        distor_node="#749797"
        noodle_curving="5"
        input_node="#79bef2"
        output_node="#f49c1c"
        filter_node="#ff0000"
        vector_node="#6de8e4"
        texture_node="#f2b077"
        shader_node="#e88daa"
        script_node="#f2b077"
        pattern_node="#a67c49"
        layout_node="#181818"
        >
        <space>
          <ThemeSpaceGeneric
            back="#64707c"
            title="#cccccc"
            text="#cccccc"
            text_hi="#cccccc"
            header="#525252ff"
            header_text="#cccccc"
            header_text_hi="#cccccc"
            button="#484848ff"
            button_title="#cccccc"
            button_text="#cccccc"
            button_text_hi="#484848"
            navigation_bar="#38383800"
            tab_active="#484848"
            tab_inactive="#383838"
            tab_back="#484848ff"
            tab_outline="#484848"
            >
            <panelcolors>
              <ThemePanelColors
                header="#3e3e3e00"
                back="#48484880"
                sub_back="#1818183e"
                >
              </ThemePanelColors>
            </panelcolors>
          </ThemeSpaceGeneric>
        </space>
        <space_list>
          <ThemeSpaceListGeneric
            list="#484848"
            list_title="#181818"
            list_text="#181818"
            list_text_hi="#ffffff"
            >
          </ThemeSpaceListGeneric>
        </space_list>
      </ThemeNodeEditor>
    </node_editor>
    <outliner>
      <ThemeOutliner
        match="#337f33"
        selected_highlight="#404850"
        >
        <space>
          <ThemeSpaceGeneric
            back="#656e72"
            title="#cccccc"
            text="#181818"
            text_hi="#f49c1c"
            header="#525252ff"
            header_text="#888888"
            header_text_hi="#cccccc"
            button="#727272ff"
            button_title="#cccccc"
            button_text="#cccccc"
            button_text_hi="#484848"
            navigation_bar="#38383800"
            tab_active="#484848"
            tab_inactive="#383838"
            tab_back="#484848ff"
            tab_outline="#484848"
            >
            <panelcolors>
              <ThemePanelColors
                header="#ccccccff"
                back="#48484880"
                sub_back="#1818183e"
                >
              </ThemePanelColors>
            </panelcolors>
          </ThemeSpaceGeneric>
        </space>
      </ThemeOutliner>
    </outliner>
    <info>
      <ThemeInfo
        info_selected="#404850"
        info_selected_text="#f49c1c"
        info_error="#dc0000"
        info_error_text="#181818"
        info_warning="#dc5858"
        info_warning_text="#181818"
        info_info="#00aa00"
        info_info_text="#181818"
        info_debug="#c4c4c4"
        info_debug_text="#181818"
        >
        <space>
          <ThemeSpaceGeneric
            back="#656e72"
            title="#c8c6c9"
            text="#282828"
            text_hi="#cccccc"
            header="#525252ff"
            header_text="#cccccc"
            header_text_hi="#cccccc"
            button="#484848ff"
            button_title="#cccccc"
            button_text="#cccccc"
            button_text_hi="#484848"
            navigation_bar="#38383800"
            tab_active="#484848"
            tab_inactive="#383838"
            tab_back="#484848ff"
            tab_outline="#484848"
            >
            <panelcolors>
              <ThemePanelColors
                header="#3e3e3eff"
                back="#48484880"
                sub_back="#1818183e"
                >
              </ThemePanelColors>
            </panelcolors>
          </ThemeSpaceGeneric>
        </space>
      </ThemeInfo>
    </info>
    <user_preferences>
      <ThemeUserPreferences>
        <space>
          <ThemeSpaceGeneric
            back="#484848"
            title="#cccccc"
            text="#cccccc"
            text_hi="#cccccc"
            header="#383838ff"
            header_text="#cccccc"
            header_text_hi="#cccccc"
            button="#484848ff"
            button_title="#cccccc"
            button_text="#cccccc"
            button_text_hi="#484848"
            navigation_bar="#38383800"
            tab_active="#484848"
            tab_inactive="#484848"
            tab_back="#484848ff"
            tab_outline="#383838"
            >
            <panelcolors>
              <ThemePanelColors
                header="#3e3e3eff"
                back="#48484880"
                sub_back="#1818183e"
                >
              </ThemePanelColors>
            </panelcolors>
          </ThemeSpaceGeneric>
        </space>
      </ThemeUserPreferences>
    </user_preferences>
    <console>
      <ThemeConsole
        line_output="#282828"
        line_input="#cccccc"
        line_info="#00aa00"
        line_error="#dc6060"
        cursor="#dc6060"
        select="#f49c1c30"
        >
        <space>
          <ThemeSpaceGeneric
            back="#64707c"
            title="#cccccc"
            text="#cccccc"
            text_hi="#cccccc"
            header="#525252ff"
            header_text="#cccccc"
            header_text_hi="#cccccc"
            button="#484848ff"
            button_title="#cccccc"
            button_text="#cccccc"
            button_text_hi="#484848"
            navigation_bar="#38383800"
            tab_active="#484848"
            tab_inactive="#484848"
            tab_back="#484848ff"
            tab_outline="#484848"
            >
            <panelcolors>
              <ThemePanelColors
                header="#3e3e3eff"
                back="#48484880"
                sub_back="#1818183e"
                >
              </ThemePanelColors>
            </panelcolors>
          </ThemeSpaceGeneric>
        </space>
      </ThemeConsole>
    </console>
    <clip_editor>
      <ThemeClipEditor
        gp_vertex="#181818"
        gp_vertex_select="#181818"
        gp_vertex_size="1"
        marker_outline="#181818"
        marker="#7f7f00"
        active_marker="#cccccc"
        selected_marker="#ffff00"
        disabled_marker="#7f0000"
        locked_marker="#7f7f7f"
        path_before="#ff0000"
        path_after="#0000ff"
        frame_current="#c69345"
        strips="#181818"
        strips_selected="#ff8c00"
        handle_free="#181818"
        handle_auto="#909000"
        handle_align="#803060"
        handle_sel_free="#181818"
        handle_sel_auto="#f0ff40"
        handle_sel_align="#f090a0"
        handle_auto_clamped="#181818"
        handle_sel_auto_clamped="#181818"
        handle_vertex="#181818"
        handle_vertex_select="#ffff00"
        handle_vertex_size="4"
        >
        <space>
          <ThemeSpaceGeneric
            back="#2d3236"
            title="#cccccc"
            text="#cccccc"
            text_hi="#cccccc"
            header="#525252ff"
            header_text="#cccccc"
            header_text_hi="#cccccc"
            button="#484848ff"
            button_title="#cccccc"
            button_text="#cccccc"
            button_text_hi="#484848"
            navigation_bar="#38383800"
            tab_active="#484848"
            tab_inactive="#383838"
            tab_back="#484848ff"
            tab_outline="#484848"
            >
            <panelcolors>
              <ThemePanelColors
                header="#3e3e3eff"
                back="#48484880"
                sub_back="#1818183e"
                >
              </ThemePanelColors>
            </panelcolors>
          </ThemeSpaceGeneric>
        </space>
        <space_list>
          <ThemeSpaceListGeneric
            list="#666666"
            list_title="#181818"
            list_text="#000000"
            list_text_hi="#cccccc"
            >
          </ThemeSpaceListGeneric>
        </space_list>
      </ThemeClipEditor>
    </clip_editor>
    <topbar>
      <ThemeTopBar>
        <space>
          <ThemeSpaceGeneric
            back="#484848"
            title="#cccccc"
            text="#cccccc"
            text_hi="#cccccc"
            header="#373737ff"
            header_text="#cccccc"
            header_text_hi="#cccccc"
            button="#383838ff"
            button_title="#cccccc"
            button_text="#cccccc"
            button_text_hi="#cccccc"
            navigation_bar="#38383800"
            tab_active="#383838"
            tab_inactive="#383838"
            tab_back="#383838ff"
            tab_outline="#383838"
            >
            <panelcolors>
              <ThemePanelColors
                header="#383838cc"
                back="#48484880"
                sub_back="#1818183e"
                >
              </ThemePanelColors>
            </panelcolors>
          </ThemeSpaceGeneric>
        </space>
      </ThemeTopBar>
    </topbar>
    <statusbar>
      <ThemeStatusBar>
        <space>
          <ThemeSpaceGeneric
            back="#484848"
            title="#cccccc"
            text="#cccccc"
            text_hi="#cccccc"
            header="#383838ff"
            header_text="#a7a7a7"
            header_text_hi="#cccccc"
            button="#ccccccff"
            button_title="#cccccc"
            button_text="#181818"
            button_text_hi="#cccccc"
            navigation_bar="#38383800"
            tab_active="#383838"
            tab_inactive="#383838"
            tab_back="#383838ff"
            tab_outline="#383838"
            >
            <panelcolors>
              <ThemePanelColors
                header="#383838cc"
                back="#48484880"
                sub_back="#1818183e"
                >
              </ThemePanelColors>
            </panelcolors>
          </ThemeSpaceGeneric>
        </space>
      </ThemeStatusBar>
    </statusbar>
    <bone_color_sets>
      <ThemeBoneColorSet
        normal="#9a0000"
        select="#bd1111"
        active="#f70a0a"
        show_colored_constraints="FALSE"
        >
      </ThemeBoneColorSet>
      <ThemeBoneColorSet
        normal="#f74018"
        select="#f66913"
        active="#fa9900"
        show_colored_constraints="FALSE"
        >
      </ThemeBoneColorSet>
      <ThemeBoneColorSet
        normal="#1e9109"
        select="#59b70b"
        active="#83ef1d"
        show_colored_constraints="FALSE"
        >
      </ThemeBoneColorSet>
      <ThemeBoneColorSet
        normal="#0a3694"
        select="#3667df"
        active="#5ec1ef"
        show_colored_constraints="FALSE"
        >
      </ThemeBoneColorSet>
      <ThemeBoneColorSet
        normal="#a9294e"
        select="#c1416a"
        active="#f05d91"
        show_colored_constraints="FALSE"
        >
      </ThemeBoneColorSet>
      <ThemeBoneColorSet
        normal="#430c78"
        select="#543aa3"
        active="#8764d5"
        show_colored_constraints="FALSE"
        >
      </ThemeBoneColorSet>
      <ThemeBoneColorSet
        normal="#24785a"
        select="#3c9579"
        active="#6fb6ab"
        show_colored_constraints="FALSE"
        >
      </ThemeBoneColorSet>
      <ThemeBoneColorSet
        normal="#4b707c"
        select="#6a8691"
        active="#9bc2cd"
        show_colored_constraints="FALSE"
        >
      </ThemeBoneColorSet>
      <ThemeBoneColorSet
        normal="#f4c90c"
        select="#eec236"
        active="#f3ff00"
        show_colored_constraints="FALSE"
        >
      </ThemeBoneColorSet>
      <ThemeBoneColorSet
        normal="#1e2024"
        select="#484c56"
        active="#ffffff"
        show_colored_constraints="FALSE"
        >
      </ThemeBoneColorSet>
      <ThemeBoneColorSet
        normal="#6f2f6a"
        select="#9845be"
        active="#d330d6"
        show_colored_constraints="FALSE"
        >
      </ThemeBoneColorSet>
      <ThemeBoneColorSet
        normal="#6c8e22"
        select="#7fb022"
        active="#bbef5b"
        show_colored_constraints="FALSE"
        >
      </ThemeBoneColorSet>
      <ThemeBoneColorSet
        normal="#8d8d8d"
        select="#b0b0b0"
        active="#dedede"
        show_colored_constraints="FALSE"
        >
      </ThemeBoneColorSet>
      <ThemeBoneColorSet
        normal="#834326"
        select="#8b5811"
        active="#bd6a11"
        show_colored_constraints="FALSE"
        >
      </ThemeBoneColorSet>
      <ThemeBoneColorSet
        normal="#08310e"
        select="#1c430b"
        active="#34622b"
        show_colored_constraints="FALSE"
        >
      </ThemeBoneColorSet>
      <ThemeBoneColorSet
        normal="#000000"
        select="#000000"
        active="#000000"
        show_colored_constraints="FALSE"
        >
      </ThemeBoneColorSet>
      <ThemeBoneColorSet
        normal="#000000"
        select="#000000"
        active="#000000"
        show_colored_constraints="FALSE"
        >
      </ThemeBoneColorSet>
      <ThemeBoneColorSet
        normal="#000000"
        select="#000000"
        active="#000000"
        show_colored_constraints="FALSE"
        >
      </ThemeBoneColorSet>
      <ThemeBoneColorSet
        normal="#000000"
        select="#000000"
        active="#000000"
        show_colored_constraints="FALSE"
        >
      </ThemeBoneColorSet>
      <ThemeBoneColorSet
        normal="#000000"
        select="#000000"
        active="#000000"
        show_colored_constraints="FALSE"
        >
      </ThemeBoneColorSet>
    </bone_color_sets>
  </Theme>
  <ThemeStyle>
    <panel_title>
      <ThemeFontStyle
        points="11"
        font_kerning_style="FITTED"
        shadow="1"
        shadow_offset_x="0"
        shadow_offset_y="-1"
        shadow_alpha="0.15"
        shadow_value="0"
        >
      </ThemeFontStyle>
    </panel_title>
    <widget_label>
      <ThemeFontStyle
        points="11"
        font_kerning_style="FITTED"
        shadow="3"
        shadow_offset_x="0"
        shadow_offset_y="-1"
        shadow_alpha="0.05"
        shadow_value="0"
        >
      </ThemeFontStyle>
    </widget_label>
    <widget>
      <ThemeFontStyle
        points="10"
        font_kerning_style="FITTED"
        shadow="1"
        shadow_offset_x="0"
        shadow_offset_y="-1"
        shadow_alpha="0.05"
        shadow_value="0"
        >
      </ThemeFontStyle>
    </widget>
  </ThemeStyle>
</bpy>
