<bpy>
  <Theme>
    <user_interface>
      <ThemeUserInterface menu_shadow_fac="0.01"
                          menu_shadow_width="0"
                          icon_file=""
                          icon_alpha="1"
                          icon_saturation="0"
                          widget_emboss="#1a8dff00"
                          editor_outline="#2e2e2e"
                          axis_x="#dc0000"
                          axis_y="#00dc00"
                          axis_z="#0000dc"
                          manipulator_hi="#ffffff"
                          manipulator_primary="#deff0d"
                          manipulator_secondary="#00ffff"
                          manipulator_a="#177f17"
                          manipulator_b="#7f1717">
        <wcol_regular>
          <ThemeWidgetColors outline="#4d4d4d"
                             inner="#4d4d4dff"
                             inner_sel="#646464ff"
                             item="#4d4d4dff"
                             text="#cccccc"
                             text_sel="#eeeeee"
                             show_shaded="FALSE"
                             shadetop="0"
                             shadedown="0"
                             roundness="0.1">
          </ThemeWidgetColors>
        </wcol_regular>
        <wcol_tool>
          <ThemeWidgetColors outline="#4d4d4d"
                             inner="#4d4d4dff"
                             inner_sel="#646464ff"
                             item="#4d4d4dff"
                             text="#cccccc"
                             text_sel="#ffffff"
                             show_shaded="FALSE"
                             shadetop="15"
                             shadedown="-15"
                             roundness="0">
          </ThemeWidgetColors>
        </wcol_tool>
        <wcol_toolbar_item>
          <ThemeWidgetColors outline="#464646"
                             inner="#464646ff"
                             inner_sel="#d1d1d1ff"
                             item="#ffffffff"
                             text="#ffffff"
                             text_sel="#3d3d3d"
                             show_shaded="FALSE"
                             shadetop="0"
                             shadedown="0"
                             roundness="0">
          </ThemeWidgetColors>
        </wcol_toolbar_item>
        <wcol_radio>
          <ThemeWidgetColors outline="#464646"
                             inner="#464646ff"
                             inner_sel="#262626ff"
                             item="#464646ff"
                             text="#ffffff"
                             text_sel="#cccccc"
                             show_shaded="FALSE"
                             shadetop="15"
                             shadedown="-15"
                             roundness="0">
          </ThemeWidgetColors>
        </wcol_radio>
        <wcol_text>
          <ThemeWidgetColors outline="#262626"
                             inner="#262626ff"
                             inner_sel="#1a1a1aff"
                             item="#4d4d4dff"
                             text="#cccccc"
                             text_sel="#ffffff"
                             show_shaded="FALSE"
                             shadetop="0"
                             shadedown="25"
                             roundness="0">
          </ThemeWidgetColors>
        </wcol_text>
        <wcol_option>
          <ThemeWidgetColors outline="#262626"
                             inner="#262626ff"
                             inner_sel="#262626ff"
                             item="#ccccccff"
                             text="#cccccc"
                             text_sel="#ffffff"
                             show_shaded="FALSE"
                             shadetop="15"
                             shadedown="-15"
                             roundness="0">
          </ThemeWidgetColors>
        </wcol_option>
        <wcol_toggle>
          <ThemeWidgetColors outline="#999999"
                             inner="#999999ff"
                             inner_sel="#646464ff"
                             item="#999999ff"
                             text="#cccccc"
                             text_sel="#ffffff"
                             show_shaded="FALSE"
                             shadetop="0"
                             shadedown="0"
                             roundness="0">
          </ThemeWidgetColors>
        </wcol_toggle>
        <wcol_num>
          <ThemeWidgetColors outline="#262626"
                             inner="#262626ff"
                             inner_sel="#262626ff"
                             item="#4d4d4dff"
                             text="#cccccc"
                             text_sel="#ffffff"
                             show_shaded="FALSE"
                             shadetop="-20"
                             shadedown="0"
                             roundness="0">
          </ThemeWidgetColors>
        </wcol_num>
        <wcol_numslider>
          <ThemeWidgetColors outline="#262626"
                             inner="#262626ff"
                             inner_sel="#262626ff"
                             item="#ff7847ff"
                             text="#ffffff"
                             text_sel="#ffffff"
                             show_shaded="FALSE"
                             shadetop="-20"
                             shadedown="0"
                             roundness="0">
          </ThemeWidgetColors>
        </wcol_numslider>
        <wcol_box>
          <ThemeWidgetColors outline="#2c2c2c"
                             inner="#2c2c2cff"
                             inner_sel="#646464ff"
                             item="#191919ff"
                             text="#cccccc"
                             text_sel="#ffffff"
                             show_shaded="FALSE"
                             shadetop="-51"
                             shadedown="0"
                             roundness="0">
          </ThemeWidgetColors>
        </wcol_box>
        <wcol_menu>
          <ThemeWidgetColors outline="#464646"
                             inner="#464646ff"
                             inner_sel="#464646ff"
                             item="#ffffffff"
                             text="#ffffff"
                             text_sel="#cccccc"
                             show_shaded="FALSE"
                             shadetop="15"
                             shadedown="-15"
                             roundness="0">
          </ThemeWidgetColors>
        </wcol_menu>
        <wcol_pulldown>
          <ThemeWidgetColors outline="#3f3f3f"
                             inner="#3f3f3fff"
                             inner_sel="#4d4d4dff"
                             item="#3f3f3fff"
                             text="#cccccc"
                             text_sel="#cccccc"
                             show_shaded="FALSE"
                             shadetop="25"
                             shadedown="-20"
                             roundness="0">
          </ThemeWidgetColors>
        </wcol_pulldown>
        <wcol_menu_back>
          <ThemeWidgetColors outline="#242424"
                             inner="#191919ff"
                             inner_sel="#2d2d2dff"
                             item="#191919ff"
                             text="#a0a0a0"
                             text_sel="#ffffff"
                             show_shaded="FALSE"
                             shadetop="25"
                             shadedown="-20"
                             roundness="0">
          </ThemeWidgetColors>
        </wcol_menu_back>
        <wcol_pie_menu>
          <ThemeWidgetColors outline="#191919"
                             inner="#191919e6"
                             inner_sel="#8c8c8cff"
                             item="#191919ff"
                             text="#a0a0a0"
                             text_sel="#ffffff"
                             show_shaded="FALSE"
                             shadetop="10"
                             shadedown="-10"
                             roundness="0">
          </ThemeWidgetColors>
        </wcol_pie_menu>
        <wcol_tooltip>
          <ThemeWidgetColors outline="#333333"
                             inner="#333333ff"
                             inner_sel="#060606ff"
                             item="#191919ff"
                             text="#ffffff"
                             text_sel="#ffffff"
                             show_shaded="FALSE"
                             shadetop="25"
                             shadedown="-20"
                             roundness="0">
          </ThemeWidgetColors>
        </wcol_tooltip>
        <wcol_menu_item>
          <ThemeWidgetColors outline="#333333"
                             inner="#4d4d4d00"
                             inner_sel="#333333ff"
                             item="#4d4d4dff"
                             text="#dfdfdf"
                             text_sel="#ffffff"
                             show_shaded="FALSE"
                             shadetop="38"
                             shadedown="0"
                             roundness="0">
          </ThemeWidgetColors>
        </wcol_menu_item>
        <wcol_scroll>
          <ThemeWidgetColors outline="#262626"
                             inner="#1f1f1fff"
                             inner_sel="#141414ff"
                             item="#404040ff"
                             text="#000000"
                             text_sel="#ffffff"
                             show_shaded="FALSE"
                             shadetop="5"
                             shadedown="-5"
                             roundness="0.7375">
          </ThemeWidgetColors>
        </wcol_scroll>
        <wcol_progress>
          <ThemeWidgetColors outline="#4d4d4d"
                             inner="#4d4d4dff"
                             inner_sel="#646464b4"
                             item="#262626ff"
                             text="#ffffff"
                             text_sel="#ffffff"
                             show_shaded="FALSE"
                             shadetop="0"
                             shadedown="0"
                             roundness="0">
          </ThemeWidgetColors>
        </wcol_progress>
        <wcol_list_item>
          <ThemeWidgetColors outline="#2c2c2c"
                             inner="#2c2c2cff"
                             inner_sel="#ff7847ff"
                             item="#2c2c2cff"
                             text="#ffffff"
                             text_sel="#ffffff"
                             show_shaded="FALSE"
                             shadetop="0"
                             shadedown="0"
                             roundness="0">
          </ThemeWidgetColors>
        </wcol_list_item>
        <wcol_state>
          <ThemeWidgetStateColors inner_anim="#ff926a"
                                  inner_anim_sel="#ff7847"
                                  inner_key="#f0eb64"
                                  inner_key_sel="#d7d34b"
                                  inner_driven="#b400ff"
                                  inner_driven_sel="#9900e6"
                                  inner_overridden="#000000"
                                  inner_overridden_sel="#000000"
                                  blend="0.5">
          </ThemeWidgetStateColors>
        </wcol_state>
        <wcol_tab>
          <ThemeWidgetColors outline="#262626"
                             inner="#262626ff"
                             inner_sel="#333333ff"
                             item="#535353ff"
                             text="#868686"
                             text_sel="#cccccc"
                             show_shaded="FALSE"
                             shadetop="-100"
                             shadedown="100"
                             roundness="0">
          </ThemeWidgetColors>
        </wcol_tab>
      </ThemeUserInterface>
    </user_interface>
    <view_3d>
      <ThemeView3D grid="#404040"
                   clipping_border_3d="#313131ff"
                   wire="#000000"
                   wire_edit="#000000"
                   gp_vertex="#000000"
                   gp_vertex_select="#ff8500"
                   gp_vertex_size="3"
                   text_grease_pencil="#b5e61d"
                   object_selected="#f15800"
                   object_active="#ffaa40"
                   text_keyframe="#ddd700"
                   camera="#000000"
                   empty="#000000"
                   lamp="#00000028"
                   speaker="#000000"
                   vertex="#000000"
                   vertex_select="#ff8500"
                   vertex_size="2"
                   vertex_bevel="#00a5ff"
                   vertex_unreferenced="#000000"
                   edge_select="#ffa000"
                   edge_seam="#db2512"
                   edge_sharp="#00ffff"
                   edge_crease="#cc0099"
                   edge_bevel="#00a5ff"
                   edge_facesel="#4b4b4b"
                   freestyle_edge_mark="#7fff7f"
                   face="#00000012"
                   face_select="#ff85003c"
                   face_dot="#ff8500"
                   facedot_size="4"
                   freestyle_face_mark="#7fff7f33"
                   nurb_uline="#909000"
                   nurb_vline="#803060"
                   nurb_sel_uline="#f0ff40"
                   nurb_sel_vline="#f090a0"
                   act_spline="#db2512"
                   handle_free="#000000"
                   handle_auto="#909000"
                   handle_vect="#409030"
                   handle_sel_vect="#40c030"
                   handle_align="#803060"
                   handle_sel_free="#000000"
                   handle_sel_auto="#f0ff40"
                   handle_sel_align="#f090a0"
                   lastsel_point="#ffffff"
                   extra_edge_len="#200000"
                   extra_edge_angle="#000000"
                   extra_face_angle="#000080"
                   extra_face_area="#002000"
                   editmesh_active="#ffffff80"
                   normal="#22dddd"
                   vertex_normal="#2361dd"
                   split_normal="#dd23dd"
                   bone_pose="#50c8ff"
                   bone_pose_active="#8cffff"
                   bone_solid="#c8c8c8"
                   bundle_solid="#c8c8c8"
                   camera_path="#000000"
                   skin_root="#b44d4d"
                   view_overlay="#000000"
                   transform="#ffffff"
                   frame_current="#60c040"
                   paint_curve_handle="#7fff7f7f"
                   paint_curve_pivot="#ff7f7f7f"
                   outline_width="1">
        <space>
          <ThemeSpaceGradient title="#333333"
                              text="#cccccc"
                              text_hi="#ffffff"
                              header="#333333ff"
                              header_text="#000000"
                              header_text_hi="#cccccc"
                              button="#33333300"
                              button_title="#cccccc"
                              button_text="#000000"
                              button_text_hi="#ffffff"
                              tab_active="#696969"
                              tab_inactive="#333333"
                              tab_back="#333333ff"
                              tab_outline="#333333">
            <gradients>
              <ThemeGradientColors show_grad="FALSE"
                                   gradient="#141414"
                                   high_gradient="#161616">
              </ThemeGradientColors>
            </gradients>
            <panelcolors>
              <ThemePanelColors header="#262626ff"
                                back="#333333ff"
                                show_header="TRUE"
                                show_back="TRUE">
              </ThemePanelColors>
            </panelcolors>
          </ThemeSpaceGradient>
        </space>
      </ThemeView3D>
    </view_3d>
    <graph_editor>
      <ThemeGraphEditor grid="#3b3b3b"
                        frame_current="#60c040"
                        window_sliders="#969696"
                        channels_region="#707070"
                        dopesheet_channel="#52606e"
                        dopesheet_subchannel="#7c8996"
                        channel_group="#4f6549"
                        active_channels_group="#87b17d"
                        vertex="#000000"
                        vertex_select="#ff8500"
                        vertex_size="6"
                        vertex_bevel="#000000"
                        vertex_unreferenced="#000000"
                        handle_free="#000000"
                        handle_auto="#909000"
                        handle_vect="#409030"
                        handle_sel_vect="#40c030"
                        handle_align="#803060"
                        handle_sel_free="#000000"
                        handle_sel_auto="#f0ff40"
                        handle_sel_align="#f090a0"
                        handle_auto_clamped="#994030"
                        handle_sel_auto_clamped="#f0af90"
                        lastsel_point="#ffffff"
                        handle_vertex="#000000"
                        handle_vertex_select="#ff8500"
                        handle_vertex_size="5">
        <space>
          <ThemeSpaceGeneric back="#333333"
                             title="#000000"
                             text="#c0c0c0"
                             text_hi="#ffffff"
                             header="#333333ff"
                             header_text="#000000"
                             header_text_hi="#ffffff"
                             button="#727272ff"
                             button_title="#000000"
                             button_text="#000000"
                             button_text_hi="#ffffff"
                             tab_active="#727272"
                             tab_inactive="#535353"
                             tab_back="#404040ff"
                             tab_outline="#3c3c3c">
            <panelcolors>
              <ThemePanelColors header="#00000019"
                                back="#72727280"
                                show_header="FALSE"
                                show_back="FALSE">
              </ThemePanelColors>
            </panelcolors>
          </ThemeSpaceGeneric>
        </space>
        <space_list>
          <ThemeSpaceListGeneric list="#333333"
                                 list_title="#000000"
                                 list_text="#d4d4d4"
                                 list_text_hi="#ffffff">
          </ThemeSpaceListGeneric>
        </space_list>
      </ThemeGraphEditor>
    </graph_editor>
    <file_browser>
      <ThemeFileBrowser selected_file="#ff7847">
        <space>
          <ThemeSpaceGeneric back="#292929"
                             title="#ffffff"
                             text="#fafafa"
                             text_hi="#ffffff"
                             header="#333333ff"
                             header_text="#000000"
                             header_text_hi="#ffffff"
                             button="#333333ff"
                             button_title="#ffffff"
                             button_text="#000000"
                             button_text_hi="#ffffff"
                             tab_active="#727272"
                             tab_inactive="#535353"
                             tab_back="#404040ff"
                             tab_outline="#3c3c3c">
            <panelcolors>
              <ThemePanelColors header="#2b2b2bff"
                                back="#727272ff"
                                show_header="TRUE"
                                show_back="FALSE">
              </ThemePanelColors>
            </panelcolors>
          </ThemeSpaceGeneric>
        </space>
      </ThemeFileBrowser>
    </file_browser>
    <nla_editor>
      <ThemeNLAEditor grid="#3b3b3b"
                      view_sliders="#969696"
                      active_action="#cc701a66"
                      active_action_unset="#9987614d"
                      strips="#0c0a0a"
                      strips_selected="#ff8c00"
                      transition_strips="#1c2630"
                      transition_strips_selected="#2e75db"
                      meta_strips="#332642"
                      meta_strips_selected="#692196"
                      sound_strips="#2b3d3d"
                      sound_strips_selected="#1f7a7a"
                      tweak="#4df31a"
                      tweak_duplicate="#d90000"
                      keyframe_border="#000000ff"
                      keyframe_border_selected="#000000ff"
                      frame_current="#60c040">
        <space>
          <ThemeSpaceGeneric back="#6b6b6b"
                             title="#000000"
                             text="#000000"
                             text_hi="#ffffff"
                             header="#333333ff"
                             header_text="#000000"
                             header_text_hi="#ffffff"
                             button="#727272ff"
                             button_title="#000000"
                             button_text="#000000"
                             button_text_hi="#ffffff"
                             tab_active="#727272"
                             tab_inactive="#535353"
                             tab_back="#404040ff"
                             tab_outline="#3c3c3c">
            <panelcolors>
              <ThemePanelColors header="#00000019"
                                back="#72727280"
                                show_header="FALSE"
                                show_back="FALSE">
              </ThemePanelColors>
            </panelcolors>
          </ThemeSpaceGeneric>
        </space>
        <space_list>
          <ThemeSpaceListGeneric list="#666666"
                                 list_title="#000000"
                                 list_text="#000000"
                                 list_text_hi="#ffffff">
          </ThemeSpaceListGeneric>
        </space_list>
      </ThemeNLAEditor>
    </nla_editor>
    <dopesheet_editor>
      <ThemeDopeSheet grid="#3b3b3b"
                      frame_current="#60c040"
                      value_sliders="#000000"
                      view_sliders="#969696"
                      dopesheet_channel="#52606e"
                      dopesheet_subchannel="#7c8996"
                      channels="#707070"
                      channels_selected="#60c040"
                      channel_group="#4f6549"
                      active_channels_group="#87b17d"
                      long_key="#0c0a0a"
                      long_key_selected="#ff8c00"
                      keyframe="#e8e8e8"
                      keyframe_selected="#ffbe32"
                      keyframe_extreme="#e8b3cc"
                      keyframe_extreme_selected="#f28080"
                      keyframe_breakdown="#b3dbe8"
                      keyframe_breakdown_selected="#54bfed"
                      keyframe_jitter="#94e575"
                      keyframe_jitter_selected="#61c042"
                      keyframe_border="#000000ff"
                      keyframe_border_selected="#000000ff"
                      keyframe_scale_factor="1"
                      summary="#cc701a66">
        <space>
          <ThemeSpaceGeneric back="#333333"
                             title="#000000"
                             text="#000000"
                             text_hi="#ffffff"
                             header="#333333ff"
                             header_text="#000000"
                             header_text_hi="#ffffff"
                             button="#727272ff"
                             button_title="#000000"
                             button_text="#000000"
                             button_text_hi="#ffffff"
                             tab_active="#727272"
                             tab_inactive="#535353"
                             tab_back="#404040ff"
                             tab_outline="#3c3c3c">
            <panelcolors>
              <ThemePanelColors header="#00000019"
                                back="#72727280"
                                show_header="FALSE"
                                show_back="FALSE">
              </ThemePanelColors>
            </panelcolors>
          </ThemeSpaceGeneric>
        </space>
        <space_list>
          <ThemeSpaceListGeneric list="#333333"
                                 list_title="#000000"
                                 list_text="#000000"
                                 list_text_hi="#ffffff">
          </ThemeSpaceListGeneric>
        </space_list>
      </ThemeDopeSheet>
    </dopesheet_editor>
    <image_editor>
      <ThemeImageEditor gp_vertex="#000000"
                        gp_vertex_select="#ff8500"
                        gp_vertex_size="3"
                        vertex="#000000"
                        vertex_select="#ff8500"
                        vertex_size="3"
                        vertex_bevel="#000000"
                        vertex_unreferenced="#000000"
                        face="#ffffff0a"
                        face_select="#ff85003c"
                        face_dot="#ff8500"
                        facedot_size="3"
                        freestyle_face_mark="#00000000"
                        editmesh_active="#ffffff80"
                        wire_edit="#c0c0c0"
                        edge_select="#ff8500"
                        scope_back="#0000004c"
                        preview_stitch_face="#7f7f0033"
                        preview_stitch_edge="#ff00ff33"
                        preview_stitch_vert="#0000ff33"
                        preview_stitch_stitchable="#00ff00ff"
                        preview_stitch_unstitchable="#ff0000ff"
                        preview_stitch_active="#00000000"
                        uv_shadow="#707070ff"
                        uv_others="#606060ff"
                        frame_current="#60c040"
                        metadatabg="#000000"
                        metadatatext="#ffffff"
                        handle_free="#000000"
                        handle_auto="#909000"
                        handle_align="#803060"
                        handle_sel_free="#000000"
                        handle_sel_auto="#f0ff40"
                        handle_sel_align="#f090a0"
                        handle_auto_clamped="#000000"
                        handle_sel_auto_clamped="#000000"
                        handle_vertex="#000000"
                        handle_vertex_select="#ffff00"
                        handle_vertex_size="5"
                        paint_curve_handle="#7fff7f7f"
                        paint_curve_pivot="#ff7f7f7f">
        <space>
          <ThemeSpaceGeneric back="#353535"
                             title="#000000"
                             text="#000000"
                             text_hi="#ffffff"
                             header="#333333ff"
                             header_text="#ffffff"
                             header_text_hi="#ffffff"
                             button="#33333380"
                             button_title="#ffffff"
                             button_text="#ffffff"
                             button_text_hi="#ffffff"
                             tab_active="#727272"
                             tab_inactive="#535353"
                             tab_back="#404040ff"
                             tab_outline="#3c3c3c">
            <panelcolors>
              <ThemePanelColors header="#00000019"
                                back="#72727280"
                                show_header="TRUE"
                                show_back="FALSE">
              </ThemePanelColors>
            </panelcolors>
          </ThemeSpaceGeneric>
        </space>
      </ThemeImageEditor>
    </image_editor>
    <sequence_editor>
      <ThemeSequenceEditor gp_vertex="#000000"
                           gp_vertex_select="#ff8500"
                           gp_vertex_size="3"
                           grid="#404040"
                           window_sliders="#a0a0a0"
                           movie_strip="#516987"
                           movieclip_strip="#20208f"
                           image_strip="#6d5881"
                           scene_strip="#4e983e"
                           audio_strip="#2e8f8f"
                           effect_strip="#a9547c"
                           transition_strip="#a25f6f"
                           meta_strip="#6d9183"
                           text_strip="#a29700"
                           frame_current="#60c040"
                           keyframe="#ff8500"
                           draw_action="#50c8ff"
                           preview_back="#000000"
                           metadatabg="#000000"
                           metadatatext="#ffffff">
        <space>
          <ThemeSpaceGeneric back="#747474"
                             title="#000000"
                             text="#000000"
                             text_hi="#ffffff"
                             header="#333333ff"
                             header_text="#000000"
                             header_text_hi="#ffffff"
                             button="#72727280"
                             button_title="#000000"
                             button_text="#000000"
                             button_text_hi="#ffffff"
                             tab_active="#727272"
                             tab_inactive="#535353"
                             tab_back="#404040ff"
                             tab_outline="#3c3c3c">
            <panelcolors>
              <ThemePanelColors header="#00000019"
                                back="#72727280"
                                show_header="FALSE"
                                show_back="FALSE">
              </ThemePanelColors>
            </panelcolors>
          </ThemeSpaceGeneric>
        </space>
      </ThemeSequenceEditor>
    </sequence_editor>
    <properties>
      <ThemeProperties>
        <space>
          <ThemeSpaceGeneric back="#333333"
                             title="#ffffff"
                             text="#ffffff"
                             text_hi="#ffffff"
                             header="#333333ff"
                             header_text="#000000"
                             header_text_hi="#ffffff"
                             button="#727272ff"
                             button_title="#000000"
                             button_text="#000000"
                             button_text_hi="#ffffff"
                             tab_active="#727272"
                             tab_inactive="#535353"
                             tab_back="#404040ff"
                             tab_outline="#3c3c3c">
            <panelcolors>
              <ThemePanelColors header="#2b2b2bff"
                                back="#72727280"
                                show_header="TRUE"
                                show_back="FALSE">
              </ThemePanelColors>
            </panelcolors>
          </ThemeSpaceGeneric>
        </space>
      </ThemeProperties>
    </properties>
    <text_editor>
      <ThemeTextEditor line_numbers_background="#404040"
                       selected_text="#c67777"
                       cursor="#0071ff"
                       syntax_builtin="#800050"
                       syntax_symbols="#4c4c4c"
                       syntax_special="#5f5f00"
                       syntax_preprocessor="#32008c"
                       syntax_reserved="#8c3c00"
                       syntax_comment="#006432"
                       syntax_string="#640000"
                       syntax_numbers="#0000c8">
        <space>
          <ThemeSpaceGeneric back="#333333"
                             title="#000000"
                             text="#d6d6d6"
                             text_hi="#ffffff"
                             header="#333333ff"
                             header_text="#000000"
                             header_text_hi="#ffffff"
                             button="#727272ff"
                             button_title="#000000"
                             button_text="#000000"
                             button_text_hi="#ffffff"
                             tab_active="#727272"
                             tab_inactive="#535353"
                             tab_back="#404040ff"
                             tab_outline="#3c3c3c">
            <panelcolors>
              <ThemePanelColors header="#00000019"
                                back="#72727280"
                                show_header="FALSE"
                                show_back="FALSE">
              </ThemePanelColors>
            </panelcolors>
          </ThemeSpaceGeneric>
        </space>
      </ThemeTextEditor>
    </text_editor>
    <node_editor>
      <ThemeNodeEditor gp_vertex="#000000"
                       gp_vertex_select="#ff8500"
                       gp_vertex_size="3"
                       node_selected="#1a8dff"
                       node_active="#1a8dff"
                       wire="#000000"
                       wire_inner="#ffffff"
                       wire_select="#ffffff"
                       selected_text="#7f7070"
                       node_backdrop="#333333ff"
                       converter_node="#686a75"
                       color_node="#6c696f"
                       group_node="#69756e"
                       group_socket_node="#dfca35"
                       frame_node="#9b9b9ba0"
                       matte_node="#977474"
                       distor_node="#749797"
                       noodle_curving="5"
                       input_node="#646464"
                       output_node="#646464"
                       filter_node="#6c696f"
                       vector_node="#6c696f"
                       texture_node="#6c696f"
                       shader_node="#6c696f"
                       script_node="#6c696f"
                       pattern_node="#6c696f"
                       layout_node="#6c696f">
        <space>
          <ThemeSpaceGeneric back="#393939"
                             title="#000000"
                             text="#ffffff"
                             text_hi="#ffffff"
                             header="#333333ff"
                             header_text="#000000"
                             header_text_hi="#ffffff"
                             button="#333333ff"
                             button_title="#ffffff"
                             button_text="#ffffff"
                             button_text_hi="#ffffff"
                             tab_active="#727272"
                             tab_inactive="#535353"
                             tab_back="#404040ff"
                             tab_outline="#3c3c3c">
            <panelcolors>
              <ThemePanelColors header="#00000019"
                                back="#72727280"
                                show_header="TRUE"
                                show_back="FALSE">
              </ThemePanelColors>
            </panelcolors>
          </ThemeSpaceGeneric>
        </space>
        <space_list>
          <ThemeSpaceListGeneric list="#a5a5a5"
                                 list_title="#000000"
                                 list_text="#000000"
                                 list_text_hi="#ffffff">
          </ThemeSpaceListGeneric>
        </space_list>
      </ThemeNodeEditor>
    </node_editor>
    <outliner>
      <ThemeOutliner match="#1a8dff"
                     selected_highlight="#8c8c8c">
        <space>
          <ThemeSpaceGeneric back="#333333"
                             title="#000000"
                             text="#ffffff"
                             text_hi="#ffffff"
                             header="#333333ff"
                             header_text="#000000"
                             header_text_hi="#ffffff"
                             button="#727272ff"
                             button_title="#000000"
                             button_text="#000000"
                             button_text_hi="#ffffff"
                             tab_active="#727272"
                             tab_inactive="#535353"
                             tab_back="#404040ff"
                             tab_outline="#3c3c3c">
            <panelcolors>
              <ThemePanelColors header="#00000019"
                                back="#72727280"
                                show_header="FALSE"
                                show_back="FALSE">
              </ThemePanelColors>
            </panelcolors>
          </ThemeSpaceGeneric>
        </space>
      </ThemeOutliner>
    </outliner>
    <info>
      <ThemeInfo info_selected="#6080ff"
                 info_selected_text="#ffffff"
                 info_error="#dc0000"
                 info_error_text="#000000"
                 info_warning="#dc8060"
                 info_warning_text="#000000"
                 info_info="#00aa00"
                 info_info_text="#000000"
                 info_debug="#c4c4c4"
                 info_debug_text="#000000">
        <space>
          <ThemeSpaceGeneric back="#727272"
                             title="#000000"
                             text="#000000"
                             text_hi="#ffffff"
                             header="#333333ff"
                             header_text="#000000"
                             header_text_hi="#ffffff"
                             button="#727272ff"
                             button_title="#000000"
                             button_text="#000000"
                             button_text_hi="#ffffff"
                             tab_active="#727272"
                             tab_inactive="#535353"
                             tab_back="#404040ff"
                             tab_outline="#3c3c3c">
            <panelcolors>
              <ThemePanelColors header="#00000019"
                                back="#72727280"
                                show_header="FALSE"
                                show_back="FALSE">
              </ThemePanelColors>
            </panelcolors>
          </ThemeSpaceGeneric>
        </space>
      </ThemeInfo>
    </info>
    <user_preferences>
      <ThemeUserPreferences>
        <space>
          <ThemeSpaceGeneric back="#333333"
                             title="#000000"
                             text="#ffffff"
                             text_hi="#ffffff"
                             header="#333333ff"
                             header_text="#000000"
                             header_text_hi="#ffffff"
                             button="#727272ff"
                             button_title="#000000"
                             button_text="#000000"
                             button_text_hi="#ffffff"
                             tab_active="#727272"
                             tab_inactive="#535353"
                             tab_back="#404040ff"
                             tab_outline="#3c3c3c">
            <panelcolors>
              <ThemePanelColors header="#00000019"
                                back="#72727280"
                                show_header="FALSE"
                                show_back="FALSE">
              </ThemePanelColors>
            </panelcolors>
          </ThemeSpaceGeneric>
        </space>
      </ThemeUserPreferences>
    </user_preferences>
    <console>
      <ThemeConsole line_output="#6080ff"
                    line_input="#ffffff"
                    line_info="#00aa00"
                    line_error="#dc6060"
                    cursor="#dc6060"
                    select="#ffffff30">
        <space>
          <ThemeSpaceGeneric back="#000000"
                             title="#000000"
                             text="#000000"
                             text_hi="#ffffff"
                             header="#333333ff"
                             header_text="#000000"
                             header_text_hi="#ffffff"
                             button="#727272ff"
                             button_title="#000000"
                             button_text="#000000"
                             button_text_hi="#ffffff"
                             tab_active="#727272"
                             tab_inactive="#535353"
                             tab_back="#404040ff"
                             tab_outline="#3c3c3c">
            <panelcolors>
              <ThemePanelColors header="#00000019"
                                back="#72727280"
                                show_header="FALSE"
                                show_back="FALSE">
              </ThemePanelColors>
            </panelcolors>
          </ThemeSpaceGeneric>
        </space>
      </ThemeConsole>
    </console>
    <clip_editor>
      <ThemeClipEditor gp_vertex="#000000"
                       gp_vertex_select="#ff8500"
                       gp_vertex_size="3"
                       marker_outline="#000000"
                       marker="#7f7f00"
                       active_marker="#ffffff"
                       selected_marker="#ffff00"
                       disabled_marker="#7f0000"
                       locked_marker="#7f7f7f"
                       path_before="#ff0000"
                       path_after="#0000ff"
                       frame_current="#60c040"
                       strips="#0c0a0a"
                       strips_selected="#ff8c00"
                       handle_free="#000000"
                       handle_auto="#909000"
                       handle_align="#803060"
                       handle_sel_free="#000000"
                       handle_sel_auto="#f0ff40"
                       handle_sel_align="#f090a0"
                       handle_auto_clamped="#000000"
                       handle_sel_auto_clamped="#000000"
                       handle_vertex="#000000"
                       handle_vertex_select="#ffff00"
                       handle_vertex_size="5">
        <space>
          <ThemeSpaceGeneric back="#393939"
                             title="#000000"
                             text="#000000"
                             text_hi="#ffffff"
                             header="#333333ff"
                             header_text="#000000"
                             header_text_hi="#ffffff"
                             button="#72727280"
                             button_title="#000000"
                             button_text="#000000"
                             button_text_hi="#ffffff"
                             tab_active="#727272"
                             tab_inactive="#535353"
                             tab_back="#404040ff"
                             tab_outline="#3c3c3c">
            <panelcolors>
              <ThemePanelColors header="#00000019"
                                back="#72727280"
                                show_header="FALSE"
                                show_back="FALSE">
              </ThemePanelColors>
            </panelcolors>
          </ThemeSpaceGeneric>
        </space>
        <space_list>
          <ThemeSpaceListGeneric list="#666666"
                                 list_title="#000000"
                                 list_text="#000000"
                                 list_text_hi="#ffffff">
          </ThemeSpaceListGeneric>
        </space_list>
      </ThemeClipEditor>
    </clip_editor>
    <topbar>
      <ThemeTopBar>
        <space>
          <ThemeSpaceGeneric back="#333333"
                             title="#000000"
                             text="#e6e6e6"
                             text_hi="#ffffff"
                             header="#262626ff"
                             header_text="#000000"
                             header_text_hi="#ffffff"
                             button="#72727280"
                             button_title="#000000"
                             button_text="#000000"
                             button_text_hi="#ffffff"
                             tab_active="#333333"
                             tab_inactive="#262626"
                             tab_back="#333333ff"
                             tab_outline="#262626">
            <panelcolors>
              <ThemePanelColors header="#00000019"
                                back="#72727280"
                                show_header="FALSE"
                                show_back="FALSE">
              </ThemePanelColors>
            </panelcolors>
          </ThemeSpaceGeneric>
        </space>
      </ThemeTopBar>
    </topbar>
    <statusbar>
      <ThemeStatusBar>
        <space>
          <ThemeSpaceGeneric back="#393939"
                             title="#000000"
                             text="#ffffff"
                             text_hi="#ffffff"
                             header="#333333ff"
                             header_text="#ffffff"
                             header_text_hi="#ffffff"
                             button="#72727280"
                             button_title="#ffffff"
                             button_text="#000000"
                             button_text_hi="#ffffff"
                             tab_active="#727272"
                             tab_inactive="#535353"
                             tab_back="#404040ff"
                             tab_outline="#3c3c3c">
            <panelcolors>
              <ThemePanelColors header="#333333ff"
                                back="#72727280"
                                show_header="FALSE"
                                show_back="FALSE">
              </ThemePanelColors>
            </panelcolors>
          </ThemeSpaceGeneric>
        </space>
      </ThemeStatusBar>
    </statusbar>
    <bone_color_sets>
      <ThemeBoneColorSet normal="#9a0000"
                         select="#bd1111"
                         active="#f70a0a"
                         show_colored_constraints="FALSE">
      </ThemeBoneColorSet>
      <ThemeBoneColorSet normal="#f74018"
                         select="#f66913"
                         active="#fa9900"
                         show_colored_constraints="FALSE">
      </ThemeBoneColorSet>
      <ThemeBoneColorSet normal="#1e9109"
                         select="#59b70b"
                         active="#83ef1d"
                         show_colored_constraints="FALSE">
      </ThemeBoneColorSet>
      <ThemeBoneColorSet normal="#0a3694"
                         select="#3667df"
                         active="#5ec1ef"
                         show_colored_constraints="FALSE">
      </ThemeBoneColorSet>
      <ThemeBoneColorSet normal="#a9294e"
                         select="#c1416a"
                         active="#f05d91"
                         show_colored_constraints="FALSE">
      </ThemeBoneColorSet>
      <ThemeBoneColorSet normal="#430c78"
                         select="#543aa3"
                         active="#8764d5"
                         show_colored_constraints="FALSE">
      </ThemeBoneColorSet>
      <ThemeBoneColorSet normal="#24785a"
                         select="#3c9579"
                         active="#6fb6ab"
                         show_colored_constraints="FALSE">
      </ThemeBoneColorSet>
      <ThemeBoneColorSet normal="#4b707c"
                         select="#6a8691"
                         active="#9bc2cd"
                         show_colored_constraints="FALSE">
      </ThemeBoneColorSet>
      <ThemeBoneColorSet normal="#f4c90c"
                         select="#eec236"
                         active="#f3ff00"
                         show_colored_constraints="FALSE">
      </ThemeBoneColorSet>
      <ThemeBoneColorSet normal="#1e2024"
                         select="#484c56"
                         active="#ffffff"
                         show_colored_constraints="FALSE">
      </ThemeBoneColorSet>
      <ThemeBoneColorSet normal="#6f2f6a"
                         select="#9845be"
                         active="#d330d6"
                         show_colored_constraints="FALSE">
      </ThemeBoneColorSet>
      <ThemeBoneColorSet normal="#6c8e22"
                         select="#7fb022"
                         active="#bbef5b"
                         show_colored_constraints="FALSE">
      </ThemeBoneColorSet>
      <ThemeBoneColorSet normal="#8d8d8d"
                         select="#b0b0b0"
                         active="#dedede"
                         show_colored_constraints="FALSE">
      </ThemeBoneColorSet>
      <ThemeBoneColorSet normal="#834326"
                         select="#8b5811"
                         active="#bd6a11"
                         show_colored_constraints="FALSE">
      </ThemeBoneColorSet>
      <ThemeBoneColorSet normal="#08310e"
                         select="#1c430b"
                         active="#34622b"
                         show_colored_constraints="FALSE">
      </ThemeBoneColorSet>
      <ThemeBoneColorSet normal="#000000"
                         select="#000000"
                         active="#000000"
                         show_colored_constraints="FALSE">
      </ThemeBoneColorSet>
      <ThemeBoneColorSet normal="#000000"
                         select="#000000"
                         active="#000000"
                         show_colored_constraints="FALSE">
      </ThemeBoneColorSet>
      <ThemeBoneColorSet normal="#000000"
                         select="#000000"
                         active="#000000"
                         show_colored_constraints="FALSE">
      </ThemeBoneColorSet>
      <ThemeBoneColorSet normal="#000000"
                         select="#000000"
                         active="#000000"
                         show_colored_constraints="FALSE">
      </ThemeBoneColorSet>
      <ThemeBoneColorSet normal="#000000"
                         select="#000000"
                         active="#000000"
                         show_colored_constraints="FALSE">
      </ThemeBoneColorSet>
    </bone_color_sets>
  </Theme>
  <ThemeStyle>
    <panel_title>
      <ThemeFontStyle points="11"
                      font_kerning_style="FITTED"
                      shadow="3"
                      shadow_offset_x="0"
                      shadow_offset_y="0"
                      shadow_alpha="0.2"
                      shadow_value="1">
      </ThemeFontStyle>
    </panel_title>
    <widget_label>
      <ThemeFontStyle points="10"
                      font_kerning_style="FITTED"
                      shadow="3"
                      shadow_offset_x="0"
                      shadow_offset_y="0"
                      shadow_alpha="0.15"
                      shadow_value="1">
      </ThemeFontStyle>
    </widget_label>
    <widget>
      <ThemeFontStyle points="10"
                      font_kerning_style="FITTED"
                      shadow="0"
                      shadow_offset_x="0"
                      shadow_offset_y="0"
                      shadow_alpha="0"
                      shadow_value="0">
      </ThemeFontStyle>
    </widget>
  </ThemeStyle>
</bpy>
