<bpy>
  <Theme>
    <user_interface>
      <ThemeUserInterface menu_shadow_fac="0.4"
                          menu_shadow_width="10"
                          icon_file=""
                          icon_alpha="1"
                          icon_saturation="0.3"
                          widget_emboss="#00000005"
                          editor_outline="#d9d9d9"
                          axis_x="#f14044"
                          axis_y="#48ae00"
                          axis_z="#0067dc"
                          gizmo_hi="#ffffff"
                          gizmo_primary="#f5e863"
                          gizmo_secondary="#63ffff"
                          gizmo_a="#4da84d"
                          gizmo_b="#a33535"
                          icon_collection="#1d1d1dff"
                          icon_object="#ffefcdff"
                          icon_object_data="#077800ff"
                          icon_modifier="#1c69a6ff"
                          icon_shading="#a10506ff">
        <wcol_regular>
          <ThemeWidgetColors outline="#d5d5d5"
                             inner="#adadadff"
                             inner_sel="#c23938ff"
                             item="#191919ff"
                             text="#000000"
                             text_sel="#ffffff"
                             show_shaded="TRUE"
                             shadetop="5"
                             shadedown="-5"
                             roundness="0.4">
          </ThemeWidgetColors>
        </wcol_regular>
        <wcol_tool>
          <ThemeWidgetColors outline="#c7c7c7"
                             inner="#5d5d5dff"
                             inner_sel="#c23938ff"
                             item="#191919ff"
                             text="#ffffff"
                             text_sel="#ffffff"
                             show_shaded="TRUE"
                             shadetop="5"
                             shadedown="-5"
                             roundness="0.4">
          </ThemeWidgetColors>
        </wcol_tool>
        <wcol_toolbar_item>
          <ThemeWidgetColors outline="#808080"
                             inner="#5f5f5fcc"
                             inner_sel="#414141ff"
                             item="#181818ff"
                             text="#eeeeee"
                             text_sel="#ffffff"
                             show_shaded="TRUE"
                             shadetop="3"
                             shadedown="-3"
                             roundness="0.4">
          </ThemeWidgetColors>
        </wcol_toolbar_item>
        <wcol_radio>
          <ThemeWidgetColors outline="#c4c4c4"
                             inner="#a6a6a6ff"
                             inner_sel="#c23938ff"
                             item="#ffffffff"
                             text="#000000"
                             text_sel="#ffffff"
                             show_shaded="TRUE"
                             shadetop="5"
                             shadedown="-5"
                             roundness="0.4">
          </ThemeWidgetColors>
        </wcol_radio>
        <wcol_text>
          <ThemeWidgetColors outline="#ffffff"
                             inner="#e2e2e2ff"
                             inner_sel="#5e5e5eff"
                             item="#d47874ff"
                             text="#232323"
                             text_sel="#ffffff"
                             show_shaded="FALSE"
                             shadetop="-8"
                             shadedown="0"
                             roundness="0.4">
          </ThemeWidgetColors>
        </wcol_text>
        <wcol_option>
          <ThemeWidgetColors outline="#d5d5d5"
                             inner="#5d5d5dff"
                             inner_sel="#c23938ff"
                             item="#ffffffff"
                             text="#000000"
                             text_sel="#ffffff"
                             show_shaded="TRUE"
                             shadetop="5"
                             shadedown="-5"
                             roundness="0.4">
          </ThemeWidgetColors>
        </wcol_option>
        <wcol_toggle>
          <ThemeWidgetColors outline="#ffffff"
                             inner="#d5d5d5ff"
                             inner_sel="#c23938ff"
                             item="#191919ff"
                             text="#000000"
                             text_sel="#ffffff"
                             show_shaded="TRUE"
                             shadetop="5"
                             shadedown="-5"
                             roundness="0.4">
          </ThemeWidgetColors>
        </wcol_toggle>
        <wcol_num>
          <ThemeWidgetColors outline="#bcbcbc"
                             inner="#5d5d5dff"
                             inner_sel="#c23938ff"
                             item="#999999ff"
                             text="#ffffff"
                             text_sel="#ffffff"
                             show_shaded="TRUE"
                             shadetop="-5"
                             shadedown="5"
                             roundness="0.4">
          </ThemeWidgetColors>
        </wcol_num>
        <wcol_numslider>
          <ThemeWidgetColors outline="#b4b4b4"
                             inner="#5f5f5fff"
                             inner_sel="#333333ff"
                             item="#c23938ff"
                             text="#ffffff"
                             text_sel="#ffffff"
                             show_shaded="TRUE"
                             shadetop="-5"
                             shadedown="5"
                             roundness="0.4">
          </ThemeWidgetColors>
        </wcol_numslider>
        <wcol_box>
          <ThemeWidgetColors outline="#959595"
                             inner="#cccccccc"
                             inner_sel="#c23938ff"
                             item="#191919ff"
                             text="#333333"
                             text_sel="#ffffff"
                             show_shaded="FALSE"
                             shadetop="0"
                             shadedown="0"
                             roundness="0.4">
          </ThemeWidgetColors>
        </wcol_box>
        <wcol_menu>
          <ThemeWidgetColors outline="#f7f7f7"
                             inner="#d3d3d3ff"
                             inner_sel="#2d2d2dff"
                             item="#000000ff"
                             text="#111111"
                             text_sel="#cccccc"
                             show_shaded="FALSE"
                             shadetop="10"
                             shadedown="-10"
                             roundness="0.4">
          </ThemeWidgetColors>
        </wcol_menu>
        <wcol_pulldown>
          <ThemeWidgetColors outline="#000000"
                             inner="#e6e6e699"
                             inner_sel="#c23938ff"
                             item="#ffffffff"
                             text="#000000"
                             text_sel="#ffffff"
                             show_shaded="FALSE"
                             shadetop="25"
                             shadedown="-20"
                             roundness="0.4">
          </ThemeWidgetColors>
        </wcol_pulldown>
        <wcol_menu_back>
          <ThemeWidgetColors outline="#bebebe"
                             inner="#afafaffa"
                             inner_sel="#2d2d2dff"
                             item="#646464ff"
                             text="#555555"
                             text_sel="#101010"
                             show_shaded="TRUE"
                             shadetop="5"
                             shadedown="-5"
                             roundness="0.4">
          </ThemeWidgetColors>
        </wcol_menu_back>
        <wcol_pie_menu>
          <ThemeWidgetColors outline="#4d4d4d"
                             inner="#2a2a2aff"
                             inner_sel="#c23938ff"
                             item="#c23938ff"
                             text="#e6e6e6"
                             text_sel="#ffffff"
                             show_shaded="FALSE"
                             shadetop="10"
                             shadedown="-10"
                             roundness="1">
          </ThemeWidgetColors>
        </wcol_pie_menu>
        <wcol_tooltip>
          <ThemeWidgetColors outline="#000000"
                             inner="#1f1f1fef"
                             inner_sel="#2d2d2de6"
                             item="#646464ff"
                             text="#ffffff"
                             text_sel="#ffffff"
                             show_shaded="FALSE"
                             shadetop="25"
                             shadedown="-20"
                             roundness="0.4">
          </ThemeWidgetColors>
        </wcol_tooltip>
        <wcol_menu_item>
          <ThemeWidgetColors outline="#000000"
                             inner="#00000000"
                             inner_sel="#2d2d2dff"
                             item="#acacac80"
                             text="#0c0c0c"
                             text_sel="#ffffff"
                             show_shaded="FALSE"
                             shadetop="38"
                             shadedown="0"
                             roundness="0.4">
          </ThemeWidgetColors>
        </wcol_menu_item>
        <wcol_scroll>
          <ThemeWidgetColors outline="#bdbdbd"
                             inner="#c2393800"
                             inner_sel="#646464b3"
                             item="#98989899"
                             text="#000000"
                             text_sel="#ffffff"
                             show_shaded="FALSE"
                             shadetop="5"
                             shadedown="-5"
                             roundness="1">
          </ThemeWidgetColors>
        </wcol_scroll>
        <wcol_progress>
          <ThemeWidgetColors outline="#b3b3b3"
                             inner="#ccccccff"
                             inner_sel="#646464b4"
                             item="#c23938ff"
                             text="#000000"
                             text_sel="#ffffff"
                             show_shaded="FALSE"
                             shadetop="36"
                             shadedown="0"
                             roundness="0.4">
          </ThemeWidgetColors>
        </wcol_progress>
        <wcol_list_item>
          <ThemeWidgetColors outline="#e6e6e6"
                             inner="#00000000"
                             inner_sel="#c23938ff"
                             item="#ff6c69ff"
                             text="#1a1a1a"
                             text_sel="#ffffff"
                             show_shaded="FALSE"
                             shadetop="0"
                             shadedown="0"
                             roundness="0.4">
          </ThemeWidgetColors>
        </wcol_list_item>
        <wcol_state>
          <ThemeWidgetStateColors inner_anim="#73be4c"
                                  inner_anim_sel="#5aa633"
                                  inner_key="#f0eb64"
                                  inner_key_sel="#d7d34b"
                                  inner_driven="#b400ff"
                                  inner_driven_sel="#9900e6"
                                  inner_overridden="#6bf3cc"
                                  inner_overridden_sel="#5fd9b6"
                                  blend="0.4">
          </ThemeWidgetStateColors>
        </wcol_state>
        <wcol_tab>
          <ThemeWidgetColors outline="#bbbbbb"
                             inner="#d4d4d4ff"
                             inner_sel="#c23938ff"
                             item="#ed4743ff"
                             text="#1a1a1a"
                             text_sel="#ffffff"
                             show_shaded="TRUE"
                             shadetop="5"
                             shadedown="-5"
                             roundness="0.4">
          </ThemeWidgetColors>
        </wcol_tab>
      </ThemeUserInterface>
    </user_interface>
    <view_3d>
      <ThemeView3D grid="#c7c7c7ff"
                   clipping_border_3d="#313131ff"
                   wire="#000000"
                   wire_edit="#434343"
                   gp_vertex="#000000"
                   gp_vertex_select="#ff8500"
                   gp_vertex_size="3"
                   text_grease_pencil="#b5e61d"
                   object_selected="#c23938"
                   object_active="#f8ff65"
                   text_keyframe="#ddd700"
                   camera="#00803e"
                   empty="#474747"
                   light="#a3002c33"
                   speaker="#474747"
                   vertex="#e2e2e2"
                   vertex_select="#ff0014"
                   vertex_size="4"
                   vertex_bevel="#00a5ff"
                   vertex_unreferenced="#000000"
                   edge_select="#c23938"
                   edge_seam="#42db31"
                   edge_sharp="#00ffff"
                   edge_crease="#ce4eea"
                   edge_bevel="#00a5ff"
                   edge_facesel="#4b4b4b"
                   freestyle_edge_mark="#7fff7f"
                   face="#00000012"
                   face_select="#c239384d"
                   face_dot="#c23938"
                   facedot_size="3"
                   freestyle_face_mark="#7fff7f33"
                   nurb_uline="#909000"
                   nurb_vline="#f090a0"
                   nurb_sel_uline="#f0ff40"
                   nurb_sel_vline="#00cdf0"
                   act_spline="#db2512"
                   handle_free="#000000"
                   handle_auto="#909000"
                   handle_vect="#409030"
                   handle_sel_vect="#40c030"
                   handle_align="#803060"
                   handle_sel_free="#000000"
                   handle_sel_auto="#f0ff40"
                   handle_sel_align="#f090a0"
                   lastsel_point="#ffffff"
                   extra_edge_len="#150806"
                   extra_edge_angle="#4d4d00"
                   extra_face_angle="#0000cc"
                   extra_face_area="#004d00"
                   editmesh_active="#fffb00ff"
                   normal="#22dddd"
                   vertex_normal="#2361dd"
                   split_normal="#dd23dd"
                   bone_pose="#50c8ff"
                   bone_pose_active="#8cffff"
                   bone_solid="#c8c8c8"
                   bundle_solid="#c8c8c8"
                   camera_path="#000000"
                   skin_root="#b44d4d"
                   view_overlay="#808080"
                   transform="#ffffff"
                   frame_current="#60c040"
                   paint_curve_handle="#7fff7f7f"
                   paint_curve_pivot="#ff7f7f7f"
                   outline_width="1">
        <space>
          <ThemeSpaceGradient title="#000000"
                              text="#000000"
                              text_hi="#ffffff"
                              header="#99999900"
                              header_text="#000000"
                              header_text_hi="#ffffff"
                              button="#99999900"
                              button_title="#1a1a1a"
                              button_text="#000000"
                              button_text_hi="#ffffff"
                              navigation_bar="#00000000"
                              tab_active="#c23938"
                              tab_inactive="#cccccc"
                              tab_back="#999999ff"
                              tab_outline="#999999">
            <gradients>
              <ThemeGradientColors show_grad="TRUE"
                                   gradient="#c6c6c6"
                                   high_gradient="#a5a5a5">
              </ThemeGradientColors>
            </gradients>
            <panelcolors>
              <ThemePanelColors header="#abababea"
                                back="#999999cc"
                                sub_back="#0000003e">
              </ThemePanelColors>
            </panelcolors>
          </ThemeSpaceGradient>
        </space>
      </ThemeView3D>
    </view_3d>
    <graph_editor>
      <ThemeGraphEditor grid="#a2a2a2"
                        frame_current="#c23938"
                        window_sliders="#969696"
                        channels_region="#999999"
                        dopesheet_channel="#2e6399"
                        dopesheet_subchannel="#7aa4cc"
                        channel_group="#278c0e"
                        active_channels_group="#4db135"
                        preview_range="#a14d0066"
                        vertex="#000000"
                        vertex_select="#ff8500"
                        vertex_size="6"
                        vertex_bevel="#000000"
                        vertex_unreferenced="#000000"
                        handle_free="#000000"
                        handle_auto="#909000"
                        handle_vect="#409030"
                        handle_sel_vect="#40c030"
                        handle_align="#9c3c75"
                        handle_sel_free="#000000"
                        handle_sel_auto="#c7ff31"
                        handle_sel_align="#ff6700"
                        handle_auto_clamped="#994030"
                        handle_sel_auto_clamped="#dad606"
                        lastsel_point="#ffffff"
                        handle_vertex="#000000"
                        handle_vertex_select="#fffa06"
                        handle_vertex_size="5">
        <space>
          <ThemeSpaceGeneric back="#bdbdbd"
                             title="#000000"
                             text="#000000"
                             text_hi="#ffffff"
                             header="#adadadff"
                             header_text="#000000"
                             header_text_hi="#ffffff"
                             button="#b2b2b2cc"
                             button_title="#1a1a1a"
                             button_text="#000000"
                             button_text_hi="#ffffff"
                             navigation_bar="#00000000"
                             tab_active="#6697e6"
                             tab_inactive="#cccccc"
                             tab_back="#999999ff"
                             tab_outline="#999999">
            <panelcolors>
              <ThemePanelColors header="#c2c2c2ea"
                                back="#bcbcbcff"
                                sub_back="#0000003e">
              </ThemePanelColors>
            </panelcolors>
          </ThemeSpaceGeneric>
        </space>
        <space_list>
          <ThemeSpaceListGeneric list="#adadad"
                                 list_title="#000000"
                                 list_text="#050505"
                                 list_text_hi="#ffffff">
          </ThemeSpaceListGeneric>
        </space_list>
      </ThemeGraphEditor>
    </graph_editor>
    <file_browser>
      <ThemeFileBrowser selected_file="#545454">
        <space>
          <ThemeSpaceGeneric back="#bcbcbc"
                             title="#000000"
                             text="#121212"
                             text_hi="#ffffff"
                             header="#adadadff"
                             header_text="#000000"
                             header_text_hi="#ffffff"
                             button="#b2b2b2cc"
                             button_title="#1a1a1a"
                             button_text="#000000"
                             button_text_hi="#ffffff"
                             navigation_bar="#00000000"
                             tab_active="#c23938"
                             tab_inactive="#cccccc"
                             tab_back="#999999ff"
                             tab_outline="#999999">
            <panelcolors>
              <ThemePanelColors header="#c2c2c2ea"
                                back="#bcbcbce6"
                                sub_back="#0000003e">
              </ThemePanelColors>
            </panelcolors>
          </ThemeSpaceGeneric>
        </space>
      </ThemeFileBrowser>
    </file_browser>
    <nla_editor>
      <ThemeNLAEditor grid="#5e5e5e"
                      view_sliders="#969696"
                      active_action="#cc701a66"
                      active_action_unset="#9987614d"
                      preview_range="#a14d0066"
                      strips="#0c0a0a"
                      strips_selected="#ff8c00"
                      transition_strips="#1c2630"
                      transition_strips_selected="#2e75db"
                      meta_strips="#332642"
                      meta_strips_selected="#692196"
                      sound_strips="#2b3d3d"
                      sound_strips_selected="#1f7a7a"
                      tweak="#4df31a"
                      tweak_duplicate="#d90000"
                      keyframe_border="#000000ff"
                      keyframe_border_selected="#000000ff"
                      frame_current="#60c040">
        <space>
          <ThemeSpaceGeneric back="#6b6b6b"
                             title="#000000"
                             text="#000000"
                             text_hi="#ffffff"
                             header="#adadadff"
                             header_text="#000000"
                             header_text_hi="#ffffff"
                             button="#b2b2b2cc"
                             button_title="#000000"
                             button_text="#000000"
                             button_text_hi="#ffffff"
                             navigation_bar="#00000000"
                             tab_active="#c23938"
                             tab_inactive="#cccccc"
                             tab_back="#999999ff"
                             tab_outline="#999999">
            <panelcolors>
              <ThemePanelColors header="#c2c2c2ea"
                                back="#bcbcbce6"
                                sub_back="#0000003e">
              </ThemePanelColors>
            </panelcolors>
          </ThemeSpaceGeneric>
        </space>
        <space_list>
          <ThemeSpaceListGeneric list="#adadad"
                                 list_title="#000000"
                                 list_text="#000000"
                                 list_text_hi="#ffffff">
          </ThemeSpaceListGeneric>
        </space_list>
      </ThemeNLAEditor>
    </nla_editor>
    <dopesheet_editor>
      <ThemeDopeSheet grid="#cccccc"
                      frame_current="#c23938"
                      value_sliders="#000000"
                      view_sliders="#969696"
                      dopesheet_channel="#2e639924"
                      dopesheet_subchannel="#7aa4cc24"
                      channels="#838383ff"
                      channels_selected="#60c04044"
                      channel_group="#278c0e37"
                      active_channels_group="#4eb33555"
                      long_key="#1a151580"
                      long_key_selected="#ff8c00cc"
                      keyframe="#e8e8e8"
                      keyframe_selected="#ffbe33"
                      keyframe_extreme="#e8b3cc"
                      keyframe_extreme_selected="#f28080"
                      keyframe_breakdown="#b3dbe8"
                      keyframe_breakdown_selected="#54bfed"
                      keyframe_jitter="#94e575"
                      keyframe_jitter_selected="#61c042"
                      keyframe_movehold="#5c5656"
                      keyframe_movehold_selected="#ffaf23"
                      keyframe_border="#000000ff"
                      keyframe_border_selected="#000000ff"
                      keyframe_scale_factor="1"
                      summary="#d3660066"
                      preview_range="#a14d0066"
                      interpolation_line="#94e575cc">
        <space>
          <ThemeSpaceGeneric back="#bdbdbd"
                             title="#000000"
                             text="#000000"
                             text_hi="#ffffff"
                             header="#adadadff"
                             header_text="#000000"
                             header_text_hi="#ffffff"
                             button="#b2b2b2cc"
                             button_title="#000000"
                             button_text="#000000"
                             button_text_hi="#ffffff"
                             navigation_bar="#00000000"
                             tab_active="#c23938"
                             tab_inactive="#cccccc"
                             tab_back="#999999ff"
                             tab_outline="#999999">
            <panelcolors>
              <ThemePanelColors header="#c2c2c2ea"
                                back="#bcbcbce6"
                                sub_back="#0000003e">
              </ThemePanelColors>
            </panelcolors>
          </ThemeSpaceGeneric>
        </space>
        <space_list>
          <ThemeSpaceListGeneric list="#adadad"
                                 list_title="#000000"
                                 list_text="#000000"
                                 list_text_hi="#ffffff">
          </ThemeSpaceListGeneric>
        </space_list>
      </ThemeDopeSheet>
    </dopesheet_editor>
    <image_editor>
      <ThemeImageEditor gp_vertex="#000000"
                        gp_vertex_select="#ff8500"
                        gp_vertex_size="3"
                        vertex="#000000"
                        vertex_select="#ff0014"
                        vertex_size="3"
                        vertex_bevel="#000000"
                        vertex_unreferenced="#000000"
                        face="#ffffff0a"
                        face_select="#c239383c"
                        face_dot="#c23938"
                        facedot_size="3"
                        freestyle_face_mark="#7fff7f33"
                        editmesh_active="#ffa49799"
                        wire_edit="#d3d3d3"
                        edge_select="#c23938"
                        scope_back="#777777ff"
                        preview_stitch_face="#7f7f0033"
                        preview_stitch_edge="#ff00ff33"
                        preview_stitch_vert="#0000ff33"
                        preview_stitch_stitchable="#00ff00ff"
                        preview_stitch_unstitchable="#ff0000ff"
                        preview_stitch_active="#e1d2c323"
                        uv_shadow="#707070ff"
                        uv_others="#606060ff"
                        frame_current="#60c040"
                        metadatabg="#000000"
                        metadatatext="#ffffff"
                        handle_free="#000000"
                        handle_auto="#909000"
                        handle_align="#803060"
                        handle_sel_free="#000000"
                        handle_sel_auto="#f0ff40"
                        handle_sel_align="#f090a0"
                        handle_auto_clamped="#000000"
                        handle_sel_auto_clamped="#000000"
                        handle_vertex="#000000"
                        handle_vertex_select="#ffff00"
                        handle_vertex_size="5"
                        paint_curve_handle="#7fff7f7f"
                        paint_curve_pivot="#ff7f7f7f">
        <space>
          <ThemeSpaceGeneric back="#c5c5c5"
                             title="#000000"
                             text="#000000"
                             text_hi="#ffffff"
                             header="#b3b3b3ff"
                             header_text="#000000"
                             header_text_hi="#ffffff"
                             button="#b2b2b2cc"
                             button_title="#000000"
                             button_text="#000000"
                             button_text_hi="#ffffff"
                             navigation_bar="#00000000"
                             tab_active="#c23938"
                             tab_inactive="#cccccc"
                             tab_back="#999999ff"
                             tab_outline="#999999">
            <panelcolors>
              <ThemePanelColors header="#c2c2c2ea"
                                back="#bcbcbce6"
                                sub_back="#0000003e">
              </ThemePanelColors>
            </panelcolors>
          </ThemeSpaceGeneric>
        </space>
      </ThemeImageEditor>
    </image_editor>
    <sequence_editor>
      <ThemeSequenceEditor gp_vertex="#000000"
                           gp_vertex_select="#ff8500"
                           gp_vertex_size="3"
                           grid="#404040"
                           window_sliders="#a0a0a0"
                           movie_strip="#516987"
                           movieclip_strip="#20208f"
                           image_strip="#6d5881"
                           scene_strip="#4e983e"
                           audio_strip="#2e8f8f"
                           effect_strip="#a9547c"
                           transition_strip="#a25f6f"
                           meta_strip="#6d9183"
                           text_strip="#a29700"
                           frame_current="#60c040"
                           keyframe="#ff8500"
                           draw_action="#50c8ff"
                           preview_back="#000000"
                           metadatabg="#000000"
                           metadatatext="#ffffff">
        <space>
          <ThemeSpaceGeneric back="#bababa"
                             title="#000000"
                             text="#000000"
                             text_hi="#ffffff"
                             header="#b3b3b3ff"
                             header_text="#000000"
                             header_text_hi="#ffffff"
                             button="#b2b2b2cc"
                             button_title="#000000"
                             button_text="#000000"
                             button_text_hi="#ffffff"
                             navigation_bar="#00000000"
                             tab_active="#c23938"
                             tab_inactive="#c9c9c9"
                             tab_back="#999999ff"
                             tab_outline="#999999">
            <panelcolors>
              <ThemePanelColors header="#c2c2c2ea"
                                back="#bcbcbce6"
                                sub_back="#0000003e">
              </ThemePanelColors>
            </panelcolors>
          </ThemeSpaceGeneric>
        </space>
      </ThemeSequenceEditor>
    </sequence_editor>
    <properties>
      <ThemeProperties>
        <space>
          <ThemeSpaceGeneric back="#bcbcbc"
                             title="#181818"
                             text="#000000"
                             text_hi="#ffffff"
                             header="#bcbcbcff"
                             header_text="#000000"
                             header_text_hi="#ffffff"
                             button="#5959597f"
                             button_title="#000000"
                             button_text="#000000"
                             button_text_hi="#ffffff"
                             navigation_bar="#b2b2b2ff"
                             tab_active="#c23938"
                             tab_inactive="#cccccc"
                             tab_back="#999999ff"
                             tab_outline="#999999">
            <panelcolors>
              <ThemePanelColors header="#bdbdbdea"
                                back="#c7c7c7e6"
                                sub_back="#00000024">
              </ThemePanelColors>
            </panelcolors>
          </ThemeSpaceGeneric>
        </space>
      </ThemeProperties>
    </properties>
    <text_editor>
      <ThemeTextEditor line_numbers_background="#a1a1a1"
                       selected_text="#c79292"
                       cursor="#ff0000"
                       syntax_builtin="#da1756"
                       syntax_symbols="#ac3a00"
                       syntax_special="#440092"
                       syntax_preprocessor="#ad80ff"
                       syntax_reserved="#c4753b"
                       syntax_comment="#707070"
                       syntax_string="#008113"
                       syntax_numbers="#0059b6">
        <space>
          <ThemeSpaceGeneric back="#bdbdbd"
                             title="#000000"
                             text="#000000"
                             text_hi="#ffffff"
                             header="#b3b3b3ff"
                             header_text="#000000"
                             header_text_hi="#ffffff"
                             button="#b2b2b2cc"
                             button_title="#000000"
                             button_text="#000000"
                             button_text_hi="#ffffff"
                             navigation_bar="#00000000"
                             tab_active="#c23938"
                             tab_inactive="#cccccc"
                             tab_back="#999999ff"
                             tab_outline="#999999">
            <panelcolors>
              <ThemePanelColors header="#c2c2c2ea"
                                back="#bcbcbce6"
                                sub_back="#0000003e">
              </ThemePanelColors>
            </panelcolors>
          </ThemeSpaceGeneric>
        </space>
      </ThemeTextEditor>
    </text_editor>
    <node_editor>
      <ThemeNodeEditor gp_vertex="#000000"
                       gp_vertex_select="#ff8500"
                       gp_vertex_size="3"
                       node_selected="#f15800"
                       node_active="#f15800"
                       wire="#252525"
                       wire_inner="#ffffff"
                       wire_select="#c23938"
                       selected_text="#7f7070"
                       node_backdrop="#e6e6e6ff"
                       converter_node="#66c4ff"
                       color_node="#ffcb4d"
                       group_node="#59b36a"
                       group_socket_node="#dfc300"
                       frame_node="#9b9b9ba0"
                       matte_node="#977474"
                       distor_node="#749797"
                       noodle_curving="4"
                       input_node="#ff6675"
                       output_node="#ff6675"
                       filter_node="#6c696f"
                       vector_node="#9999ff"
                       texture_node="#ffc399"
                       shader_node="#a7ff99"
                       script_node="#6c696f"
                       pattern_node="#6c696f"
                       layout_node="#6c696f">
        <space>
          <ThemeSpaceGeneric back="#6a6a6a"
                             title="#000000"
                             text="#0d0d0d"
                             text_hi="#ffffff"
                             header="#b3b3b3ff"
                             header_text="#000000"
                             header_text_hi="#ffffff"
                             button="#b2b2b2cc"
                             button_title="#000000"
                             button_text="#000000"
                             button_text_hi="#ffffff"
                             navigation_bar="#00000000"
                             tab_active="#c23938"
                             tab_inactive="#cccccc"
                             tab_back="#999999ff"
                             tab_outline="#999999">
            <panelcolors>
              <ThemePanelColors header="#c2c2c2ea"
                                back="#bcbcbce6"
                                sub_back="#0000003e">
              </ThemePanelColors>
            </panelcolors>
          </ThemeSpaceGeneric>
        </space>
        <space_list>
          <ThemeSpaceListGeneric list="#a5a5a5"
                                 list_title="#000000"
                                 list_text="#000000"
                                 list_text_hi="#ffffff">
          </ThemeSpaceListGeneric>
        </space_list>
      </ThemeNodeEditor>
    </node_editor>
    <outliner>
      <ThemeOutliner match="#337f33"
                     selected_highlight="#b4b4b4">
        <space>
          <ThemeSpaceGeneric back="#bababa"
                             title="#000000"
                             text="#000000"
                             text_hi="#ffffff"
                             header="#bababaff"
                             header_text="#000000"
                             header_text_hi="#ffffff"
                             button="#b2b2b2cc"
                             button_title="#000000"
                             button_text="#000000"
                             button_text_hi="#ffffff"
                             navigation_bar="#00000000"
                             tab_active="#de6666"
                             tab_inactive="#cccccc"
                             tab_back="#999999ff"
                             tab_outline="#999999">
            <panelcolors>
              <ThemePanelColors header="#b6b6b6ea"
                                back="#bcbcbce6"
                                sub_back="#0000003e">
              </ThemePanelColors>
            </panelcolors>
          </ThemeSpaceGeneric>
        </space>
      </ThemeOutliner>
    </outliner>
    <info>
      <ThemeInfo info_selected="#6080ff"
                 info_selected_text="#ffffff"
                 info_error="#990000"
                 info_error_text="#ffffff"
                 info_warning="#b36a00"
                 info_warning_text="#ffffff"
                 info_info="#668000"
                 info_info_text="#ffffff"
                 info_debug="#d3d3d3"
                 info_debug_text="#000000">
        <space>
          <ThemeSpaceGeneric back="#bdbdbd"
                             title="#000000"
                             text="#000000"
                             text_hi="#ffffff"
                             header="#b3b3b3ff"
                             header_text="#1a1a1a"
                             header_text_hi="#ffffff"
                             button="#b2b2b2cc"
                             button_title="#000000"
                             button_text="#000000"
                             button_text_hi="#ffffff"
                             navigation_bar="#00000000"
                             tab_active="#c23938"
                             tab_inactive="#cccccc"
                             tab_back="#999999ff"
                             tab_outline="#999999">
            <panelcolors>
              <ThemePanelColors header="#c2c2c2ea"
                                back="#bcbcbce6"
                                sub_back="#0000003e">
              </ThemePanelColors>
            </panelcolors>
          </ThemeSpaceGeneric>
        </space>
      </ThemeInfo>
    </info>
    <user_preferences>
      <ThemeUserPreferences>
        <space>
          <ThemeSpaceGeneric back="#bdbdbd"
                             title="#000000"
                             text="#191919"
                             text_hi="#ffffff"
                             header="#b3b3b3ff"
                             header_text="#000000"
                             header_text_hi="#ffffff"
                             button="#b2b2b2cc"
                             button_title="#000000"
                             button_text="#000000"
                             button_text_hi="#ffffff"
                             navigation_bar="#00000000"
                             tab_active="#c23938"
                             tab_inactive="#cccccc"
                             tab_back="#4b4b4bff"
                             tab_outline="#3c3c3c">
            <panelcolors>
              <ThemePanelColors header="#c2c2c2ea"
                                back="#bcbcbce6"
                                sub_back="#0000003e">
              </ThemePanelColors>
            </panelcolors>
          </ThemeSpaceGeneric>
        </space>
      </ThemeUserPreferences>
    </user_preferences>
    <console>
      <ThemeConsole line_output="#001ed3"
                    line_input="#ffffff"
                    line_info="#14aa00"
                    line_error="#c43b3a"
                    cursor="#dc6060"
                    select="#0000004d">
        <space>
          <ThemeSpaceGeneric back="#bdbdbd"
                             title="#000000"
                             text="#ffffff"
                             text_hi="#ffffff"
                             header="#b3b3b3ff"
                             header_text="#000000"
                             header_text_hi="#ffffff"
                             button="#b2b2b2cc"
                             button_title="#000000"
                             button_text="#000000"
                             button_text_hi="#ffffff"
                             navigation_bar="#00000000"
                             tab_active="#c23938"
                             tab_inactive="#cccccc"
                             tab_back="#999999ff"
                             tab_outline="#999999">
            <panelcolors>
              <ThemePanelColors header="#c2c2c2ea"
                                back="#bcbcbce6"
                                sub_back="#0000003e">
              </ThemePanelColors>
            </panelcolors>
          </ThemeSpaceGeneric>
        </space>
      </ThemeConsole>
    </console>
    <clip_editor>
      <ThemeClipEditor gp_vertex="#000000"
                       gp_vertex_select="#000000"
                       gp_vertex_size="1"
                       marker_outline="#000000"
                       marker="#7f7f00"
                       active_marker="#ffffff"
                       selected_marker="#ffff00"
                       disabled_marker="#7f0000"
                       locked_marker="#7f7f7f"
                       path_before="#ff0000"
                       path_after="#0000ff"
                       frame_current="#60c040"
                       strips="#0c0a0a"
                       strips_selected="#ff8c00"
                       handle_free="#000000"
                       handle_auto="#909000"
                       handle_align="#803060"
                       handle_sel_free="#000000"
                       handle_sel_auto="#f0ff40"
                       handle_sel_align="#f090a0"
                       handle_auto_clamped="#000000"
                       handle_sel_auto_clamped="#000000"
                       handle_vertex="#000000"
                       handle_vertex_select="#ffff00"
                       handle_vertex_size="5">
        <space>
          <ThemeSpaceGeneric back="#bdbdbd"
                             title="#000000"
                             text="#000000"
                             text_hi="#ffffff"
                             header="#adadadff"
                             header_text="#000000"
                             header_text_hi="#ffffff"
                             button="#b2b2b2cc"
                             button_title="#000000"
                             button_text="#000000"
                             button_text_hi="#ffffff"
                             navigation_bar="#00000000"
                             tab_active="#c23938"
                             tab_inactive="#c9c9c9"
                             tab_back="#a3a3a3ff"
                             tab_outline="#999999">
            <panelcolors>
              <ThemePanelColors header="#c2c2c2ea"
                                back="#bcbcbce6"
                                sub_back="#0000003e">
              </ThemePanelColors>
            </panelcolors>
          </ThemeSpaceGeneric>
        </space>
        <space_list>
          <ThemeSpaceListGeneric list="#999999"
                                 list_title="#000000"
                                 list_text="#000000"
                                 list_text_hi="#ffffff">
          </ThemeSpaceListGeneric>
        </space_list>
      </ThemeClipEditor>
    </clip_editor>
    <topbar>
      <ThemeTopBar>
        <space>
          <ThemeSpaceGeneric back="#bdbdbd"
                             title="#000000"
                             text="#212121"
                             text_hi="#ffffff"
                             header="#a9a9a9ff"
                             header_text="#000000"
                             header_text_hi="#ffffff"
                             button="#b2b2b2cc"
                             button_title="#000000"
                             button_text="#000000"
                             button_text_hi="#ffffff"
                             navigation_bar="#00000000"
                             tab_active="#c23938"
                             tab_inactive="#cccccc"
                             tab_back="#999999ff"
                             tab_outline="#999999">
            <panelcolors>
              <ThemePanelColors header="#c2c2c2ff"
                                back="#bcbcbce6"
                                sub_back="#0000003e">
              </ThemePanelColors>
            </panelcolors>
          </ThemeSpaceGeneric>
        </space>
      </ThemeTopBar>
    </topbar>
    <statusbar>
      <ThemeStatusBar>
        <space>
          <ThemeSpaceGeneric back="#bdbdbd"
                             title="#000000"
                             text="#000000"
                             text_hi="#ffffff"
                             header="#cfcfcfff"
                             header_text="#1a1a1a"
                             header_text_hi="#ffffff"
                             button="#b2b2b2cc"
                             button_title="#000000"
                             button_text="#000000"
                             button_text_hi="#ffffff"
                             navigation_bar="#00000000"
                             tab_active="#c23938"
                             tab_inactive="#cccccc"
                             tab_back="#999999ff"
                             tab_outline="#999999">
            <panelcolors>
              <ThemePanelColors header="#c2c2c2ff"
                                back="#bcbcbce6"
                                sub_back="#0000003e">
              </ThemePanelColors>
            </panelcolors>
          </ThemeSpaceGeneric>
        </space>
      </ThemeStatusBar>
    </statusbar>
    <bone_color_sets>
      <ThemeBoneColorSet normal="#9a0000"
                         select="#bd1111"
                         active="#f70a0a"
                         show_colored_constraints="FALSE">
      </ThemeBoneColorSet>
      <ThemeBoneColorSet normal="#f74018"
                         select="#f66913"
                         active="#fa9900"
                         show_colored_constraints="FALSE">
      </ThemeBoneColorSet>
      <ThemeBoneColorSet normal="#1e9109"
                         select="#59b70b"
                         active="#83ef1d"
                         show_colored_constraints="FALSE">
      </ThemeBoneColorSet>
      <ThemeBoneColorSet normal="#0a3694"
                         select="#3667df"
                         active="#5ec1ef"
                         show_colored_constraints="FALSE">
      </ThemeBoneColorSet>
      <ThemeBoneColorSet normal="#a9294e"
                         select="#c1416a"
                         active="#f05d91"
                         show_colored_constraints="FALSE">
      </ThemeBoneColorSet>
      <ThemeBoneColorSet normal="#430c78"
                         select="#543aa3"
                         active="#8764d5"
                         show_colored_constraints="FALSE">
      </ThemeBoneColorSet>
      <ThemeBoneColorSet normal="#24785a"
                         select="#3c9579"
                         active="#6fb6ab"
                         show_colored_constraints="FALSE">
      </ThemeBoneColorSet>
      <ThemeBoneColorSet normal="#4b707c"
                         select="#6a8691"
                         active="#9bc2cd"
                         show_colored_constraints="FALSE">
      </ThemeBoneColorSet>
      <ThemeBoneColorSet normal="#f4c90c"
                         select="#eec236"
                         active="#f3ff00"
                         show_colored_constraints="FALSE">
      </ThemeBoneColorSet>
      <ThemeBoneColorSet normal="#1e2024"
                         select="#484c56"
                         active="#ffffff"
                         show_colored_constraints="FALSE">
      </ThemeBoneColorSet>
      <ThemeBoneColorSet normal="#6f2f6a"
                         select="#9845be"
                         active="#d330d6"
                         show_colored_constraints="FALSE">
      </ThemeBoneColorSet>
      <ThemeBoneColorSet normal="#6c8e22"
                         select="#7fb022"
                         active="#bbef5b"
                         show_colored_constraints="FALSE">
      </ThemeBoneColorSet>
      <ThemeBoneColorSet normal="#8d8d8d"
                         select="#b0b0b0"
                         active="#dedede"
                         show_colored_constraints="FALSE">
      </ThemeBoneColorSet>
      <ThemeBoneColorSet normal="#834326"
                         select="#8b5811"
                         active="#bd6a11"
                         show_colored_constraints="FALSE">
      </ThemeBoneColorSet>
      <ThemeBoneColorSet normal="#08310e"
                         select="#1c430b"
                         active="#34622b"
                         show_colored_constraints="FALSE">
      </ThemeBoneColorSet>
      <ThemeBoneColorSet normal="#000000"
                         select="#000000"
                         active="#000000"
                         show_colored_constraints="FALSE">
      </ThemeBoneColorSet>
      <ThemeBoneColorSet normal="#000000"
                         select="#000000"
                         active="#000000"
                         show_colored_constraints="FALSE">
      </ThemeBoneColorSet>
      <ThemeBoneColorSet normal="#000000"
                         select="#000000"
                         active="#000000"
                         show_colored_constraints="FALSE">
      </ThemeBoneColorSet>
      <ThemeBoneColorSet normal="#000000"
                         select="#000000"
                         active="#000000"
                         show_colored_constraints="FALSE">
      </ThemeBoneColorSet>
      <ThemeBoneColorSet normal="#000000"
                         select="#000000"
                         active="#000000"
                         show_colored_constraints="FALSE">
      </ThemeBoneColorSet>
    </bone_color_sets>
  </Theme>
  <ThemeStyle>
    <panel_title>
      <ThemeFontStyle points="12"
                      font_kerning_style="FITTED"
                      shadow="1"
                      shadow_offset_x="0"
                      shadow_offset_y="-1"
                      shadow_alpha="0.15"
                      shadow_value="1">
      </ThemeFontStyle>
    </panel_title>
    <widget_label>
      <ThemeFontStyle points="11"
                      font_kerning_style="FITTED"
                      shadow="3"
                      shadow_offset_x="0"
                      shadow_offset_y="-1"
                      shadow_alpha="0.15"
                      shadow_value="1">
      </ThemeFontStyle>
    </widget_label>
    <widget>
      <ThemeFontStyle points="11"
                      font_kerning_style="FITTED"
                      shadow="0"
                      shadow_offset_x="0"
                      shadow_offset_y="0"
                      shadow_alpha="0.2"
                      shadow_value="1">
      </ThemeFontStyle>
    </widget>
  </ThemeStyle>
</bpy>
