#  Author (Twitter): @3D_director - Pierre Schiller, 2019.
#  Site: www.3dcinetv.com
#  SOFTIMAGE XSI MOD THEME - Version 1.0
#
#
#  ****** F E A T U R E S ******
#  UI initial layout. Cyan colored from Render (3) in Softimage, applies to all property object/render
#  simulation/physics/liquids/lights/passes tabs in Blender. Purple to all objects. Green for animation.
#  Red for keyframes. Light blue for menu selections. Light purple for menu dropdowns. Light grey for
#  radio/button confirmation.
#  Cache colors to resemble Softimage, still work in progress as Blender doesn´t allow to switch colors.
#  All icons in the outliner are black except for SHADER icons, to represent 1 or more materials
#  in an orange color, just like Shader editor output material: orange.
#  All X,Y,Z channels are correctly represented on the Graph editor with their inactive/active colors.
#  UV editor has all colors completed.
#  GRAPH editor has all colors completed
#  DOPESHEET/TIMELINE have all colors completed
#  NLA clips are color coded as well. Sound clips are used by first adding a SPEAKER object in the
#  3d scene and then added in the NLA just like you would in Softimage. You can also COMPOUND the
#  animation clip just like Softimage: In Blender you "group" the clips and it´s called a SUPERSTRIP.
#  
#  Thank you for supporting this theme. #LongLiveSoftimage

<bpy>
  <Theme>
    <user_interface>
      <ThemeUserInterface menu_shadow_fac="0.536367"
                          menu_shadow_width="0"
                          icon_file=""
                          icon_alpha="0.8"
                          icon_saturation="0.803436"
                          widget_emboss="#66666605"
                          editor_outline="#bebebe"
                          axis_x="#e70003"
                          axis_y="#00c81c"
                          axis_z="#220094"
                          gizmo_hi="#ffffff"
                          gizmo_primary="#f5f14d"
                          gizmo_secondary="#63ffff"
                          gizmo_a="#4da84d"
                          gizmo_b="#a33535"
                          icon_collection="#000000ff"
                          icon_object="#522840a9"
                          icon_object_data="#313131ff"
                          icon_modifier="#313131cc"
                          icon_shading="#79411ecc">
        <wcol_regular>
          <ThemeWidgetColors outline="#000000"
                             inner="#9fa2a3ff"
                             inner_sel="#e3e4e7ff"
                             item="#999999ff"
                             text="#080808"
                             text_sel="#4c4b4c"
                             show_shaded="FALSE"
                             shadetop="-6"
                             shadedown="2"
                             roundness="0.692096">
          </ThemeWidgetColors>
        </wcol_regular>
        <wcol_tool>
          <ThemeWidgetColors outline="#888888"
                             inner="#908a89ff"
                             inner_sel="#ccccccff"
                             item="#7e7e7eff"
                             text="#000000"
                             text_sel="#000000"
                             show_shaded="TRUE"
                             shadetop="27"
                             shadedown="16"
                             roundness="0.4">
          </ThemeWidgetColors>
        </wcol_tool>
        <wcol_toolbar_item>
          <ThemeWidgetColors outline="#6b6b6b"
                             inner="#aca8a700"
                             inner_sel="#bfbfbfff"
                             item="#000000ff"
                             text="#000000"
                             text_sel="#000000"
                             show_shaded="FALSE"
                             shadetop="0"
                             shadedown="0"
                             roundness="0.4">
          </ThemeWidgetColors>
        </wcol_toolbar_item>
        <wcol_radio>
          <ThemeWidgetColors outline="#4b4b4b"
                             inner="#a8a8a9ff"
                             inner_sel="#cfcfcfff"
                             item="#787575ff"
                             text="#484848"
                             text_sel="#000000"
                             show_shaded="FALSE"
                             shadetop="-2"
                             shadedown="1"
                             roundness="0.4">
          </ThemeWidgetColors>
        </wcol_radio>
        <wcol_text>
          <ThemeWidgetColors outline="#989594"
                             inner="#414141ff"
                             inner_sel="#414141ff"
                             item="#3399ffff"
                             text="#ffffff"
                             text_sel="#ffffff"
                             show_shaded="TRUE"
                             shadetop="-2"
                             shadedown="0"
                             roundness="0.4">
          </ThemeWidgetColors>
        </wcol_text>
        <wcol_option>
          <ThemeWidgetColors outline="#383530"
                             inner="#7d957fff"
                             inner_sel="#b4d8b1ff"
                             item="#000000ff"
                             text="#4a3b36"
                             text_sel="#000000"
                             show_shaded="TRUE"
                             shadetop="-2"
                             shadedown="0"
                             roundness="0.4">
          </ThemeWidgetColors>
        </wcol_option>
        <wcol_toggle>
          <ThemeWidgetColors outline="#888888"
                             inner="#aca6a6ff"
                             inner_sel="#ffffffff"
                             item="#aca8a7ff"
                             text="#1c1c1c"
                             text_sel="#1a1a1a"
                             show_shaded="TRUE"
                             shadetop="-3"
                             shadedown="0"
                             roundness="0.4">
          </ThemeWidgetColors>
        </wcol_toggle>
        <wcol_num>
          <ThemeWidgetColors outline="#4b4b4b"
                             inner="#363333ff"
                             inner_sel="#363333ff"
                             item="#3399ffff"
                             text="#ffffff"
                             text_sel="#ffffff"
                             show_shaded="FALSE"
                             shadetop="-5"
                             shadedown="5"
                             roundness="0.8">
          </ThemeWidgetColors>
        </wcol_num>
        <wcol_numslider>
          <ThemeWidgetColors outline="#474747"
                             inner="#898989ff"
                             inner_sel="#3399ffff"
                             item="#c8c8c8ff"
                             text="#000000"
                             text_sel="#ffffff"
                             show_shaded="FALSE"
                             shadetop="-5"
                             shadedown="5"
                             roundness="0.8">
          </ThemeWidgetColors>
        </wcol_numslider>
        <wcol_box>
          <ThemeWidgetColors outline="#8b8b8b"
                             inner="#747373ff"
                             inner_sel="#7780aaff"
                             item="#bbbbbbff"
                             text="#474747"
                             text_sel="#ffffff"
                             show_shaded="TRUE"
                             shadetop="23"
                             shadedown="6"
                             roundness="0.4">
          </ThemeWidgetColors>
        </wcol_box>
        <wcol_menu>
          <ThemeWidgetColors outline="#514f52"
                             inner="#889399ff"
                             inner_sel="#5786acff"
                             item="#000000ff"
                             text="#000000"
                             text_sel="#000000"
                             show_shaded="TRUE"
                             shadetop="0"
                             shadedown="0"
                             roundness="0.4">
          </ThemeWidgetColors>
        </wcol_menu>
        <wcol_pulldown>
          <ThemeWidgetColors outline="#474747"
                             inner="#aaa8a6ff"
                             inner_sel="#aaa8a6ff"
                             item="#ccccccff"
                             text="#000000"
                             text_sel="#ffffff"
                             show_shaded="FALSE"
                             shadetop="25"
                             shadedown="-20"
                             roundness="0.4">
          </ThemeWidgetColors>
        </wcol_pulldown>
        <wcol_menu_back>
          <ThemeWidgetColors outline="#474747"
                             inner="#adaaaeff"
                             inner_sel="#aaa8a6ff"
                             item="#ccccccff"
                             text="#000000"
                             text_sel="#ffffff"
                             show_shaded="FALSE"
                             shadetop="0"
                             shadedown="0"
                             roundness="0.4">
          </ThemeWidgetColors>
        </wcol_menu_back>
        <wcol_pie_menu>
          <ThemeWidgetColors outline="#0a0a0a"
                             inner="#aca8a7ff"
                             inner_sel="#b1d1d8ff"
                             item="#5786acff"
                             text="#000000"
                             text_sel="#000000"
                             show_shaded="FALSE"
                             shadetop="10"
                             shadedown="-10"
                             roundness="0.4">
          </ThemeWidgetColors>
        </wcol_pie_menu>
        <wcol_tooltip>
          <ThemeWidgetColors outline="#a29b7f"
                             inner="#fff0cce6"
                             inner_sel="#2d2d2de6"
                             item="#000000ff"
                             text="#000000"
                             text_sel="#8d612c"
                             show_shaded="FALSE"
                             shadetop="25"
                             shadedown="-20"
                             roundness="0.4">
          </ThemeWidgetColors>
        </wcol_tooltip>
        <wcol_menu_item>
          <ThemeWidgetColors outline="#474747"
                             inner="#00000000"
                             inner_sel="#1f8aaaff"
                             item="#000000ff"
                             text="#000000"
                             text_sel="#ffffff"
                             show_shaded="FALSE"
                             shadetop="-10"
                             shadedown="10"
                             roundness="0.4">
          </ThemeWidgetColors>
        </wcol_menu_item>
        <wcol_scroll>
          <ThemeWidgetColors outline="#82807f"
                             inner="#928c8bff"
                             inner_sel="#aaa8a6ff"
                             item="#9a9794ff"
                             text="#000000"
                             text_sel="#ffffff"
                             show_shaded="TRUE"
                             shadetop="4"
                             shadedown="-5"
                             roundness="1">
          </ThemeWidgetColors>
        </wcol_scroll>
        <wcol_progress>
          <ThemeWidgetColors outline="#474747"
                             inner="#aaa8a6ff"
                             inner_sel="#aaa8a6ff"
                             item="#96c78eff"
                             text="#000000"
                             text_sel="#ffffff"
                             show_shaded="TRUE"
                             shadetop="3"
                             shadedown="-3"
                             roundness="0.4">
          </ThemeWidgetColors>
        </wcol_progress>
        <wcol_list_item>
          <ThemeWidgetColors outline="#aca69f"
                             inner="#7e828600"
                             inner_sel="#3a89ff9a"
                             item="#4849ceff"
                             text="#000000"
                             text_sel="#f8ffff"
                             show_shaded="FALSE"
                             shadetop="0"
                             shadedown="0"
                             roundness="0.4">
          </ThemeWidgetColors>
        </wcol_list_item>
        <wcol_state>
          <ThemeWidgetStateColors inner_anim="#92af79"
                                  inner_anim_sel="#c5b971"
                                  inner_key="#9e575a"
                                  inner_key_sel="#aa3323"
                                  inner_driven="#c69cb1"
                                  inner_driven_sel="#ecaacd"
                                  inner_overridden="#19c3c3"
                                  inner_overridden_sel="#118f8f"
                                  blend="1">
          </ThemeWidgetStateColors>
        </wcol_state>
        <wcol_tab>
          <ThemeWidgetColors outline="#878787"
                             inner="#9f9c9aff"
                             inner_sel="#bfbfbeff"
                             item="#313131ff"
                             text="#000000"
                             text_sel="#000000"
                             show_shaded="FALSE"
                             shadetop="63"
                             shadedown="31"
                             roundness="0.4">
          </ThemeWidgetColors>
        </wcol_tab>
      </ThemeUserInterface>
    </user_interface>
    <view_3d>
      <ThemeView3D grid="#6d6d6dff"
                   clipping_border_3d="#313131ff"
                   wire="#000000"
                   wire_edit="#f7ca00"
                   gp_vertex="#4e98be"
                   gp_vertex_select="#ff8500"
                   gp_vertex_size="3"
                   text_grease_pencil="#b5e61d"
                   object_selected="#e59b27"
                   object_active="#ffffff"
                   text_keyframe="#ddd700"
                   camera="#3600c3"
                   empty="#000000"
                   light="#00000028"
                   speaker="#c2e787"
                   vertex="#0001a6"
                   vertex_select="#ff2100"
                   vertex_size="4"
                   vertex_bevel="#00a5ff"
                   vertex_unreferenced="#000000"
                   edge_select="#ff001c"
                   edge_seam="#f0703b"
                   edge_sharp="#49a1ec"
                   edge_crease="#eb3bdd"
                   edge_bevel="#00a5ff"
                   edge_facesel="#272727"
                   freestyle_edge_mark="#7fff7f"
                   face="#90909099"
                   face_select="#a11f137c"
                   face_dot="#52f27e"
                   facedot_size="1"
                   freestyle_face_mark="#7fff7f33"
                   nurb_uline="#a5a5a5"
                   nurb_vline="#d77ab1"
                   nurb_sel_uline="#ffffff"
                   nurb_sel_vline="#f090a0"
                   act_spline="#95daa0"
                   handle_free="#c6c6c6"
                   handle_auto="#30b6e5"
                   handle_vect="#adafaf"
                   handle_sel_vect="#ffffff"
                   handle_align="#e277b1"
                   handle_sel_free="#f7fffc"
                   handle_sel_auto="#ffffff"
                   handle_sel_align="#ffffff"
                   lastsel_point="#ffffff"
                   extra_edge_len="#200000"
                   extra_edge_angle="#000000"
                   extra_face_angle="#cccccc"
                   extra_face_area="#cccccc"
                   editmesh_active="#ff2e00ff"
                   normal="#9cfcc8"
                   vertex_normal="#68a1db"
                   split_normal="#dd23dd"
                   bone_pose="#00a199"
                   bone_pose_active="#8cffff"
                   bone_solid="#006200"
                   bundle_solid="#c9c9c9"
                   camera_path="#000000"
                   skin_root="#000000"
                   view_overlay="#afafaf"
                   transform="#ffff00"
                   frame_current="#53c03b"
                   paint_curve_handle="#7fff7f7f"
                   paint_curve_pivot="#ff7f7f7f"
                   outline_width="1">
        <space>
          <ThemeSpaceGradient title="#ffffff"
                              text="#ffffff"
                              text_hi="#ffffff"
                              header="#78787800"
                              header_text="#121212"
                              header_text_hi="#ffffff"
                              button="#aca8a700"
                              button_title="#000000"
                              button_text="#222222"
                              button_text_hi="#ffffff"
                              navigation_bar="#00000000"
                              tab_active="#aca8a7"
                              tab_inactive="#8b8484"
                              tab_back="#b88953ff"
                              tab_outline="#0e0c0e">
            <gradients>
              <ThemeGradientColors show_grad="FALSE"
                                   gradient="#6b6b6b"
                                   high_gradient="#555555">
              </ThemeGradientColors>
            </gradients>
            <panelcolors>
              <ThemePanelColors header="#8b6985ff"
                                back="#f5ecec99"
                                sub_back="#cde2f59a">
              </ThemePanelColors>
            </panelcolors>
          </ThemeSpaceGradient>
        </space>
      </ThemeView3D>
    </view_3d>
    <graph_editor>
      <ThemeGraphEditor grid="#918d8c"
                        frame_current="#ff1600"
                        window_sliders="#4d4d4d"
                        channels_region="#4d4d4d"
                        dopesheet_channel="#aaa8a6"
                        dopesheet_subchannel="#aaa8a6"
                        channel_group="#8a9dac"
                        active_channels_group="#95adc1"
                        preview_range="#a14d0066"
                        vertex="#575757"
                        vertex_select="#ffffff"
                        vertex_size="6"
                        vertex_bevel="#000000"
                        vertex_unreferenced="#000000"
                        handle_free="#252525"
                        handle_auto="#696969"
                        handle_vect="#191919"
                        handle_sel_vect="#ffffff"
                        handle_align="#1d1d1d"
                        handle_sel_free="#ececec"
                        handle_sel_auto="#d4d4d4"
                        handle_sel_align="#f3f3f3"
                        handle_auto_clamped="#000000"
                        handle_sel_auto_clamped="#000000"
                        lastsel_point="#000000"
                        handle_vertex="#525252"
                        handle_vertex_select="#f1f1f1"
                        handle_vertex_size="5">
        <space>
          <ThemeSpaceGeneric back="#aca8a7"
                             title="#000000"
                             text="#222222"
                             text_hi="#ffffff"
                             header="#aca8a7ff"
                             header_text="#000000"
                             header_text_hi="#ffffff"
                             button="#aca9a8ff"
                             button_title="#0e0e0e"
                             button_text="#222222"
                             button_text_hi="#ffffff"
                             navigation_bar="#00000000"
                             tab_active="#aca8a7"
                             tab_inactive="#bfbfbf"
                             tab_back="#bfbfbfff"
                             tab_outline="#d1cccb">
            <panelcolors>
              <ThemePanelColors header="#00000004"
                                back="#72727280"
                                sub_back="#0000003e">
              </ThemePanelColors>
            </panelcolors>
          </ThemeSpaceGeneric>
        </space>
        <space_list>
          <ThemeSpaceListGeneric list="#aaa8a6"
                                 list_title="#676767"
                                 list_text="#222222"
                                 list_text_hi="#ffffff">
          </ThemeSpaceListGeneric>
        </space_list>
      </ThemeGraphEditor>
    </graph_editor>
    <file_browser>
      <ThemeFileBrowser selected_file="#4e88bd">
        <space>
          <ThemeSpaceGeneric back="#a5a3a3"
                             title="#1300aa"
                             text="#222222"
                             text_hi="#ebebeb"
                             header="#6c7285ff"
                             header_text="#a7a7a7"
                             header_text_hi="#b8b8b8"
                             button="#a7a2a4ff"
                             button_title="#1b1b1b"
                             button_text="#144b00"
                             button_text_hi="#898c92"
                             navigation_bar="#00000023"
                             tab_active="#928a8a"
                             tab_inactive="#a5a5a5"
                             tab_back="#86898dff"
                             tab_outline="#d1cccb">
            <panelcolors>
              <ThemePanelColors header="#0000000c"
                                back="#9090907e"
                                sub_back="#0000003e">
              </ThemePanelColors>
            </panelcolors>
          </ThemeSpaceGeneric>
        </space>
      </ThemeFileBrowser>
    </file_browser>
    <nla_editor>
      <ThemeNLAEditor grid="#918d8c"
                      view_sliders="#b5b5b5"
                      active_action="#ffefb400"
                      active_action_unset="#aecab245"
                      preview_range="#b1520066"
                      strips="#5a8a59"
                      strips_selected="#61ae7d"
                      transition_strips="#b67aff"
                      transition_strips_selected="#bd2cff"
                      meta_strips="#00880e"
                      meta_strips_selected="#78b463"
                      sound_strips="#b2aa8f"
                      sound_strips_selected="#a59c61"
                      tweak="#1800ff"
                      tweak_duplicate="#6258ba"
                      keyframe_border="#e7eaa7ff"
                      keyframe_border_selected="#ffffffff"
                      frame_current="#a71100">
        <space>
          <ThemeSpaceGeneric back="#aca8a7"
                             title="#000000"
                             text="#000000"
                             text_hi="#ffffff"
                             header="#aca8a7ff"
                             header_text="#a3a3a3"
                             header_text_hi="#cccccc"
                             button="#aca8a7ff"
                             button_title="#000000"
                             button_text="#000000"
                             button_text_hi="#ffffff"
                             navigation_bar="#00000000"
                             tab_active="#aca8a7"
                             tab_inactive="#bfbfbf"
                             tab_back="#bfbfbfff"
                             tab_outline="#ded8d7">
            <panelcolors>
              <ThemePanelColors header="#00000000"
                                back="#72727200"
                                sub_back="#0000003e">
              </ThemePanelColors>
            </panelcolors>
          </ThemeSpaceGeneric>
        </space>
        <space_list>
          <ThemeSpaceListGeneric list="#aca8a7"
                                 list_title="#000000"
                                 list_text="#000000"
                                 list_text_hi="#000000">
          </ThemeSpaceListGeneric>
        </space_list>
      </ThemeNLAEditor>
    </nla_editor>
    <dopesheet_editor>
      <ThemeDopeSheet grid="#7f7f7f"
                      frame_current="#902119"
                      value_sliders="#141414"
                      view_sliders="#4c4c4c"
                      dopesheet_channel="#9baeb924"
                      dopesheet_subchannel="#aaa8a624"
                      channels="#9baeb9ff"
                      channels_selected="#a0e7d944"
                      channel_group="#8a9dac37"
                      active_channels_group="#95adc155"
                      long_key="#00000080"
                      long_key_selected="#fffd00cc"
                      keyframe="#bfd39d"
                      keyframe_selected="#800000"
                      keyframe_extreme="#e8b3cc"
                      keyframe_extreme_selected="#f28080"
                      keyframe_breakdown="#b3dbe8"
                      keyframe_breakdown_selected="#54bfed"
                      keyframe_jitter="#ace493"
                      keyframe_jitter_selected="#61c042"
                      keyframe_movehold="#5c5656"
                      keyframe_movehold_selected="#ffaf23"
                      keyframe_border="#000000ff"
                      keyframe_border_selected="#000000ff"
                      keyframe_scale_factor="1"
                      summary="#afa99ab8"
                      preview_range="#a14d0066"
                      interpolation_line="#94e575cc">
        <space>
          <ThemeSpaceGeneric back="#aca8a7"
                             title="#ffffff"
                             text="#222222"
                             text_hi="#ffffff"
                             header="#aca8a7ff"
                             header_text="#000000"
                             header_text_hi="#ffffff"
                             button="#aca8a7ff"
                             button_title="#000000"
                             button_text="#111111"
                             button_text_hi="#a3a3a3"
                             navigation_bar="#00000000"
                             tab_active="#aca8a7"
                             tab_inactive="#bfbfbf"
                             tab_back="#bfbfbfff"
                             tab_outline="#d1cccb">
            <panelcolors>
              <ThemePanelColors header="#00000004"
                                back="#72727280"
                                sub_back="#0000003e">
              </ThemePanelColors>
            </panelcolors>
          </ThemeSpaceGeneric>
        </space>
        <space_list>
          <ThemeSpaceListGeneric list="#aaa8a6"
                                 list_title="#cccccc"
                                 list_text="#131313"
                                 list_text_hi="#ffffff">
          </ThemeSpaceListGeneric>
        </space_list>
      </ThemeDopeSheet>
    </dopesheet_editor>
    <image_editor>
      <ThemeImageEditor gp_vertex="#000000"
                        gp_vertex_select="#ff8500"
                        gp_vertex_size="3"
                        vertex="#000afa"
                        vertex_select="#a00200"
                        vertex_size="5"
                        vertex_bevel="#000000"
                        vertex_unreferenced="#000000"
                        face="#00000032"
                        face_select="#ff00004b"
                        face_dot="#ffffff"
                        facedot_size="2"
                        freestyle_face_mark="#00000000"
                        editmesh_active="#00ff7580"
                        wire_edit="#d3d600"
                        edge_select="#ffe800"
                        scope_back="#aca8a7ff"
                        preview_stitch_face="#3639ae26"
                        preview_stitch_edge="#ff8500b2"
                        preview_stitch_vert="#ff85007f"
                        preview_stitch_stitchable="#00ff00ff"
                        preview_stitch_unstitchable="#ff0000ff"
                        preview_stitch_active="#e1d2c323"
                        uv_shadow="#707070ff"
                        uv_others="#ffe8a4ff"
                        frame_current="#60c040"
                        metadatabg="#000000"
                        metadatatext="#ffffff"
                        handle_free="#000000"
                        handle_auto="#909000"
                        handle_align="#803060"
                        handle_sel_free="#000000"
                        handle_sel_auto="#f0ff40"
                        handle_sel_align="#f090a0"
                        handle_auto_clamped="#000000"
                        handle_sel_auto_clamped="#000000"
                        handle_vertex="#000000"
                        handle_vertex_select="#ffff00"
                        handle_vertex_size="5"
                        paint_curve_handle="#7fff7f7f"
                        paint_curve_pivot="#ff7f7f7f">
        <space>
          <ThemeSpaceGeneric back="#aca8a7"
                             title="#000000"
                             text="#ffffff"
                             text_hi="#ffffff"
                             header="#aca8a7ff"
                             header_text="#000000"
                             header_text_hi="#ffffff"
                             button="#aca8a7ff"
                             button_title="#383838"
                             button_text="#222222"
                             button_text_hi="#ffffff"
                             navigation_bar="#00000000"
                             tab_active="#aca8a7"
                             tab_inactive="#bfbfbf"
                             tab_back="#bfbfbfff"
                             tab_outline="#d1cccb">
            <panelcolors>
              <ThemePanelColors header="#00000004"
                                back="#72727280"
                                sub_back="#0000003e">
              </ThemePanelColors>
            </panelcolors>
          </ThemeSpaceGeneric>
        </space>
      </ThemeImageEditor>
    </image_editor>
    <sequence_editor>
      <ThemeSequenceEditor gp_vertex="#000000"
                           gp_vertex_select="#ff8500"
                           gp_vertex_size="3"
                           grid="#afafaf"
                           window_sliders="#777777"
                           movie_strip="#87a4c3"
                           movieclip_strip="#95add0"
                           image_strip="#c99ac0"
                           scene_strip="#91b1a0"
                           audio_strip="#e0d2a0"
                           effect_strip="#be8c76"
                           transition_strip="#d9777a"
                           meta_strip="#91918d"
                           text_strip="#a29700"
                           frame_current="#a3ff96"
                           keyframe="#ffeb89"
                           draw_action="#50c8ff"
                           preview_back="#000000"
                           metadatabg="#000000"
                           metadatatext="#ffffff">
        <space>
          <ThemeSpaceGeneric back="#aca8a7"
                             title="#000000"
                             text="#333333"
                             text_hi="#ffffff"
                             header="#aca8a7ff"
                             header_text="#a3a3a3"
                             header_text_hi="#ffffff"
                             button="#aca8a7ff"
                             button_title="#111111"
                             button_text="#111111"
                             button_text_hi="#ffffff"
                             navigation_bar="#00000000"
                             tab_active="#aca8a7"
                             tab_inactive="#bfbfbf"
                             tab_back="#bfbfbfff"
                             tab_outline="#d1cccb">
            <panelcolors>
              <ThemePanelColors header="#00000004"
                                back="#72727280"
                                sub_back="#0000003e">
              </ThemePanelColors>
            </panelcolors>
          </ThemeSpaceGeneric>
        </space>
      </ThemeSequenceEditor>
    </sequence_editor>
    <properties>
      <ThemeProperties>
        <space>
          <ThemeSpaceGeneric back="#a5a5a5"
                             title="#222222"
                             text="#222222"
                             text_hi="#ffffff"
                             header="#969696ff"
                             header_text="#222222"
                             header_text_hi="#000000"
                             button="#79767aff"
                             button_title="#4a4a4a"
                             button_text="#222222"
                             button_text_hi="#ffffff"
                             navigation_bar="#395868ff"
                             tab_active="#acacac"
                             tab_inactive="#888888"
                             tab_back="#919191ff"
                             tab_outline="#918f8e">
            <panelcolors>
              <ThemePanelColors header="#00000014"
                                back="#72727280"
                                sub_back="#00000024">
              </ThemePanelColors>
            </panelcolors>
          </ThemeSpaceGeneric>
        </space>
      </ThemeProperties>
    </properties>
    <text_editor>
      <ThemeTextEditor line_numbers_background="#a3a3a3"
                       selected_text="#f1e593"
                       cursor="#54da70"
                       syntax_builtin="#3162b2"
                       syntax_symbols="#4c4c4c"
                       syntax_special="#ca0c97"
                       syntax_preprocessor="#32008c"
                       syntax_reserved="#8c3c00"
                       syntax_comment="#535353"
                       syntax_string="#c31736"
                       syntax_numbers="#b62440">
        <space>
          <ThemeSpaceGeneric back="#aca8a7"
                             title="#000000"
                             text="#222222"
                             text_hi="#ffffff"
                             header="#aca8a700"
                             header_text="#000000"
                             header_text_hi="#ffffff"
                             button="#aca8a7ff"
                             button_title="#222222"
                             button_text="#333333"
                             button_text_hi="#ffffff"
                             navigation_bar="#00000000"
                             tab_active="#aca8a7"
                             tab_inactive="#bfbfbf"
                             tab_back="#bfbfbfff"
                             tab_outline="#d1cccb">
            <panelcolors>
              <ThemePanelColors header="#00000004"
                                back="#72727280"
                                sub_back="#0000003e">
              </ThemePanelColors>
            </panelcolors>
          </ThemeSpaceGeneric>
        </space>
      </ThemeTextEditor>
    </text_editor>
    <node_editor>
      <ThemeNodeEditor gp_vertex="#000000"
                       gp_vertex_select="#ff8500"
                       gp_vertex_size="3"
                       node_selected="#ffffff"
                       node_active="#63ff00"
                       wire="#222222"
                       wire_inner="#727371"
                       wire_select="#ffffff"
                       selected_text="#ffffff"
                       node_backdrop="#d4d4d4ff"
                       converter_node="#56b68b"
                       color_node="#94b6a7"
                       group_node="#aca8a7"
                       group_socket_node="#79bef2"
                       frame_node="#d3cecdff"
                       matte_node="#79f2a0"
                       distor_node="#eef279"
                       noodle_curving="9"
                       input_node="#ee8513"
                       output_node="#ff8b00"
                       filter_node="#ff0000"
                       vector_node="#94b6a7"
                       texture_node="#ee7402"
                       shader_node="#94b6a7"
                       script_node="#f2b077"
                       pattern_node="#a67c49"
                       layout_node="#000000">
        <space>
          <ThemeSpaceGeneric back="#aca8a7"
                             title="#a3a3a3"
                             text="#222222"
                             text_hi="#ffffff"
                             header="#aca8a7ff"
                             header_text="#333333"
                             header_text_hi="#ffffff"
                             button="#aca8a7ff"
                             button_title="#222222"
                             button_text="#222222"
                             button_text_hi="#c5c5c5"
                             navigation_bar="#00000000"
                             tab_active="#aca8a7"
                             tab_inactive="#bfbfbf"
                             tab_back="#bfbfbfff"
                             tab_outline="#d1cccb">
            <panelcolors>
              <ThemePanelColors header="#00000004"
                                back="#72727280"
                                sub_back="#0000003e">
              </ThemePanelColors>
            </panelcolors>
          </ThemeSpaceGeneric>
        </space>
        <space_list>
          <ThemeSpaceListGeneric list="#4d4d4d"
                                 list_title="#383838"
                                 list_text="#676767"
                                 list_text_hi="#ffffff">
          </ThemeSpaceListGeneric>
        </space_list>
      </ThemeNodeEditor>
    </node_editor>
    <outliner>
      <ThemeOutliner match="#aff193"
                     selected_highlight="#98b5cf">
        <space>
          <ThemeSpaceGeneric back="#aca8a7"
                             title="#ffffff"
                             text="#000000"
                             text_hi="#ffffff"
                             header="#aca8a7ff"
                             header_text="#000000"
                             header_text_hi="#ffffff"
                             button="#aca8a7ff"
                             button_title="#0f0f0f"
                             button_text="#000000"
                             button_text_hi="#ffffff"
                             navigation_bar="#00000000"
                             tab_active="#aca8a7"
                             tab_inactive="#bfbfbf"
                             tab_back="#bfbfbfff"
                             tab_outline="#d1cccb">
            <panelcolors>
              <ThemePanelColors header="#00000004"
                                back="#72727280"
                                sub_back="#0000003e">
              </ThemePanelColors>
            </panelcolors>
          </ThemeSpaceGeneric>
        </space>
      </ThemeOutliner>
    </outliner>
    <info>
      <ThemeInfo info_selected="#6080ff"
                 info_selected_text="#ffffff"
                 info_error="#dc0000"
                 info_error_text="#000000"
                 info_warning="#dc8060"
                 info_warning_text="#000000"
                 info_info="#00aa00"
                 info_info_text="#000000"
                 info_debug="#c4c4c4"
                 info_debug_text="#000000">
        <space>
          <ThemeSpaceGeneric back="#aca8a7"
                             title="#000000"
                             text="#000000"
                             text_hi="#ffffff"
                             header="#aca8a7ff"
                             header_text="#000000"
                             header_text_hi="#ffffff"
                             button="#aca8a7ff"
                             button_title="#000000"
                             button_text="#000000"
                             button_text_hi="#ffffff"
                             navigation_bar="#00000000"
                             tab_active="#aca8a7"
                             tab_inactive="#bfbfbf"
                             tab_back="#bfbfbfff"
                             tab_outline="#d1cccb">
            <panelcolors>
              <ThemePanelColors header="#00000004"
                                back="#72727280"
                                sub_back="#0000003e">
              </ThemePanelColors>
            </panelcolors>
          </ThemeSpaceGeneric>
        </space>
      </ThemeInfo>
    </info>
    <user_preferences>
      <ThemeUserPreferences>
        <space>
          <ThemeSpaceGeneric back="#aca8a7"
                             title="#222222"
                             text="#222222"
                             text_hi="#ffffff"
                             header="#aca8a7ff"
                             header_text="#000000"
                             header_text_hi="#ffffff"
                             button="#aca8a7ff"
                             button_title="#000000"
                             button_text="#000000"
                             button_text_hi="#ffffff"
                             navigation_bar="#00000000"
                             tab_active="#aca8a7"
                             tab_inactive="#bfbfbf"
                             tab_back="#96969eff"
                             tab_outline="#d1cccb">
            <panelcolors>
              <ThemePanelColors header="#00000004"
                                back="#72727280"
                                sub_back="#0000003e">
              </ThemePanelColors>
            </panelcolors>
          </ThemeSpaceGeneric>
        </space>
      </ThemeUserPreferences>
    </user_preferences>
    <console>
      <ThemeConsole line_output="#6080ff"
                    line_input="#ffffff"
                    line_info="#00aa00"
                    line_error="#dc3a77"
                    cursor="#9cfcc8"
                    select="#ffffff30">
        <space>
          <ThemeSpaceGeneric back="#0c0c0c"
                             title="#000000"
                             text="#000000"
                             text_hi="#ffffff"
                             header="#aca8a7ff"
                             header_text="#000000"
                             header_text_hi="#ffffff"
                             button="#4d4d4dff"
                             button_title="#131313"
                             button_text="#131313"
                             button_text_hi="#ffffff"
                             navigation_bar="#00000000"
                             tab_active="#aca8a7"
                             tab_inactive="#bfbfbf"
                             tab_back="#bfbfbfff"
                             tab_outline="#d1cccb">
            <panelcolors>
              <ThemePanelColors header="#00000004"
                                back="#72727280"
                                sub_back="#0000003e">
              </ThemePanelColors>
            </panelcolors>
          </ThemeSpaceGeneric>
        </space>
      </ThemeConsole>
    </console>
    <clip_editor>
      <ThemeClipEditor gp_vertex="#000000"
                       gp_vertex_select="#000000"
                       gp_vertex_size="1"
                       marker_outline="#000000"
                       marker="#71cd7f"
                       active_marker="#ffffff"
                       selected_marker="#ff2f7a"
                       disabled_marker="#b54636"
                       locked_marker="#7f7f7f"
                       path_before="#22d8d1"
                       path_after="#5a7575"
                       frame_current="#f06868"
                       strips="#0c0a0a"
                       strips_selected="#ff8c00"
                       handle_free="#000000"
                       handle_auto="#909000"
                       handle_align="#803060"
                       handle_sel_free="#000000"
                       handle_sel_auto="#f0ff40"
                       handle_sel_align="#f090a0"
                       handle_auto_clamped="#000000"
                       handle_sel_auto_clamped="#000000"
                       handle_vertex="#000000"
                       handle_vertex_select="#ffff00"
                       handle_vertex_size="5">
        <space>
          <ThemeSpaceGeneric back="#aca8a7"
                             title="#1a1a1a"
                             text="#1a1a1a"
                             text_hi="#ffffff"
                             header="#aca8a7ff"
                             header_text="#000000"
                             header_text_hi="#ffffff"
                             button="#aca8a7ff"
                             button_title="#222222"
                             button_text="#222222"
                             button_text_hi="#ffffff"
                             navigation_bar="#00000000"
                             tab_active="#aca8a7"
                             tab_inactive="#bfbfbf"
                             tab_back="#bfbfbfff"
                             tab_outline="#d1cccb">
            <panelcolors>
              <ThemePanelColors header="#00000004"
                                back="#72727280"
                                sub_back="#0000003e">
              </ThemePanelColors>
            </panelcolors>
          </ThemeSpaceGeneric>
        </space>
        <space_list>
          <ThemeSpaceListGeneric list="#666666"
                                 list_title="#000000"
                                 list_text="#000000"
                                 list_text_hi="#ffffff">
          </ThemeSpaceListGeneric>
        </space_list>
      </ThemeClipEditor>
    </clip_editor>
    <topbar>
      <ThemeTopBar>
        <space>
          <ThemeSpaceGeneric back="#bfbfbe"
                             title="#ffffff"
                             text="#6e6e6e"
                             text_hi="#ffffff"
                             header="#777775ff"
                             header_text="#ffffff"
                             header_text_hi="#fafafa"
                             button="#213142ff"
                             button_title="#ffffff"
                             button_text="#c5c5c5"
                             button_text_hi="#ffffff"
                             navigation_bar="#00000000"
                             tab_active="#c2bfbf"
                             tab_inactive="#aba8a6"
                             tab_back="#888888ff"
                             tab_outline="#313131">
            <panelcolors>
              <ThemePanelColors header="#3d3d3dcc"
                                back="#383838b3"
                                sub_back="#0000003e">
              </ThemePanelColors>
            </panelcolors>
          </ThemeSpaceGeneric>
        </space>
      </ThemeTopBar>
    </topbar>
    <statusbar>
      <ThemeStatusBar>
        <space>
          <ThemeSpaceGeneric back="#2e2e2e"
                             title="#ffffff"
                             text="#adadad"
                             text_hi="#ffffff"
                             header="#303030ff"
                             header_text="#aaaaaa"
                             header_text_hi="#ffffff"
                             button="#353535ff"
                             button_title="#000000"
                             button_text="#000000"
                             button_text_hi="#ffffff"
                             navigation_bar="#00000000"
                             tab_active="#4b4b4b"
                             tab_inactive="#2b2b2b"
                             tab_back="#232323ff"
                             tab_outline="#232323">
            <panelcolors>
              <ThemePanelColors header="#424242cc"
                                back="#333333b3"
                                sub_back="#0000003e">
              </ThemePanelColors>
            </panelcolors>
          </ThemeSpaceGeneric>
        </space>
      </ThemeStatusBar>
    </statusbar>
    <bone_color_sets>
      <ThemeBoneColorSet normal="#9a0000"
                         select="#bd1111"
                         active="#f70a0a"
                         show_colored_constraints="FALSE">
      </ThemeBoneColorSet>
      <ThemeBoneColorSet normal="#f74018"
                         select="#f66913"
                         active="#fa9900"
                         show_colored_constraints="FALSE">
      </ThemeBoneColorSet>
      <ThemeBoneColorSet normal="#1e9109"
                         select="#59b70b"
                         active="#83ef1d"
                         show_colored_constraints="FALSE">
      </ThemeBoneColorSet>
      <ThemeBoneColorSet normal="#0a3694"
                         select="#3667df"
                         active="#5ec1ef"
                         show_colored_constraints="FALSE">
      </ThemeBoneColorSet>
      <ThemeBoneColorSet normal="#a9294e"
                         select="#c1416a"
                         active="#f05d91"
                         show_colored_constraints="FALSE">
      </ThemeBoneColorSet>
      <ThemeBoneColorSet normal="#430c78"
                         select="#543aa3"
                         active="#8764d5"
                         show_colored_constraints="FALSE">
      </ThemeBoneColorSet>
      <ThemeBoneColorSet normal="#24785a"
                         select="#3c9579"
                         active="#6fb6ab"
                         show_colored_constraints="FALSE">
      </ThemeBoneColorSet>
      <ThemeBoneColorSet normal="#4b707c"
                         select="#6a8691"
                         active="#9bc2cd"
                         show_colored_constraints="FALSE">
      </ThemeBoneColorSet>
      <ThemeBoneColorSet normal="#f4c90c"
                         select="#eec236"
                         active="#f3ff00"
                         show_colored_constraints="FALSE">
      </ThemeBoneColorSet>
      <ThemeBoneColorSet normal="#1e2024"
                         select="#484c56"
                         active="#ffffff"
                         show_colored_constraints="FALSE">
      </ThemeBoneColorSet>
      <ThemeBoneColorSet normal="#6f2f6a"
                         select="#9845be"
                         active="#d330d6"
                         show_colored_constraints="FALSE">
      </ThemeBoneColorSet>
      <ThemeBoneColorSet normal="#6c8e22"
                         select="#7fb022"
                         active="#bbef5b"
                         show_colored_constraints="FALSE">
      </ThemeBoneColorSet>
      <ThemeBoneColorSet normal="#8d8d8d"
                         select="#b0b0b0"
                         active="#dedede"
                         show_colored_constraints="FALSE">
      </ThemeBoneColorSet>
      <ThemeBoneColorSet normal="#834326"
                         select="#8b5811"
                         active="#bd6a11"
                         show_colored_constraints="FALSE">
      </ThemeBoneColorSet>
      <ThemeBoneColorSet normal="#08310e"
                         select="#1c430b"
                         active="#34622b"
                         show_colored_constraints="FALSE">
      </ThemeBoneColorSet>
      <ThemeBoneColorSet normal="#000000"
                         select="#000000"
                         active="#000000"
                         show_colored_constraints="FALSE">
      </ThemeBoneColorSet>
      <ThemeBoneColorSet normal="#000000"
                         select="#000000"
                         active="#000000"
                         show_colored_constraints="FALSE">
      </ThemeBoneColorSet>
      <ThemeBoneColorSet normal="#000000"
                         select="#000000"
                         active="#000000"
                         show_colored_constraints="FALSE">
      </ThemeBoneColorSet>
      <ThemeBoneColorSet normal="#000000"
                         select="#000000"
                         active="#000000"
                         show_colored_constraints="FALSE">
      </ThemeBoneColorSet>
      <ThemeBoneColorSet normal="#000000"
                         select="#000000"
                         active="#000000"
                         show_colored_constraints="FALSE">
      </ThemeBoneColorSet>
    </bone_color_sets>
  </Theme>
  <ThemeStyle>
    <panel_title>
      <ThemeFontStyle points="12"
                      font_kerning_style="FITTED"
                      shadow="2"
                      shadow_offset_x="0"
                      shadow_offset_y="-1"
                      shadow_alpha="0.15"
                      shadow_value="1">
      </ThemeFontStyle>
    </panel_title>
    <widget_label>
      <ThemeFontStyle points="11"
                      font_kerning_style="UNFITTED"
                      shadow="3"
                      shadow_offset_x="0"
                      shadow_offset_y="-1"
                      shadow_alpha="0.15"
                      shadow_value="1">
      </ThemeFontStyle>
    </widget_label>
    <widget>
      <ThemeFontStyle points="11"
                      font_kerning_style="UNFITTED"
                      shadow="0"
                      shadow_offset_x="0"
                      shadow_offset_y="0"
                      shadow_alpha="0.25"
                      shadow_value="0">
      </ThemeFontStyle>
    </widget>
  </ThemeStyle>
</bpy>
